<?xml version='1.0' encoding='UTF-8'?>
<gpx xmlns="http://www.topografix.com/GPX/1/1" version="1.1" creator="merge.py"><trk><name>day1-conca-asinau</name><trkseg><trkpt lat="41.734780" lon="9.333997"><ele>253.8</ele></trkpt>
      <trkpt lat="41.735007" lon="9.333786"><ele>257.4</ele></trkpt>
      <trkpt lat="41.735099" lon="9.333685"><ele>259.2</ele></trkpt>
      <trkpt lat="41.735449" lon="9.333219"><ele>265.9</ele></trkpt>
      <trkpt lat="41.735749" lon="9.332790"><ele>272.8</ele></trkpt>
      <trkpt lat="41.736002" lon="9.332369"><ele>279.3</ele></trkpt>
      <trkpt lat="41.736115" lon="9.332141"><ele>282.1</ele></trkpt>
      <trkpt lat="41.736122" lon="9.332097"><ele>282.4</ele></trkpt>
      <trkpt lat="41.736092" lon="9.332009"><ele>282.4</ele></trkpt>
      <trkpt lat="41.735982" lon="9.331845"><ele>281.9</ele></trkpt>
      <trkpt lat="41.735917" lon="9.331741"><ele>281.8</ele></trkpt>
      <trkpt lat="41.735898" lon="9.331680"><ele>282.0</ele></trkpt>
      <trkpt lat="41.735920" lon="9.331641"><ele>282.5</ele></trkpt>
      <trkpt lat="41.735963" lon="9.331649"><ele>282.9</ele></trkpt>
      <trkpt lat="41.736125" lon="9.331797"><ele>283.9</ele></trkpt>
      <trkpt lat="41.736227" lon="9.331812"><ele>285.1</ele></trkpt>
      <trkpt lat="41.736315" lon="9.331777"><ele>286.5</ele></trkpt>
      <trkpt lat="41.736408" lon="9.331726"><ele>288.1</ele></trkpt>
      <trkpt lat="41.736489" lon="9.331731"><ele>289.3</ele></trkpt>
      <trkpt lat="41.736547" lon="9.331780"><ele>289.9</ele></trkpt>
      <trkpt lat="41.736562" lon="9.331854"><ele>289.7</ele></trkpt>
      <trkpt lat="41.736550" lon="9.331968"><ele>288.9</ele></trkpt>
      <trkpt lat="41.736514" lon="9.332171"><ele>287.3</ele></trkpt>
      <trkpt lat="41.736524" lon="9.332238"><ele>287.1</ele></trkpt>
      <trkpt lat="41.736553" lon="9.332290"><ele>287.2</ele></trkpt>
      <trkpt lat="41.736602" lon="9.332351"><ele>287.7</ele></trkpt>
      <trkpt lat="41.736899" lon="9.332553"><ele>291.6</ele></trkpt>
      <trkpt lat="41.737078" lon="9.332730"><ele>294.0</ele></trkpt>
      <trkpt lat="41.737214" lon="9.332957"><ele>294.9</ele></trkpt>
      <trkpt lat="41.737301" lon="9.333072"><ele>295.3</ele></trkpt>
      <trkpt lat="41.737380" lon="9.333113"><ele>296.0</ele></trkpt>
      <trkpt lat="41.737558" lon="9.333119"><ele>298.4</ele></trkpt>
      <trkpt lat="41.737794" lon="9.333067"><ele>302.2</ele></trkpt>
      <trkpt lat="41.737951" lon="9.332998"><ele>304.8</ele></trkpt>
      <trkpt lat="41.738064" lon="9.332916"><ele>306.9</ele></trkpt>
      <trkpt lat="41.738574" lon="9.332515"><ele>312.6</ele></trkpt>
      <trkpt lat="41.738864" lon="9.332198"><ele>317.2</ele></trkpt>
      <trkpt lat="41.739389" lon="9.331755"><ele>325.5</ele></trkpt>
      <trkpt lat="41.739445" lon="9.331693"><ele>326.6</ele></trkpt>
      <trkpt lat="41.739471" lon="9.331621"><ele>327.8</ele></trkpt>
      <trkpt lat="41.739453" lon="9.331551"><ele>328.8</ele></trkpt>
      <trkpt lat="41.739372" lon="9.331369"><ele>331.0</ele></trkpt>
      <trkpt lat="41.739347" lon="9.331251"><ele>332.7</ele></trkpt>
      <trkpt lat="41.739356" lon="9.331123"><ele>334.6</ele></trkpt>
      <trkpt lat="41.739397" lon="9.330893"><ele>338.2</ele></trkpt>
      <trkpt lat="41.739423" lon="9.330770"><ele>340.2</ele></trkpt>
      <trkpt lat="41.739492" lon="9.330461"><ele>345.6</ele></trkpt>
      <trkpt lat="41.739559" lon="9.330300"><ele>349.0</ele></trkpt>
      <trkpt lat="41.739620" lon="9.330235"><ele>351.0</ele></trkpt>
      <trkpt lat="41.739683" lon="9.330203"><ele>352.5</ele></trkpt>
      <trkpt lat="41.739802" lon="9.330236"><ele>353.5</ele></trkpt>
      <trkpt lat="41.739885" lon="9.330259"><ele>354.1</ele></trkpt>
      <trkpt lat="41.739950" lon="9.330295"><ele>354.3</ele></trkpt>
      <trkpt lat="41.740021" lon="9.330334"><ele>354.6</ele></trkpt>
      <trkpt lat="41.740074" lon="9.330332"><ele>355.4</ele></trkpt>
      <trkpt lat="41.740128" lon="9.330307"><ele>356.6</ele></trkpt>
      <trkpt lat="41.740266" lon="9.330218"><ele>360.3</ele></trkpt>
      <trkpt lat="41.740330" lon="9.330203"><ele>361.5</ele></trkpt>
      <trkpt lat="41.740514" lon="9.330169"><ele>364.6</ele></trkpt>
      <trkpt lat="41.740602" lon="9.330128"><ele>366.3</ele></trkpt>
      <trkpt lat="41.741081" lon="9.329923"><ele>376.2</ele></trkpt>
      <trkpt lat="41.741126" lon="9.329870"><ele>378.1</ele></trkpt>
      <trkpt lat="41.741155" lon="9.329807"><ele>379.9</ele></trkpt>
      <trkpt lat="41.741288" lon="9.329786"><ele>381.0</ele></trkpt>
      <trkpt lat="41.741410" lon="9.329865"><ele>378.4</ele></trkpt>
      <trkpt lat="41.741520" lon="9.329838"><ele>378.6</ele></trkpt>
      <trkpt lat="41.741540" lon="9.329805"><ele>379.4</ele></trkpt>
      <trkpt lat="41.741596" lon="9.329804"><ele>378.0</ele></trkpt>
      <trkpt lat="41.741660" lon="9.329843"><ele>375.9</ele></trkpt>
      <trkpt lat="41.741823" lon="9.329780"><ele>379.4</ele></trkpt>
      <trkpt lat="41.742256" lon="9.329630"><ele>394.0</ele></trkpt>
      <trkpt lat="41.742491" lon="9.329603"><ele>402.2</ele></trkpt>
      <trkpt lat="41.742503" lon="9.329696"><ele>404.4</ele></trkpt>
      <trkpt lat="41.742606" lon="9.329793"><ele>409.5</ele></trkpt>
      <trkpt lat="41.742701" lon="9.329691"><ele>412.1</ele></trkpt>
      <trkpt lat="41.742778" lon="9.329676"><ele>415.0</ele></trkpt>
      <trkpt lat="41.742773" lon="9.329777"><ele>415.7</ele></trkpt>
      <trkpt lat="41.742804" lon="9.329849"><ele>417.4</ele></trkpt>
      <trkpt lat="41.742922" lon="9.329852"><ele>421.6</ele></trkpt>
      <trkpt lat="41.743139" lon="9.329682"><ele>428.1</ele></trkpt>
      <trkpt lat="41.743189" lon="9.329697"><ele>430.0</ele></trkpt>
      <trkpt lat="41.743321" lon="9.329601"><ele>434.5</ele></trkpt>
      <trkpt lat="41.743506" lon="9.329336"><ele>440.4</ele></trkpt>
      <trkpt lat="41.743665" lon="9.329202"><ele>445.8</ele></trkpt>
      <trkpt lat="41.743914" lon="9.329100"><ele>456.8</ele></trkpt>
      <trkpt lat="41.744050" lon="9.328980"><ele>462.8</ele></trkpt>
      <trkpt lat="41.744258" lon="9.328822"><ele>472.6</ele></trkpt>
      <trkpt lat="41.744266" lon="9.328776"><ele>472.7</ele></trkpt>
      <trkpt lat="41.744366" lon="9.328613"><ele>476.3</ele></trkpt>
      <trkpt lat="41.744571" lon="9.328050"><ele>483.6</ele></trkpt>
      <trkpt lat="41.744638" lon="9.327839"><ele>483.0</ele></trkpt>
      <trkpt lat="41.744670" lon="9.327754"><ele>482.1</ele></trkpt>
      <trkpt lat="41.744714" lon="9.327783"><ele>485.1</ele></trkpt>
      <trkpt lat="41.744709" lon="9.327954"><ele>488.8</ele></trkpt>
      <trkpt lat="41.744814" lon="9.328041"><ele>493.5</ele></trkpt>
      <trkpt lat="41.744997" lon="9.327854"><ele>499.0</ele></trkpt>
      <trkpt lat="41.745259" lon="9.327716"><ele>507.5</ele></trkpt>
      <trkpt lat="41.745409" lon="9.327591"><ele>512.0</ele></trkpt>
      <trkpt lat="41.745523" lon="9.327434"><ele>515.6</ele></trkpt>
      <trkpt lat="41.745628" lon="9.327412"><ele>519.6</ele></trkpt>
      <trkpt lat="41.745740" lon="9.327174"><ele>525.4</ele></trkpt>
      <trkpt lat="41.745815" lon="9.326980"><ele>529.8</ele></trkpt>
      <trkpt lat="41.745869" lon="9.327083"><ele>531.7</ele></trkpt>
      <trkpt lat="41.745947" lon="9.326971"><ele>536.0</ele></trkpt>
      <trkpt lat="41.746000" lon="9.326839"><ele>540.1</ele></trkpt>
      <trkpt lat="41.746060" lon="9.326795"><ele>543.5</ele></trkpt>
      <trkpt lat="41.746211" lon="9.326563"><ele>552.9</ele></trkpt>
      <trkpt lat="41.746231" lon="9.326370"><ele>556.8</ele></trkpt>
      <trkpt lat="41.746275" lon="9.326346"><ele>559.2</ele></trkpt>
      <trkpt lat="41.746309" lon="9.326353"><ele>560.6</ele></trkpt>
      <trkpt lat="41.746345" lon="9.326491"><ele>559.9</ele></trkpt>
      <trkpt lat="41.746391" lon="9.326513"><ele>561.6</ele></trkpt>
      <trkpt lat="41.746435" lon="9.326463"><ele>564.1</ele></trkpt>
      <trkpt lat="41.746494" lon="9.326604"><ele>564.6</ele></trkpt>
      <trkpt lat="41.746679" lon="9.326169"><ele>576.4</ele></trkpt>
      <trkpt lat="41.746665" lon="9.326101"><ele>576.8</ele></trkpt>
      <trkpt lat="41.746775" lon="9.326105"><ele>579.4</ele></trkpt>
      <trkpt lat="41.746801" lon="9.326089"><ele>580.1</ele></trkpt>
      <trkpt lat="41.746807" lon="9.325993"><ele>581.4</ele></trkpt>
      <trkpt lat="41.746913" lon="9.326039"><ele>582.4</ele></trkpt>
      <trkpt lat="41.746932" lon="9.325964"><ele>583.5</ele></trkpt>
      <trkpt lat="41.746908" lon="9.325889"><ele>584.3</ele></trkpt>
      <trkpt lat="41.746929" lon="9.325858"><ele>584.9</ele></trkpt>
      <trkpt lat="41.747185" lon="9.325965"><ele>583.7</ele></trkpt>
      <trkpt lat="41.747356" lon="9.326048"><ele>581.2</ele></trkpt>
      <trkpt lat="41.747579" lon="9.326005"><ele>577.8</ele></trkpt>
      <trkpt lat="41.747687" lon="9.325952"><ele>575.6</ele></trkpt>
      <trkpt lat="41.747765" lon="9.325826"><ele>574.6</ele></trkpt>
      <trkpt lat="41.747804" lon="9.325841"><ele>573.2</ele></trkpt>
      <trkpt lat="41.747965" lon="9.325627"><ele>570.8</ele></trkpt>
      <trkpt lat="41.747986" lon="9.325329"><ele>574.9</ele></trkpt>
      <trkpt lat="41.748103" lon="9.325192"><ele>573.4</ele></trkpt>
      <trkpt lat="41.748197" lon="9.325164"><ele>570.7</ele></trkpt>
      <trkpt lat="41.748331" lon="9.324991"><ele>569.0</ele></trkpt>
      <trkpt lat="41.748480" lon="9.324867"><ele>565.6</ele></trkpt>
      <trkpt lat="41.748669" lon="9.324514"><ele>563.2</ele></trkpt>
      <trkpt lat="41.748676" lon="9.324406"><ele>564.2</ele></trkpt>
      <trkpt lat="41.748652" lon="9.324290"><ele>566.5</ele></trkpt>
      <trkpt lat="41.748652" lon="9.324093"><ele>568.4</ele></trkpt>
      <trkpt lat="41.748579" lon="9.323901"><ele>573.5</ele></trkpt>
      <trkpt lat="41.748579" lon="9.323824"><ele>574.2</ele></trkpt>
      <trkpt lat="41.748532" lon="9.323681"><ele>577.8</ele></trkpt>
      <trkpt lat="41.748517" lon="9.323452"><ele>581.4</ele></trkpt>
      <trkpt lat="41.748474" lon="9.323338"><ele>584.6</ele></trkpt>
      <trkpt lat="41.748499" lon="9.323037"><ele>587.9</ele></trkpt>
      <trkpt lat="41.748543" lon="9.322783"><ele>589.4</ele></trkpt>
      <trkpt lat="41.748647" lon="9.322601"><ele>587.3</ele></trkpt>
      <trkpt lat="41.748765" lon="9.322458"><ele>583.4</ele></trkpt>
      <trkpt lat="41.748839" lon="9.322256"><ele>580.5</ele></trkpt>
      <trkpt lat="41.748848" lon="9.322138"><ele>580.1</ele></trkpt>
      <trkpt lat="41.748808" lon="9.322122"><ele>582.0</ele></trkpt>
      <trkpt lat="41.748808" lon="9.322038"><ele>581.9</ele></trkpt>
      <trkpt lat="41.748688" lon="9.321865"><ele>586.6</ele></trkpt>
      <trkpt lat="41.748640" lon="9.321736"><ele>588.1</ele></trkpt>
      <trkpt lat="41.748551" lon="9.321631"><ele>591.7</ele></trkpt>
      <trkpt lat="41.748462" lon="9.321425"><ele>595.7</ele></trkpt>
      <trkpt lat="41.748385" lon="9.320733"><ele>602.9</ele></trkpt>
      <trkpt lat="41.748816" lon="9.320468"><ele>581.7</ele></trkpt>
      <trkpt lat="41.748896" lon="9.320097"><ele>585.7</ele></trkpt>
      <trkpt lat="41.748948" lon="9.319978"><ele>586.6</ele></trkpt>
      <trkpt lat="41.748965" lon="9.319877"><ele>589.1</ele></trkpt>
      <trkpt lat="41.748879" lon="9.319667"><ele>600.3</ele></trkpt>
      <trkpt lat="41.748859" lon="9.319667"><ele>601.3</ele></trkpt>
      <trkpt lat="41.748849" lon="9.319729"><ele>599.6</ele></trkpt>
      <trkpt lat="41.748807" lon="9.319644"><ele>604.6</ele></trkpt>
      <trkpt lat="41.748784" lon="9.319719"><ele>603.1</ele></trkpt>
      <trkpt lat="41.748757" lon="9.319721"><ele>604.4</ele></trkpt>
      <trkpt lat="41.748682" lon="9.319429"><ele>618.5</ele></trkpt>
      <trkpt lat="41.748707" lon="9.319245"><ele>624.2</ele></trkpt>
      <trkpt lat="41.748770" lon="9.319223"><ele>622.2</ele></trkpt>
      <trkpt lat="41.748854" lon="9.319071"><ele>624.6</ele></trkpt>
      <trkpt lat="41.749070" lon="9.318959"><ele>620.3</ele></trkpt>
      <trkpt lat="41.749271" lon="9.318872"><ele>616.9</ele></trkpt>
      <trkpt lat="41.749315" lon="9.318727"><ele>621.8</ele></trkpt>
      <trkpt lat="41.749375" lon="9.318673"><ele>621.9</ele></trkpt>
      <trkpt lat="41.749573" lon="9.318627"><ele>616.4</ele></trkpt>
      <trkpt lat="41.749703" lon="9.318636"><ele>611.7</ele></trkpt>
      <trkpt lat="41.749892" lon="9.318597"><ele>606.8</ele></trkpt>
      <trkpt lat="41.749989" lon="9.318435"><ele>608.9</ele></trkpt>
      <trkpt lat="41.750090" lon="9.318320"><ele>608.1</ele></trkpt>
      <trkpt lat="41.750125" lon="9.318073"><ele>611.8</ele></trkpt>
      <trkpt lat="41.750084" lon="9.317704"><ele>618.6</ele></trkpt>
      <trkpt lat="41.750038" lon="9.317647"><ele>621.8</ele></trkpt>
      <trkpt lat="41.750031" lon="9.317349"><ele>624.6</ele></trkpt>
      <trkpt lat="41.750074" lon="9.317166"><ele>623.7</ele></trkpt>
      <trkpt lat="41.750148" lon="9.317088"><ele>620.1</ele></trkpt>
      <trkpt lat="41.750234" lon="9.317081"><ele>615.0</ele></trkpt>
      <trkpt lat="41.750303" lon="9.317002"><ele>612.2</ele></trkpt>
      <trkpt lat="41.750304" lon="9.316809"><ele>615.6</ele></trkpt>
      <trkpt lat="41.750347" lon="9.316751"><ele>614.2</ele></trkpt>
      <trkpt lat="41.750370" lon="9.316668"><ele>614.5</ele></trkpt>
      <trkpt lat="41.750337" lon="9.316518"><ele>619.4</ele></trkpt>
      <trkpt lat="41.750251" lon="9.316234"><ele>630.0</ele></trkpt>
      <trkpt lat="41.750038" lon="9.315976"><ele>649.6</ele></trkpt>
      <trkpt lat="41.750015" lon="9.315913"><ele>652.7</ele></trkpt>
      <trkpt lat="41.750028" lon="9.315841"><ele>653.5</ele></trkpt>
      <trkpt lat="41.750332" lon="9.315598"><ele>639.6</ele></trkpt>
      <trkpt lat="41.750414" lon="9.315552"><ele>635.8</ele></trkpt>
      <trkpt lat="41.750501" lon="9.315345"><ele>636.7</ele></trkpt>
      <trkpt lat="41.750501" lon="9.315246"><ele>639.8</ele></trkpt>
      <trkpt lat="41.750560" lon="9.315074"><ele>642.6</ele></trkpt>
      <trkpt lat="41.750856" lon="9.314495"><ele>652.8</ele></trkpt>
      <trkpt lat="41.751067" lon="9.314298"><ele>658.4</ele></trkpt>
      <trkpt lat="41.751579" lon="9.314365"><ele>663.8</ele></trkpt>
      <trkpt lat="41.751716" lon="9.314399"><ele>668.6</ele></trkpt>
      <trkpt lat="41.752002" lon="9.314419"><ele>677.6</ele></trkpt>
      <trkpt lat="41.752270" lon="9.314885"><ele>662.8</ele></trkpt>
      <trkpt lat="41.752681" lon="9.315060"><ele>662.0</ele></trkpt>
      <trkpt lat="41.753014" lon="9.315254"><ele>652.9</ele></trkpt>
      <trkpt lat="41.753209" lon="9.315343"><ele>646.6</ele></trkpt>
      <trkpt lat="41.753520" lon="9.314848"><ele>655.6</ele></trkpt>
      <trkpt lat="41.753723" lon="9.314694"><ele>653.1</ele></trkpt>
      <trkpt lat="41.754013" lon="9.314518"><ele>645.4</ele></trkpt>
      <trkpt lat="41.754284" lon="9.314419"><ele>636.5</ele></trkpt>
      <trkpt lat="41.754368" lon="9.314183"><ele>639.8</ele></trkpt>
      <trkpt lat="41.754442" lon="9.314103"><ele>638.9</ele></trkpt>
      <trkpt lat="41.754518" lon="9.313731"><ele>646.2</ele></trkpt>
      <trkpt lat="41.754507" lon="9.313523"><ele>652.8</ele></trkpt>
      <trkpt lat="41.754576" lon="9.313462"><ele>652.1</ele></trkpt>
      <trkpt lat="41.754752" lon="9.313423"><ele>647.0</ele></trkpt>
      <trkpt lat="41.754882" lon="9.313457"><ele>641.5</ele></trkpt>
      <trkpt lat="41.755000" lon="9.313403"><ele>639.8</ele></trkpt>
      <trkpt lat="41.755276" lon="9.313386"><ele>634.4</ele></trkpt>
      <trkpt lat="41.755477" lon="9.313339"><ele>632.4</ele></trkpt>
      <trkpt lat="41.755599" lon="9.313257"><ele>633.1</ele></trkpt>
      <trkpt lat="41.755669" lon="9.313125"><ele>636.6</ele></trkpt>
      <trkpt lat="41.755729" lon="9.312912"><ele>643.6</ele></trkpt>
      <trkpt lat="41.755874" lon="9.312766"><ele>647.6</ele></trkpt>
      <trkpt lat="41.756108" lon="9.312765"><ele>645.7</ele></trkpt>
      <trkpt lat="41.756257" lon="9.312779"><ele>643.9</ele></trkpt>
      <trkpt lat="41.756460" lon="9.312676"><ele>646.6</ele></trkpt>
      <trkpt lat="41.756599" lon="9.312504"><ele>652.3</ele></trkpt>
      <trkpt lat="41.757066" lon="9.312326"><ele>653.9</ele></trkpt>
      <trkpt lat="41.757454" lon="9.312447"><ele>645.7</ele></trkpt>
      <trkpt lat="41.757578" lon="9.312411"><ele>644.2</ele></trkpt>
      <trkpt lat="41.757792" lon="9.312411"><ele>639.1</ele></trkpt>
      <trkpt lat="41.757931" lon="9.312357"><ele>636.0</ele></trkpt>
      <trkpt lat="41.758153" lon="9.312258"><ele>630.3</ele></trkpt>
      <trkpt lat="41.758230" lon="9.312086"><ele>630.3</ele></trkpt>
      <trkpt lat="41.758261" lon="9.311884"><ele>632.3</ele></trkpt>
      <trkpt lat="41.758414" lon="9.311474"><ele>634.8</ele></trkpt>
      <trkpt lat="41.758403" lon="9.311314"><ele>639.0</ele></trkpt>
      <trkpt lat="41.758469" lon="9.311097"><ele>643.3</ele></trkpt>
      <trkpt lat="41.758663" lon="9.311057"><ele>639.8</ele></trkpt>
      <trkpt lat="41.758831" lon="9.310875"><ele>640.6</ele></trkpt>
      <trkpt lat="41.758921" lon="9.310770"><ele>640.5</ele></trkpt>
      <trkpt lat="41.759186" lon="9.310634"><ele>631.8</ele></trkpt>
      <trkpt lat="41.759364" lon="9.310511"><ele>624.3</ele></trkpt>
      <trkpt lat="41.759462" lon="9.310465"><ele>619.9</ele></trkpt>
      <trkpt lat="41.759534" lon="9.310375"><ele>616.7</ele></trkpt>
      <trkpt lat="41.759559" lon="9.310319"><ele>615.6</ele></trkpt>
      <trkpt lat="41.759659" lon="9.310215"><ele>610.5</ele></trkpt>
      <trkpt lat="41.759701" lon="9.310139"><ele>608.3</ele></trkpt>
      <trkpt lat="41.759680" lon="9.310087"><ele>609.1</ele></trkpt>
      <trkpt lat="41.759595" lon="9.310093"><ele>613.4</ele></trkpt>
      <trkpt lat="41.759569" lon="9.310036"><ele>614.7</ele></trkpt>
      <trkpt lat="41.759560" lon="9.309855"><ele>614.9</ele></trkpt>
      <trkpt lat="41.759567" lon="9.309692"><ele>614.1</ele></trkpt>
      <trkpt lat="41.759662" lon="9.309822"><ele>609.1</ele></trkpt>
      <trkpt lat="41.759745" lon="9.309820"><ele>604.9</ele></trkpt>
      <trkpt lat="41.759766" lon="9.309622"><ele>603.4</ele></trkpt>
      <trkpt lat="41.759752" lon="9.309528"><ele>603.9</ele></trkpt>
      <trkpt lat="41.759889" lon="9.309721"><ele>598.2</ele></trkpt>
      <trkpt lat="41.759939" lon="9.309696"><ele>596.1</ele></trkpt>
      <trkpt lat="41.759928" lon="9.309489"><ele>596.0</ele></trkpt>
      <trkpt lat="41.759967" lon="9.309319"><ele>594.2</ele></trkpt>
      <trkpt lat="41.759930" lon="9.309257"><ele>595.6</ele></trkpt>
      <trkpt lat="41.760050" lon="9.308737"><ele>592.5</ele></trkpt>
      <trkpt lat="41.760054" lon="9.308523"><ele>592.8</ele></trkpt>
      <trkpt lat="41.760204" lon="9.308358"><ele>587.7</ele></trkpt>
      <trkpt lat="41.760288" lon="9.308074"><ele>586.0</ele></trkpt>
      <trkpt lat="41.760322" lon="9.307809"><ele>587.0</ele></trkpt>
      <trkpt lat="41.760515" lon="9.307906"><ele>582.4</ele></trkpt>
      <trkpt lat="41.760604" lon="9.307906"><ele>579.8</ele></trkpt>
      <trkpt lat="41.760741" lon="9.307793"><ele>577.9</ele></trkpt>
      <trkpt lat="41.760786" lon="9.307790"><ele>577.1</ele></trkpt>
      <trkpt lat="41.761004" lon="9.307565"><ele>574.3</ele></trkpt>
      <trkpt lat="41.761053" lon="9.307558"><ele>574.8</ele></trkpt>
      <trkpt lat="41.761115" lon="9.307589"><ele>576.0</ele></trkpt>
      <trkpt lat="41.761121" lon="9.307755"><ele>576.8</ele></trkpt>
      <trkpt lat="41.761082" lon="9.308100"><ele>579.3</ele></trkpt>
      <trkpt lat="41.761133" lon="9.308349"><ele>578.9</ele></trkpt>
      <trkpt lat="41.761255" lon="9.308445"><ele>577.8</ele></trkpt>
      <trkpt lat="41.761300" lon="9.308410"><ele>578.6</ele></trkpt>
      <trkpt lat="41.761325" lon="9.308268"><ele>580.6</ele></trkpt>
      <trkpt lat="41.761458" lon="9.307854"><ele>583.3</ele></trkpt>
      <trkpt lat="41.761558" lon="9.307426"><ele>582.0</ele></trkpt>
      <trkpt lat="41.761570" lon="9.307338"><ele>581.8</ele></trkpt>
      <trkpt lat="41.761618" lon="9.307206"><ele>581.9</ele></trkpt>
      <trkpt lat="41.761621" lon="9.307126"><ele>581.6</ele></trkpt>
      <trkpt lat="41.761626" lon="9.307003"><ele>581.1</ele></trkpt>
      <trkpt lat="41.761734" lon="9.307024"><ele>583.0</ele></trkpt>
      <trkpt lat="41.761805" lon="9.306988"><ele>584.0</ele></trkpt>
      <trkpt lat="41.762187" lon="9.307042"><ele>590.7</ele></trkpt>
      <trkpt lat="41.762332" lon="9.307105"><ele>593.7</ele></trkpt>
      <trkpt lat="41.762500" lon="9.307083"><ele>597.9</ele></trkpt>
      <trkpt lat="41.762555" lon="9.307014"><ele>599.5</ele></trkpt>
      <trkpt lat="41.762650" lon="9.307019"><ele>602.2</ele></trkpt>
      <trkpt lat="41.762842" lon="9.306878"><ele>607.6</ele></trkpt>
      <trkpt lat="41.763022" lon="9.306625"><ele>610.3</ele></trkpt>
      <trkpt lat="41.763486" lon="9.306324"><ele>618.3</ele></trkpt>
      <trkpt lat="41.764097" lon="9.305958"><ele>623.4</ele></trkpt>
      <trkpt lat="41.764359" lon="9.305737"><ele>622.6</ele></trkpt>
      <trkpt lat="41.764512" lon="9.305695"><ele>622.9</ele></trkpt>
      <trkpt lat="41.764886" lon="9.305497"><ele>622.4</ele></trkpt>
      <trkpt lat="41.765231" lon="9.305271"><ele>622.5</ele></trkpt>
      <trkpt lat="41.765391" lon="9.305088"><ele>621.6</ele></trkpt>
      <trkpt lat="41.765630" lon="9.304934"><ele>621.4</ele></trkpt>
      <trkpt lat="41.765762" lon="9.304896"><ele>621.1</ele></trkpt>
      <trkpt lat="41.766047" lon="9.304657"><ele>619.4</ele></trkpt>
      <trkpt lat="41.766200" lon="9.304539"><ele>618.8</ele></trkpt>
      <trkpt lat="41.766246" lon="9.304463"><ele>618.5</ele></trkpt>
      <trkpt lat="41.766293" lon="9.304317"><ele>618.5</ele></trkpt>
      <trkpt lat="41.766278" lon="9.304144"><ele>619.4</ele></trkpt>
      <trkpt lat="41.766097" lon="9.304094"><ele>620.1</ele></trkpt>
      <trkpt lat="41.765964" lon="9.304086"><ele>620.8</ele></trkpt>
      <trkpt lat="41.765990" lon="9.303977"><ele>621.6</ele></trkpt>
      <trkpt lat="41.765933" lon="9.303883"><ele>623.2</ele></trkpt>
      <trkpt lat="41.765967" lon="9.303775"><ele>624.4</ele></trkpt>
      <trkpt lat="41.765918" lon="9.303550"><ele>629.0</ele></trkpt>
      <trkpt lat="41.765906" lon="9.303305"><ele>634.0</ele></trkpt>
      <trkpt lat="41.765977" lon="9.303207"><ele>635.3</ele></trkpt>
      <trkpt lat="41.765968" lon="9.302952"><ele>641.3</ele></trkpt>
      <trkpt lat="41.765944" lon="9.302838"><ele>644.3</ele></trkpt>
      <trkpt lat="41.765984" lon="9.302768"><ele>645.9</ele></trkpt>
      <trkpt lat="41.765975" lon="9.302629"><ele>649.7</ele></trkpt>
      <trkpt lat="41.765864" lon="9.302452"><ele>654.7</ele></trkpt>
      <trkpt lat="41.765743" lon="9.302376"><ele>656.9</ele></trkpt>
      <trkpt lat="41.765663" lon="9.302257"><ele>659.9</ele></trkpt>
      <trkpt lat="41.765655" lon="9.302190"><ele>661.5</ele></trkpt>
      <trkpt lat="41.765584" lon="9.302160"><ele>662.3</ele></trkpt>
      <trkpt lat="41.765530" lon="9.302000"><ele>666.1</ele></trkpt>
      <trkpt lat="41.765301" lon="9.301608"><ele>675.4</ele></trkpt>
      <trkpt lat="41.765319" lon="9.301514"><ele>677.6</ele></trkpt>
      <trkpt lat="41.765383" lon="9.301457"><ele>679.0</ele></trkpt>
      <trkpt lat="41.765350" lon="9.301289"><ele>683.5</ele></trkpt>
      <trkpt lat="41.765347" lon="9.301073"><ele>689.5</ele></trkpt>
      <trkpt lat="41.765373" lon="9.301006"><ele>691.5</ele></trkpt>
      <trkpt lat="41.765336" lon="9.300959"><ele>692.6</ele></trkpt>
      <trkpt lat="41.765347" lon="9.300914"><ele>693.9</ele></trkpt>
      <trkpt lat="41.765304" lon="9.300800"><ele>696.7</ele></trkpt>
      <trkpt lat="41.765248" lon="9.300777"><ele>696.8</ele></trkpt>
      <trkpt lat="41.765146" lon="9.300636"><ele>699.0</ele></trkpt>
      <trkpt lat="41.765145" lon="9.300557"><ele>700.6</ele></trkpt>
      <trkpt lat="41.765255" lon="9.300475"><ele>704.1</ele></trkpt>
      <trkpt lat="41.765262" lon="9.300428"><ele>705.3</ele></trkpt>
      <trkpt lat="41.765409" lon="9.300222"><ele>713.2</ele></trkpt>
      <trkpt lat="41.765539" lon="9.300104"><ele>718.8</ele></trkpt>
      <trkpt lat="41.765669" lon="9.300049"><ele>722.4</ele></trkpt>
      <trkpt lat="41.765747" lon="9.300089"><ele>722.6</ele></trkpt>
      <trkpt lat="41.765819" lon="9.300048"><ele>724.8</ele></trkpt>
      <trkpt lat="41.765835" lon="9.300001"><ele>726.1</ele></trkpt>
      <trkpt lat="41.765959" lon="9.300016"><ele>727.2</ele></trkpt>
      <trkpt lat="41.766127" lon="9.299936"><ele>730.0</ele></trkpt>
      <trkpt lat="41.766244" lon="9.299960"><ele>730.4</ele></trkpt>
      <trkpt lat="41.766394" lon="9.299889"><ele>732.5</ele></trkpt>
      <trkpt lat="41.766749" lon="9.299872"><ele>734.5</ele></trkpt>
      <trkpt lat="41.766838" lon="9.299777"><ele>734.5</ele></trkpt>
      <trkpt lat="41.766925" lon="9.299594"><ele>733.4</ele></trkpt>
      <trkpt lat="41.767066" lon="9.299464"><ele>732.6</ele></trkpt>
      <trkpt lat="41.767212" lon="9.299463"><ele>732.2</ele></trkpt>
      <trkpt lat="41.767344" lon="9.299537"><ele>732.7</ele></trkpt>
      <trkpt lat="41.767490" lon="9.299527"><ele>733.0</ele></trkpt>
      <trkpt lat="41.767563" lon="9.299568"><ele>733.5</ele></trkpt>
      <trkpt lat="41.767680" lon="9.299594"><ele>734.2</ele></trkpt>
      <trkpt lat="41.767829" lon="9.299719"><ele>735.5</ele></trkpt>
      <trkpt lat="41.767914" lon="9.299848"><ele>736.0</ele></trkpt>
      <trkpt lat="41.768008" lon="9.300053"><ele>735.7</ele></trkpt>
      <trkpt lat="41.768101" lon="9.300131"><ele>736.3</ele></trkpt>
      <trkpt lat="41.768168" lon="9.300105"><ele>737.3</ele></trkpt>
      <trkpt lat="41.768270" lon="9.300106"><ele>738.5</ele></trkpt>
      <trkpt lat="41.768390" lon="9.300125"><ele>739.8</ele></trkpt>
      <trkpt lat="41.768666" lon="9.300012"><ele>745.3</ele></trkpt>
      <trkpt lat="41.768807" lon="9.299828"><ele>748.9</ele></trkpt>
      <trkpt lat="41.768881" lon="9.299697"><ele>750.7</ele></trkpt>
      <trkpt lat="41.768885" lon="9.299523"><ele>752.0</ele></trkpt>
      <trkpt lat="41.769036" lon="9.299377"><ele>754.8</ele></trkpt>
      <trkpt lat="41.769137" lon="9.299342"><ele>756.2</ele></trkpt>
      <trkpt lat="41.769204" lon="9.299217"><ele>758.1</ele></trkpt>
      <trkpt lat="41.769298" lon="9.299162"><ele>760.0</ele></trkpt>
      <trkpt lat="41.769371" lon="9.299043"><ele>762.4</ele></trkpt>
      <trkpt lat="41.769499" lon="9.298918"><ele>766.2</ele></trkpt>
      <trkpt lat="41.769521" lon="9.298744"><ele>769.0</ele></trkpt>
      <trkpt lat="41.769584" lon="9.298598"><ele>772.3</ele></trkpt>
      <trkpt lat="41.769564" lon="9.298159"><ele>778.9</ele></trkpt>
      <trkpt lat="41.769583" lon="9.297854"><ele>785.1</ele></trkpt>
      <trkpt lat="41.769520" lon="9.297486"><ele>790.9</ele></trkpt>
      <trkpt lat="41.769745" lon="9.297548"><ele>795.0</ele></trkpt>
      <trkpt lat="41.769924" lon="9.297660"><ele>797.2</ele></trkpt>
      <trkpt lat="41.770042" lon="9.297792"><ele>798.0</ele></trkpt>
      <trkpt lat="41.770163" lon="9.297752"><ele>802.1</ele></trkpt>
      <trkpt lat="41.770215" lon="9.297662"><ele>805.2</ele></trkpt>
      <trkpt lat="41.770385" lon="9.297721"><ele>808.6</ele></trkpt>
      <trkpt lat="41.770570" lon="9.297730"><ele>813.1</ele></trkpt>
      <trkpt lat="41.770690" lon="9.297674"><ele>817.0</ele></trkpt>
      <trkpt lat="41.770745" lon="9.297706"><ele>817.5</ele></trkpt>
      <trkpt lat="41.770877" lon="9.297709"><ele>820.1</ele></trkpt>
      <trkpt lat="41.770909" lon="9.297607"><ele>823.0</ele></trkpt>
      <trkpt lat="41.771172" lon="9.297692"><ele>826.3</ele></trkpt>
      <trkpt lat="41.771469" lon="9.297818"><ele>829.7</ele></trkpt>
      <trkpt lat="41.771569" lon="9.297831"><ele>831.5</ele></trkpt>
      <trkpt lat="41.771663" lon="9.297790"><ele>834.2</ele></trkpt>
      <trkpt lat="41.771730" lon="9.297683"><ele>838.0</ele></trkpt>
      <trkpt lat="41.771815" lon="9.297514"><ele>843.3</ele></trkpt>
      <trkpt lat="41.771828" lon="9.297451"><ele>844.9</ele></trkpt>
      <trkpt lat="41.771798" lon="9.297377"><ele>846.1</ele></trkpt>
      <trkpt lat="41.771698" lon="9.297207"><ele>848.2</ele></trkpt>
      <trkpt lat="41.771739" lon="9.297070"><ele>852.0</ele></trkpt>
      <trkpt lat="41.771988" lon="9.297041"><ele>856.3</ele></trkpt>
      <trkpt lat="41.772010" lon="9.296971"><ele>858.2</ele></trkpt>
      <trkpt lat="41.772085" lon="9.296954"><ele>859.7</ele></trkpt>
      <trkpt lat="41.772170" lon="9.296793"><ele>864.9</ele></trkpt>
      <trkpt lat="41.772216" lon="9.296722"><ele>867.4</ele></trkpt>
      <trkpt lat="41.772228" lon="9.296672"><ele>869.0</ele></trkpt>
      <trkpt lat="41.772197" lon="9.296492"><ele>873.6</ele></trkpt>
      <trkpt lat="41.772188" lon="9.296441"><ele>874.9</ele></trkpt>
      <trkpt lat="41.772202" lon="9.296414"><ele>875.8</ele></trkpt>
      <trkpt lat="41.772244" lon="9.296414"><ele>876.4</ele></trkpt>
      <trkpt lat="41.772233" lon="9.296392"><ele>876.9</ele></trkpt>
      <trkpt lat="41.772219" lon="9.296353"><ele>877.8</ele></trkpt>
      <trkpt lat="41.772222" lon="9.296313"><ele>879.0</ele></trkpt>
      <trkpt lat="41.772135" lon="9.296143"><ele>882.5</ele></trkpt>
      <trkpt lat="41.772136" lon="9.296090"><ele>884.1</ele></trkpt>
      <trkpt lat="41.772181" lon="9.296016"><ele>886.9</ele></trkpt>
      <trkpt lat="41.772249" lon="9.295973"><ele>889.2</ele></trkpt>
      <trkpt lat="41.772281" lon="9.295914"><ele>891.2</ele></trkpt>
      <trkpt lat="41.772292" lon="9.295853"><ele>893.0</ele></trkpt>
      <trkpt lat="41.772352" lon="9.295801"><ele>895.2</ele></trkpt>
      <trkpt lat="41.772442" lon="9.295645"><ele>900.2</ele></trkpt>
      <trkpt lat="41.772487" lon="9.295537"><ele>903.4</ele></trkpt>
      <trkpt lat="41.772525" lon="9.295490"><ele>904.8</ele></trkpt>
      <trkpt lat="41.772555" lon="9.295166"><ele>912.2</ele></trkpt>
      <trkpt lat="41.772534" lon="9.294640"><ele>923.5</ele></trkpt>
      <trkpt lat="41.772498" lon="9.294477"><ele>926.8</ele></trkpt>
      <trkpt lat="41.772433" lon="9.294289"><ele>930.1</ele></trkpt>
      <trkpt lat="41.772365" lon="9.294096"><ele>933.1</ele></trkpt>
      <trkpt lat="41.772363" lon="9.294029"><ele>934.3</ele></trkpt>
      <trkpt lat="41.772345" lon="9.293999"><ele>934.7</ele></trkpt>
      <trkpt lat="41.772319" lon="9.293967"><ele>935.1</ele></trkpt>
      <trkpt lat="41.772325" lon="9.293921"><ele>936.0</ele></trkpt>
      <trkpt lat="41.772353" lon="9.293872"><ele>937.1</ele></trkpt>
      <trkpt lat="41.772353" lon="9.293809"><ele>938.1</ele></trkpt>
      <trkpt lat="41.772399" lon="9.293689"><ele>940.1</ele></trkpt>
      <trkpt lat="41.772411" lon="9.293608"><ele>941.2</ele></trkpt>
      <trkpt lat="41.772436" lon="9.293569"><ele>941.8</ele></trkpt>
      <trkpt lat="41.772459" lon="9.293495"><ele>942.6</ele></trkpt>
      <trkpt lat="41.772449" lon="9.293394"><ele>943.4</ele></trkpt>
      <trkpt lat="41.772451" lon="9.293321"><ele>943.8</ele></trkpt>
      <trkpt lat="41.772459" lon="9.293212"><ele>944.5</ele></trkpt>
      <trkpt lat="41.772484" lon="9.293157"><ele>944.9</ele></trkpt>
      <trkpt lat="41.772617" lon="9.293047"><ele>946.2</ele></trkpt>
      <trkpt lat="41.772703" lon="9.292999"><ele>946.6</ele></trkpt>
      <trkpt lat="41.772722" lon="9.292970"><ele>946.7</ele></trkpt>
      <trkpt lat="41.772725" lon="9.292890"><ele>946.9</ele></trkpt>
      <trkpt lat="41.772709" lon="9.292812"><ele>946.9</ele></trkpt>
      <trkpt lat="41.772710" lon="9.292779"><ele>946.9</ele></trkpt>
      <trkpt lat="41.772735" lon="9.292749"><ele>947.1</ele></trkpt>
      <trkpt lat="41.772735" lon="9.292705"><ele>947.2</ele></trkpt>
      <trkpt lat="41.772703" lon="9.292575"><ele>947.3</ele></trkpt>
      <trkpt lat="41.772680" lon="9.292512"><ele>947.5</ele></trkpt>
      <trkpt lat="41.772536" lon="9.292367"><ele>947.1</ele></trkpt>
      <trkpt lat="41.772420" lon="9.292293"><ele>946.7</ele></trkpt>
      <trkpt lat="41.772376" lon="9.292252"><ele>946.8</ele></trkpt>
      <trkpt lat="41.772326" lon="9.292152"><ele>947.3</ele></trkpt>
      <trkpt lat="41.772329" lon="9.292099"><ele>947.8</ele></trkpt>
      <trkpt lat="41.772361" lon="9.292064"><ele>948.2</ele></trkpt>
      <trkpt lat="41.772425" lon="9.292052"><ele>948.7</ele></trkpt>
      <trkpt lat="41.772452" lon="9.291932"><ele>949.8</ele></trkpt>
      <trkpt lat="41.772450" lon="9.291894"><ele>950.1</ele></trkpt>
      <trkpt lat="41.772353" lon="9.291785"><ele>950.4</ele></trkpt>
      <trkpt lat="41.772336" lon="9.291742"><ele>950.6</ele></trkpt>
      <trkpt lat="41.772358" lon="9.291416"><ele>953.5</ele></trkpt>
      <trkpt lat="41.772331" lon="9.291271"><ele>954.8</ele></trkpt>
      <trkpt lat="41.772367" lon="9.291129"><ele>956.6</ele></trkpt>
      <trkpt lat="41.772367" lon="9.291093"><ele>957.0</ele></trkpt>
      <trkpt lat="41.772317" lon="9.290986"><ele>957.5</ele></trkpt>
      <trkpt lat="41.772312" lon="9.290884"><ele>958.4</ele></trkpt>
      <trkpt lat="41.772289" lon="9.290712"><ele>959.7</ele></trkpt>
      <trkpt lat="41.772263" lon="9.290261"><ele>963.7</ele></trkpt>
      <trkpt lat="41.772364" lon="9.290000"><ele>966.9</ele></trkpt>
      <trkpt lat="41.772504" lon="9.289991"><ele>968.5</ele></trkpt>
      <trkpt lat="41.772529" lon="9.289843"><ele>969.8</ele></trkpt>
      <trkpt lat="41.772723" lon="9.289517"><ele>974.6</ele></trkpt>
      <trkpt lat="41.772625" lon="9.289376"><ele>973.9</ele></trkpt>
      <trkpt lat="41.772658" lon="9.289331"><ele>974.6</ele></trkpt>
      <trkpt lat="41.772765" lon="9.289367"><ele>976.1</ele></trkpt>
      <trkpt lat="41.772930" lon="9.288981"><ele>981.5</ele></trkpt>
      <trkpt lat="41.773474" lon="9.288950"><ele>996.7</ele></trkpt>
      <trkpt lat="41.773860" lon="9.288418"><ele>1014.1</ele></trkpt>
      <trkpt lat="41.773926" lon="9.288279"><ele>1017.4</ele></trkpt>
      <trkpt lat="41.774021" lon="9.287863"><ele>1022.2</ele></trkpt>
      <trkpt lat="41.774315" lon="9.287697"><ele>1030.0</ele></trkpt>
      <trkpt lat="41.774375" lon="9.287633"><ele>1031.5</ele></trkpt>
      <trkpt lat="41.774566" lon="9.287520"><ele>1035.4</ele></trkpt>
      <trkpt lat="41.774617" lon="9.287438"><ele>1036.5</ele></trkpt>
      <trkpt lat="41.774652" lon="9.287228"><ele>1038.0</ele></trkpt>
      <trkpt lat="41.774650" lon="9.287067"><ele>1038.4</ele></trkpt>
      <trkpt lat="41.774677" lon="9.286953"><ele>1038.9</ele></trkpt>
      <trkpt lat="41.774803" lon="9.286832"><ele>1040.0</ele></trkpt>
      <trkpt lat="41.774887" lon="9.286798"><ele>1040.4</ele></trkpt>
      <trkpt lat="41.774951" lon="9.286660"><ele>1039.2</ele></trkpt>
      <trkpt lat="41.774965" lon="9.286526"><ele>1037.3</ele></trkpt>
      <trkpt lat="41.774951" lon="9.286387"><ele>1034.8</ele></trkpt>
      <trkpt lat="41.775104" lon="9.285962"><ele>1027.6</ele></trkpt>
      <trkpt lat="41.775240" lon="9.285791"><ele>1026.1</ele></trkpt>
      <trkpt lat="41.775544" lon="9.285573"><ele>1026.0</ele></trkpt>
      <trkpt lat="41.775686" lon="9.285402"><ele>1025.5</ele></trkpt>
      <trkpt lat="41.775900" lon="9.285265"><ele>1027.7</ele></trkpt>
      <trkpt lat="41.776036" lon="9.285115"><ele>1027.7</ele></trkpt>
      <trkpt lat="41.776149" lon="9.284867"><ele>1024.7</ele></trkpt>
      <trkpt lat="41.776642" lon="9.284481"><ele>1019.9</ele></trkpt>
      <trkpt lat="41.777073" lon="9.284224"><ele>1017.2</ele></trkpt>
      <trkpt lat="41.777442" lon="9.284239"><ele>1020.5</ele></trkpt>
      <trkpt lat="41.777720" lon="9.284245"><ele>1023.6</ele></trkpt>
      <trkpt lat="41.778016" lon="9.284125"><ele>1023.6</ele></trkpt>
      <trkpt lat="41.778204" lon="9.283982"><ele>1022.3</ele></trkpt>
      <trkpt lat="41.778458" lon="9.283742"><ele>1020.7</ele></trkpt>
      <trkpt lat="41.778532" lon="9.283555"><ele>1020.5</ele></trkpt>
      <trkpt lat="41.778664" lon="9.283399"><ele>1021.4</ele></trkpt>
      <trkpt lat="41.778702" lon="9.283262"><ele>1021.8</ele></trkpt>
      <trkpt lat="41.778695" lon="9.283124"><ele>1021.8</ele></trkpt>
      <trkpt lat="41.778639" lon="9.282968"><ele>1021.3</ele></trkpt>
      <trkpt lat="41.778848" lon="9.282882"><ele>1024.8</ele></trkpt>
      <trkpt lat="41.779041" lon="9.282710"><ele>1028.9</ele></trkpt>
      <trkpt lat="41.779115" lon="9.282698"><ele>1029.9</ele></trkpt>
      <trkpt lat="41.779225" lon="9.282589"><ele>1031.2</ele></trkpt>
      <trkpt lat="41.779502" lon="9.282128"><ele>1033.8</ele></trkpt>
      <trkpt lat="41.779581" lon="9.282060"><ele>1034.6</ele></trkpt>
      <trkpt lat="41.779627" lon="9.281935"><ele>1034.6</ele></trkpt>
      <trkpt lat="41.779629" lon="9.281850"><ele>1033.9</ele></trkpt>
      <trkpt lat="41.779822" lon="9.281450"><ele>1032.3</ele></trkpt>
      <trkpt lat="41.779891" lon="9.281440"><ele>1033.5</ele></trkpt>
      <trkpt lat="41.779940" lon="9.281289"><ele>1032.6</ele></trkpt>
      <trkpt lat="41.780154" lon="9.281143"><ele>1035.3</ele></trkpt>
      <trkpt lat="41.780220" lon="9.281082"><ele>1036.4</ele></trkpt>
      <trkpt lat="41.780283" lon="9.280968"><ele>1037.6</ele></trkpt>
      <trkpt lat="41.780616" lon="9.281042"><ele>1040.1</ele></trkpt>
      <trkpt lat="41.780968" lon="9.281406"><ele>1028.1</ele></trkpt>
      <trkpt lat="41.781379" lon="9.281795"><ele>994.6</ele></trkpt>
      <trkpt lat="41.781403" lon="9.281607"><ele>999.9</ele></trkpt>
      <trkpt lat="41.781529" lon="9.281414"><ele>1002.4</ele></trkpt>
      <trkpt lat="41.781614" lon="9.281593"><ele>991.4</ele></trkpt>
      <trkpt lat="41.781772" lon="9.281396"><ele>996.4</ele></trkpt>
      <trkpt lat="41.781861" lon="9.281543"><ele>986.7</ele></trkpt>
      <trkpt lat="41.781951" lon="9.281446"><ele>989.4</ele></trkpt>
      <trkpt lat="41.782041" lon="9.281480"><ele>985.0</ele></trkpt>
      <trkpt lat="41.782617" lon="9.281291"><ele>974.8</ele></trkpt>
      <trkpt lat="41.783014" lon="9.281277"><ele>958.2</ele></trkpt>
      <trkpt lat="41.783292" lon="9.281265"><ele>946.3</ele></trkpt>
      <trkpt lat="41.783604" lon="9.281236"><ele>932.8</ele></trkpt>
      <trkpt lat="41.783769" lon="9.281303"><ele>920.0</ele></trkpt>
      <trkpt lat="41.783910" lon="9.281469"><ele>901.8</ele></trkpt>
      <trkpt lat="41.784028" lon="9.281421"><ele>900.5</ele></trkpt>
      <trkpt lat="41.784214" lon="9.281232"><ele>905.5</ele></trkpt>
      <trkpt lat="41.784410" lon="9.281320"><ele>892.5</ele></trkpt>
      <trkpt lat="41.784553" lon="9.281455"><ele>879.8</ele></trkpt>
      <trkpt lat="41.784779" lon="9.281486"><ele>872.8</ele></trkpt>
      <trkpt lat="41.784907" lon="9.281382"><ele>876.9</ele></trkpt>
      <trkpt lat="41.785297" lon="9.281336"><ele>876.0</ele></trkpt>
      <trkpt lat="41.785750" lon="9.281317"><ele>874.9</ele></trkpt>
      <trkpt lat="41.785816" lon="9.281280"><ele>876.5</ele></trkpt>
      <trkpt lat="41.786097" lon="9.281247"><ele>878.2</ele></trkpt>
      <trkpt lat="41.786399" lon="9.281232"><ele>879.9</ele></trkpt>
      <trkpt lat="41.786537" lon="9.281221"><ele>880.7</ele></trkpt>
      <trkpt lat="41.786636" lon="9.281155"><ele>883.6</ele></trkpt>
      <trkpt lat="41.786744" lon="9.281177"><ele>882.6</ele></trkpt>
      <trkpt lat="41.786812" lon="9.281242"><ele>879.9</ele></trkpt>
      <trkpt lat="41.786864" lon="9.281374"><ele>874.2</ele></trkpt>
      <trkpt lat="41.787156" lon="9.281514"><ele>868.4</ele></trkpt>
      <trkpt lat="41.787320" lon="9.281545"><ele>867.4</ele></trkpt>
      <trkpt lat="41.787453" lon="9.281470"><ele>870.9</ele></trkpt>
      <trkpt lat="41.787652" lon="9.281568"><ele>868.2</ele></trkpt>
      <trkpt lat="41.787958" lon="9.281554"><ele>872.4</ele></trkpt>
      <trkpt lat="41.788630" lon="9.281466"><ele>885.5</ele></trkpt>
      <trkpt lat="41.789063" lon="9.281461"><ele>887.8</ele></trkpt>
      <trkpt lat="41.789802" lon="9.281235"><ele>891.6</ele></trkpt>
      <trkpt lat="41.790085" lon="9.281089"><ele>892.7</ele></trkpt>
      <trkpt lat="41.790162" lon="9.280993"><ele>894.1</ele></trkpt>
      <trkpt lat="41.790256" lon="9.280779"><ele>896.6</ele></trkpt>
      <trkpt lat="41.790333" lon="9.280351"><ele>899.2</ele></trkpt>
      <trkpt lat="41.790353" lon="9.280103"><ele>900.2</ele></trkpt>
      <trkpt lat="41.790465" lon="9.279974"><ele>899.7</ele></trkpt>
      <trkpt lat="41.790518" lon="9.279610"><ele>899.1</ele></trkpt>
      <trkpt lat="41.790383" lon="9.279033"><ele>896.6</ele></trkpt>
      <trkpt lat="41.790329" lon="9.278962"><ele>896.7</ele></trkpt>
      <trkpt lat="41.790288" lon="9.278824"><ele>895.9</ele></trkpt>
      <trkpt lat="41.790286" lon="9.278673"><ele>894.0</ele></trkpt>
      <trkpt lat="41.790195" lon="9.278417"><ele>891.8</ele></trkpt>
      <trkpt lat="41.790124" lon="9.278370"><ele>892.4</ele></trkpt>
      <trkpt lat="41.790014" lon="9.278228"><ele>892.3</ele></trkpt>
      <trkpt lat="41.789926" lon="9.277814"><ele>885.6</ele></trkpt>
      <trkpt lat="41.789355" lon="9.277593"><ele>897.2</ele></trkpt>
      <trkpt lat="41.789223" lon="9.277434"><ele>898.6</ele></trkpt>
      <trkpt lat="41.789089" lon="9.277341"><ele>901.2</ele></trkpt>
      <trkpt lat="41.788937" lon="9.277095"><ele>902.4</ele></trkpt>
      <trkpt lat="41.788714" lon="9.276606"><ele>905.8</ele></trkpt>
      <trkpt lat="41.788798" lon="9.276435"><ele>901.9</ele></trkpt>
      <trkpt lat="41.788834" lon="9.276281"><ele>899.9</ele></trkpt>
      <trkpt lat="41.788824" lon="9.276105"><ele>899.5</ele></trkpt>
      <trkpt lat="41.788756" lon="9.275998"><ele>901.5</ele></trkpt>
      <trkpt lat="41.788733" lon="9.275787"><ele>901.3</ele></trkpt>
      <trkpt lat="41.788678" lon="9.275579"><ele>901.7</ele></trkpt>
      <trkpt lat="41.788516" lon="9.275507"><ele>907.3</ele></trkpt>
      <trkpt lat="41.788359" lon="9.275473"><ele>912.7</ele></trkpt>
      <trkpt lat="41.788215" lon="9.275145"><ele>914.4</ele></trkpt>
      <trkpt lat="41.788183" lon="9.274954"><ele>913.3</ele></trkpt>
      <trkpt lat="41.788102" lon="9.274771"><ele>914.1</ele></trkpt>
      <trkpt lat="41.787963" lon="9.274727"><ele>918.9</ele></trkpt>
      <trkpt lat="41.787664" lon="9.274381"><ele>927.0</ele></trkpt>
      <trkpt lat="41.787611" lon="9.274360"><ele>929.0</ele></trkpt>
      <trkpt lat="41.787493" lon="9.274183"><ele>932.8</ele></trkpt>
      <trkpt lat="41.787462" lon="9.274086"><ele>933.8</ele></trkpt>
      <trkpt lat="41.787350" lon="9.273961"><ele>937.9</ele></trkpt>
      <trkpt lat="41.787296" lon="9.273805"><ele>940.5</ele></trkpt>
      <trkpt lat="41.787294" lon="9.273738"><ele>940.9</ele></trkpt>
      <trkpt lat="41.787254" lon="9.273641"><ele>943.1</ele></trkpt>
      <trkpt lat="41.787221" lon="9.273615"><ele>944.4</ele></trkpt>
      <trkpt lat="41.787151" lon="9.273376"><ele>948.4</ele></trkpt>
      <trkpt lat="41.787168" lon="9.273138"><ele>949.6</ele></trkpt>
      <trkpt lat="41.787111" lon="9.273001"><ele>952.2</ele></trkpt>
      <trkpt lat="41.787203" lon="9.272706"><ele>950.3</ele></trkpt>
      <trkpt lat="41.787133" lon="9.272433"><ele>952.7</ele></trkpt>
      <trkpt lat="41.787151" lon="9.272332"><ele>952.0</ele></trkpt>
      <trkpt lat="41.787041" lon="9.271935"><ele>953.6</ele></trkpt>
      <trkpt lat="41.787031" lon="9.271690"><ele>951.2</ele></trkpt>
      <trkpt lat="41.786936" lon="9.271369"><ele>949.3</ele></trkpt>
      <trkpt lat="41.786828" lon="9.271134"><ele>948.7</ele></trkpt>
      <trkpt lat="41.786795" lon="9.271036"><ele>948.7</ele></trkpt>
      <trkpt lat="41.786800" lon="9.270967"><ele>948.5</ele></trkpt>
      <trkpt lat="41.786719" lon="9.270682"><ele>950.0</ele></trkpt>
      <trkpt lat="41.786755" lon="9.270454"><ele>952.2</ele></trkpt>
      <trkpt lat="41.786804" lon="9.270320"><ele>954.1</ele></trkpt>
      <trkpt lat="41.786829" lon="9.270230"><ele>955.6</ele></trkpt>
      <trkpt lat="41.786895" lon="9.270139"><ele>957.0</ele></trkpt>
      <trkpt lat="41.787014" lon="9.270015"><ele>958.6</ele></trkpt>
      <trkpt lat="41.787212" lon="9.269787"><ele>961.6</ele></trkpt>
      <trkpt lat="41.787357" lon="9.269653"><ele>962.4</ele></trkpt>
      <trkpt lat="41.787411" lon="9.269534"><ele>963.6</ele></trkpt>
      <trkpt lat="41.787428" lon="9.269418"><ele>965.2</ele></trkpt>
      <trkpt lat="41.787429" lon="9.269256"><ele>967.7</ele></trkpt>
      <trkpt lat="41.787348" lon="9.268897"><ele>974.3</ele></trkpt>
      <trkpt lat="41.787341" lon="9.268801"><ele>975.5</ele></trkpt>
      <trkpt lat="41.787250" lon="9.268602"><ele>980.0</ele></trkpt>
      <trkpt lat="41.787258" lon="9.268361"><ele>982.4</ele></trkpt>
      <trkpt lat="41.787352" lon="9.268289"><ele>980.3</ele></trkpt>
      <trkpt lat="41.787464" lon="9.268064"><ele>979.4</ele></trkpt>
      <trkpt lat="41.787599" lon="9.267644"><ele>980.9</ele></trkpt>
      <trkpt lat="41.787791" lon="9.267504"><ele>978.3</ele></trkpt>
      <trkpt lat="41.787930" lon="9.267475"><ele>976.2</ele></trkpt>
      <trkpt lat="41.788066" lon="9.266957"><ele>978.4</ele></trkpt>
      <trkpt lat="41.788188" lon="9.266628"><ele>978.4</ele></trkpt>
      <trkpt lat="41.788345" lon="9.266585"><ele>974.5</ele></trkpt>
      <trkpt lat="41.788485" lon="9.266662"><ele>969.9</ele></trkpt>
      <trkpt lat="41.788680" lon="9.266655"><ele>964.5</ele></trkpt>
      <trkpt lat="41.788709" lon="9.266580"><ele>963.9</ele></trkpt>
      <trkpt lat="41.788551" lon="9.266408"><ele>970.0</ele></trkpt>
      <trkpt lat="41.788655" lon="9.265890"><ele>974.2</ele></trkpt>
      <trkpt lat="41.788813" lon="9.265582"><ele>975.6</ele></trkpt>
      <trkpt lat="41.789220" lon="9.265191"><ele>967.2</ele></trkpt>
      <trkpt lat="41.789334" lon="9.264649"><ele>970.8</ele></trkpt>
      <trkpt lat="41.789566" lon="9.263890"><ele>971.8</ele></trkpt>
      <trkpt lat="41.789732" lon="9.263307"><ele>972.8</ele></trkpt>
      <trkpt lat="41.789880" lon="9.262478"><ele>972.0</ele></trkpt>
      <trkpt lat="41.789915" lon="9.261998"><ele>971.1</ele></trkpt>
      <trkpt lat="41.790417" lon="9.261808"><ele>972.8</ele></trkpt>
      <trkpt lat="41.790695" lon="9.261865"><ele>977.2</ele></trkpt>
      <trkpt lat="41.790898" lon="9.261807"><ele>979.5</ele></trkpt>
      <trkpt lat="41.791119" lon="9.261651"><ele>981.0</ele></trkpt>
      <trkpt lat="41.791308" lon="9.261373"><ele>982.7</ele></trkpt>
      <trkpt lat="41.791432" lon="9.261343"><ele>984.3</ele></trkpt>
      <trkpt lat="41.791555" lon="9.261401"><ele>986.2</ele></trkpt>
      <trkpt lat="41.791739" lon="9.261183"><ele>989.5</ele></trkpt>
      <trkpt lat="41.791841" lon="9.261238"><ele>991.8</ele></trkpt>
      <trkpt lat="41.792066" lon="9.260983"><ele>998.6</ele></trkpt>
      <trkpt lat="41.792441" lon="9.260691"><ele>1010.6</ele></trkpt>
      <trkpt lat="41.792570" lon="9.260707"><ele>1014.7</ele></trkpt>
      <trkpt lat="41.792648" lon="9.260632"><ele>1017.2</ele></trkpt>
      <trkpt lat="41.792714" lon="9.260600"><ele>1019.3</ele></trkpt>
      <trkpt lat="41.792860" lon="9.260535"><ele>1023.9</ele></trkpt>
      <trkpt lat="41.792983" lon="9.260363"><ele>1027.6</ele></trkpt>
      <trkpt lat="41.792986" lon="9.260304"><ele>1027.7</ele></trkpt>
      <trkpt lat="41.793032" lon="9.260293"><ele>1029.1</ele></trkpt>
      <trkpt lat="41.793086" lon="9.260194"><ele>1031.0</ele></trkpt>
      <trkpt lat="41.793129" lon="9.260194"><ele>1032.3</ele></trkpt>
      <trkpt lat="41.793163" lon="9.260252"><ele>1033.2</ele></trkpt>
      <trkpt lat="41.793201" lon="9.260177"><ele>1034.4</ele></trkpt>
      <trkpt lat="41.793221" lon="9.260130"><ele>1035.1</ele></trkpt>
      <trkpt lat="41.793260" lon="9.260156"><ele>1036.1</ele></trkpt>
      <trkpt lat="41.793272" lon="9.260117"><ele>1036.5</ele></trkpt>
      <trkpt lat="41.793350" lon="9.260136"><ele>1038.5</ele></trkpt>
      <trkpt lat="41.793439" lon="9.260084"><ele>1040.9</ele></trkpt>
      <trkpt lat="41.793529" lon="9.260283"><ele>1043.5</ele></trkpt>
      <trkpt lat="41.793523" lon="9.260343"><ele>1043.4</ele></trkpt>
      <trkpt lat="41.793568" lon="9.260437"><ele>1045.0</ele></trkpt>
      <trkpt lat="41.793619" lon="9.260488"><ele>1046.5</ele></trkpt>
      <trkpt lat="41.793836" lon="9.260473"><ele>1050.6</ele></trkpt>
      <trkpt lat="41.793853" lon="9.260410"><ele>1050.6</ele></trkpt>
      <trkpt lat="41.794050" lon="9.260302"><ele>1052.4</ele></trkpt>
      <trkpt lat="41.794111" lon="9.260156"><ele>1052.9</ele></trkpt>
      <trkpt lat="41.794177" lon="9.260101"><ele>1053.2</ele></trkpt>
      <trkpt lat="41.794304" lon="9.259992"><ele>1053.4</ele></trkpt>
      <trkpt lat="41.794338" lon="9.259892"><ele>1053.6</ele></trkpt>
      <trkpt lat="41.794444" lon="9.259722"><ele>1054.1</ele></trkpt>
      <trkpt lat="41.794452" lon="9.259662"><ele>1054.2</ele></trkpt>
      <trkpt lat="41.794481" lon="9.259632"><ele>1054.3</ele></trkpt>
      <trkpt lat="41.794429" lon="9.259559"><ele>1054.3</ele></trkpt>
      <trkpt lat="41.794363" lon="9.259394"><ele>1054.0</ele></trkpt>
      <trkpt lat="41.794286" lon="9.259356"><ele>1053.1</ele></trkpt>
    <trkpt lat="41.794244" lon="9.259304"><ele>1052.6</ele></trkpt>
      <trkpt lat="41.794236" lon="9.259246"><ele>1052.5</ele></trkpt>
      <trkpt lat="41.794172" lon="9.259044"><ele>1052.0</ele></trkpt>
      <trkpt lat="41.794131" lon="9.258799"><ele>1052.8</ele></trkpt>
      <trkpt lat="41.794042" lon="9.258596"><ele>1052.9</ele></trkpt>
      <trkpt lat="41.793920" lon="9.258419"><ele>1052.7</ele></trkpt>
      <trkpt lat="41.793889" lon="9.258255"><ele>1054.3</ele></trkpt>
      <trkpt lat="41.793838" lon="9.258104"><ele>1055.3</ele></trkpt>
      <trkpt lat="41.793724" lon="9.258079"><ele>1053.3</ele></trkpt>
      <trkpt lat="41.793620" lon="9.258011"><ele>1052.4</ele></trkpt>
      <trkpt lat="41.793510" lon="9.257976"><ele>1051.2</ele></trkpt>
      <trkpt lat="41.793316" lon="9.258060"><ele>1047.2</ele></trkpt>
      <trkpt lat="41.793165" lon="9.258190"><ele>1044.0</ele></trkpt>
      <trkpt lat="41.792805" lon="9.258269"><ele>1040.0</ele></trkpt>
      <trkpt lat="41.792667" lon="9.258230"><ele>1038.8</ele></trkpt>
      <trkpt lat="41.792514" lon="9.258024"><ele>1037.7</ele></trkpt>
      <trkpt lat="41.792346" lon="9.257897"><ele>1034.6</ele></trkpt>
      <trkpt lat="41.792211" lon="9.257371"><ele>1033.2</ele></trkpt>
      <trkpt lat="41.792014" lon="9.256510"><ele>1024.7</ele></trkpt>
      <trkpt lat="41.791915" lon="9.255915"><ele>1015.4</ele></trkpt>
      <trkpt lat="41.791914" lon="9.255583"><ele>1011.7</ele></trkpt>
      <trkpt lat="41.791956" lon="9.255430"><ele>1011.7</ele></trkpt>
      <trkpt lat="41.791999" lon="9.255275"><ele>1011.7</ele></trkpt>
      <trkpt lat="41.792247" lon="9.255169"><ele>1021.9</ele></trkpt>
      <trkpt lat="41.792494" lon="9.254624"><ele>1032.5</ele></trkpt>
      <trkpt lat="41.792454" lon="9.254193"><ele>1031.9</ele></trkpt>
      <trkpt lat="41.792419" lon="9.253940"><ele>1032.0</ele></trkpt>
      <trkpt lat="41.792341" lon="9.253870"><ele>1028.1</ele></trkpt>
      <trkpt lat="41.792293" lon="9.253630"><ele>1028.1</ele></trkpt>
      <trkpt lat="41.792333" lon="9.253096"><ele>1040.3</ele></trkpt>
      <trkpt lat="41.792325" lon="9.252877"><ele>1046.1</ele></trkpt>
      <trkpt lat="41.791840" lon="9.252320"><ele>1037.4</ele></trkpt>
      <trkpt lat="41.791875" lon="9.252178"><ele>1048.6</ele></trkpt>
      <trkpt lat="41.791796" lon="9.252004"><ele>1054.6</ele></trkpt>
      <trkpt lat="41.791520" lon="9.251783"><ele>1048.6</ele></trkpt>
      <trkpt lat="41.791203" lon="9.251017"><ele>1072.9</ele></trkpt>
      <trkpt lat="41.790819" lon="9.250648"><ele>1069.1</ele></trkpt>
      <trkpt lat="41.790388" lon="9.250543"><ele>1052.2</ele></trkpt>
      <trkpt lat="41.790224" lon="9.250283"><ele>1061.8</ele></trkpt>
      <trkpt lat="41.790401" lon="9.249997"><ele>1090.9</ele></trkpt>
      <trkpt lat="41.790260" lon="9.249843"><ele>1092.3</ele></trkpt>
      <trkpt lat="41.790399" lon="9.249799"><ele>1104.2</ele></trkpt>
      <trkpt lat="41.790370" lon="9.249653"><ele>1112.0</ele></trkpt>
      <trkpt lat="41.790283" lon="9.249621"><ele>1108.8</ele></trkpt>
      <trkpt lat="41.790170" lon="9.249642"><ele>1100.8</ele></trkpt>
      <trkpt lat="41.790008" lon="9.249619"><ele>1094.3</ele></trkpt>
      <trkpt lat="41.790057" lon="9.249545"><ele>1101.9</ele></trkpt>
      <trkpt lat="41.790005" lon="9.249511"><ele>1101.9</ele></trkpt>
      <trkpt lat="41.789896" lon="9.249521"><ele>1096.3</ele></trkpt>
      <trkpt lat="41.790017" lon="9.249445"><ele>1107.3</ele></trkpt>
      <trkpt lat="41.789713" lon="9.249391"><ele>1098.9</ele></trkpt>
      <trkpt lat="41.789534" lon="9.249276"><ele>1102.0</ele></trkpt>
      <trkpt lat="41.789483" lon="9.248949"><ele>1126.7</ele></trkpt>
      <trkpt lat="41.789368" lon="9.248794"><ele>1136.2</ele></trkpt>
      <trkpt lat="41.789508" lon="9.248693"><ele>1146.1</ele></trkpt>
      <trkpt lat="41.789650" lon="9.248719"><ele>1146.7</ele></trkpt>
      <trkpt lat="41.789921" lon="9.249099"><ele>1128.3</ele></trkpt>
      <trkpt lat="41.790171" lon="9.249125"><ele>1137.2</ele></trkpt>
      <trkpt lat="41.790472" lon="9.249130"><ele>1150.2</ele></trkpt>
      <trkpt lat="41.790403" lon="9.248888"><ele>1159.5</ele></trkpt>
      <trkpt lat="41.790148" lon="9.248689"><ele>1159.2</ele></trkpt>
      <trkpt lat="41.790219" lon="9.248393"><ele>1171.3</ele></trkpt>
      <trkpt lat="41.790474" lon="9.248480"><ele>1174.2</ele></trkpt>
      <trkpt lat="41.790454" lon="9.248293"><ele>1176.5</ele></trkpt>
      <trkpt lat="41.790540" lon="9.248327"><ele>1176.6</ele></trkpt>
      <trkpt lat="41.790542" lon="9.248191"><ele>1177.1</ele></trkpt>
      <trkpt lat="41.790756" lon="9.248281"><ele>1177.0</ele></trkpt>
      <trkpt lat="41.790905" lon="9.248199"><ele>1175.4</ele></trkpt>
      <trkpt lat="41.791021" lon="9.248135"><ele>1172.4</ele></trkpt>
      <trkpt lat="41.791118" lon="9.248076"><ele>1168.8</ele></trkpt>
      <trkpt lat="41.791195" lon="9.248003"><ele>1164.6</ele></trkpt>
      <trkpt lat="41.791183" lon="9.247888"><ele>1161.6</ele></trkpt>
      <trkpt lat="41.791292" lon="9.247971"><ele>1160.3</ele></trkpt>
      <trkpt lat="41.791305" lon="9.247709"><ele>1150.6</ele></trkpt>
      <trkpt lat="41.791553" lon="9.247865"><ele>1144.7</ele></trkpt>
      <trkpt lat="41.791396" lon="9.247233"><ele>1127.3</ele></trkpt>
      <trkpt lat="41.791217" lon="9.247151"><ele>1131.2</ele></trkpt>
      <trkpt lat="41.790870" lon="9.246696"><ele>1122.2</ele></trkpt>
      <trkpt lat="41.790684" lon="9.246647"><ele>1127.2</ele></trkpt>
      <trkpt lat="41.790532" lon="9.246554"><ele>1129.5</ele></trkpt>
      <trkpt lat="41.790393" lon="9.246144"><ele>1120.1</ele></trkpt>
      <trkpt lat="41.790324" lon="9.245812"><ele>1110.7</ele></trkpt>
      <trkpt lat="41.790403" lon="9.245792"><ele>1105.4</ele></trkpt>
      <trkpt lat="41.790371" lon="9.245580"><ele>1099.1</ele></trkpt>
      <trkpt lat="41.790137" lon="9.245220"><ele>1103.7</ele></trkpt>
      <trkpt lat="41.790076" lon="9.244616"><ele>1085.8</ele></trkpt>
      <trkpt lat="41.789935" lon="9.244300"><ele>1080.8</ele></trkpt>
      <trkpt lat="41.789784" lon="9.244177"><ele>1084.5</ele></trkpt>
      <trkpt lat="41.789526" lon="9.243752"><ele>1084.1</ele></trkpt>
      <trkpt lat="41.789410" lon="9.243487"><ele>1082.5</ele></trkpt>
      <trkpt lat="41.789261" lon="9.243191"><ele>1080.2</ele></trkpt>
      <trkpt lat="41.789032" lon="9.242843"><ele>1077.9</ele></trkpt>
      <trkpt lat="41.788959" lon="9.242314"><ele>1061.5</ele></trkpt>
      <trkpt lat="41.788910" lon="9.241819"><ele>1050.5</ele></trkpt>
      <trkpt lat="41.788869" lon="9.241485"><ele>1044.1</ele></trkpt>
      <trkpt lat="41.788640" lon="9.241297"><ele>1049.4</ele></trkpt>
      <trkpt lat="41.788591" lon="9.240970"><ele>1044.5</ele></trkpt>
      <trkpt lat="41.788642" lon="9.240715"><ele>1037.7</ele></trkpt>
      <trkpt lat="41.788669" lon="9.240574"><ele>1034.4</ele></trkpt>
      <trkpt lat="41.788773" lon="9.240251"><ele>1028.4</ele></trkpt>
      <trkpt lat="41.788801" lon="9.239674"><ele>1027.9</ele></trkpt>
      <trkpt lat="41.788739" lon="9.239437"><ele>1029.6</ele></trkpt>
      <trkpt lat="41.788655" lon="9.239307"><ele>1030.9</ele></trkpt>
      <trkpt lat="41.788500" lon="9.239200"><ele>1032.1</ele></trkpt>
      <trkpt lat="41.788159" lon="9.239083"><ele>1035.3</ele></trkpt>
      <trkpt lat="41.788036" lon="9.239004"><ele>1037.6</ele></trkpt>
      <trkpt lat="41.788000" lon="9.238885"><ele>1038.0</ele></trkpt>
      <trkpt lat="41.788023" lon="9.238764"><ele>1038.3</ele></trkpt>
      <trkpt lat="41.788107" lon="9.238693"><ele>1038.2</ele></trkpt>
      <trkpt lat="41.788340" lon="9.238630"><ele>1038.1</ele></trkpt>
      <trkpt lat="41.788510" lon="9.238551"><ele>1039.1</ele></trkpt>
      <trkpt lat="41.788710" lon="9.238413"><ele>1041.4</ele></trkpt>
      <trkpt lat="41.788821" lon="9.238447"><ele>1041.2</ele></trkpt>
      <trkpt lat="41.789118" lon="9.238770"><ele>1037.0</ele></trkpt>
      <trkpt lat="41.789200" lon="9.238698"><ele>1039.0</ele></trkpt>
      <trkpt lat="41.789302" lon="9.238493"><ele>1043.8</ele></trkpt>
      <trkpt lat="41.789425" lon="9.238428"><ele>1046.1</ele></trkpt>
      <trkpt lat="41.789530" lon="9.238471"><ele>1046.5</ele></trkpt>
      <trkpt lat="41.789627" lon="9.238531"><ele>1046.4</ele></trkpt>
      <trkpt lat="41.789798" lon="9.238421"><ele>1048.6</ele></trkpt>
      <trkpt lat="41.789775" lon="9.238323"><ele>1050.2</ele></trkpt>
      <trkpt lat="41.789797" lon="9.238195"><ele>1052.4</ele></trkpt>
      <trkpt lat="41.789674" lon="9.238057"><ele>1054.5</ele></trkpt>
      <trkpt lat="41.789551" lon="9.237863"><ele>1057.4</ele></trkpt>
      <trkpt lat="41.789498" lon="9.237617"><ele>1062.0</ele></trkpt>
      <trkpt lat="41.789566" lon="9.237519"><ele>1064.6</ele></trkpt>
      <trkpt lat="41.789555" lon="9.237410"><ele>1067.1</ele></trkpt>
      <trkpt lat="41.789496" lon="9.237286"><ele>1069.8</ele></trkpt>
      <trkpt lat="41.789461" lon="9.236816"><ele>1082.2</ele></trkpt>
      <trkpt lat="41.789375" lon="9.236500"><ele>1090.7</ele></trkpt>
      <trkpt lat="41.789412" lon="9.236438"><ele>1092.7</ele></trkpt>
      <trkpt lat="41.789423" lon="9.236299"><ele>1096.7</ele></trkpt>
      <trkpt lat="41.789379" lon="9.236284"><ele>1097.0</ele></trkpt>
      <trkpt lat="41.789368" lon="9.236047"><ele>1103.9</ele></trkpt>
      <trkpt lat="41.789515" lon="9.235950"><ele>1106.8</ele></trkpt>
      <trkpt lat="41.789502" lon="9.235911"><ele>1107.9</ele></trkpt>
      <trkpt lat="41.789487" lon="9.235865"><ele>1109.3</ele></trkpt>
      <trkpt lat="41.789547" lon="9.235822"><ele>1110.7</ele></trkpt>
      <trkpt lat="41.789836" lon="9.235607"><ele>1119.6</ele></trkpt>
      <trkpt lat="41.789996" lon="9.235533"><ele>1123.7</ele></trkpt>
      <trkpt lat="41.790168" lon="9.235356"><ele>1131.7</ele></trkpt>
      <trkpt lat="41.790401" lon="9.235084"><ele>1142.1</ele></trkpt>
      <trkpt lat="41.790407" lon="9.234943"><ele>1146.4</ele></trkpt>
      <trkpt lat="41.790588" lon="9.234544"><ele>1156.4</ele></trkpt>
      <trkpt lat="41.790712" lon="9.234325"><ele>1160.4</ele></trkpt>
      <trkpt lat="41.790762" lon="9.234133"><ele>1163.6</ele></trkpt>
      <trkpt lat="41.790715" lon="9.233908"><ele>1167.4</ele></trkpt>
      <trkpt lat="41.790748" lon="9.233788"><ele>1168.5</ele></trkpt>
      <trkpt lat="41.790728" lon="9.233610"><ele>1171.0</ele></trkpt>
      <trkpt lat="41.790698" lon="9.233454"><ele>1173.4</ele></trkpt>
      <trkpt lat="41.790718" lon="9.233275"><ele>1175.9</ele></trkpt>
      <trkpt lat="41.790761" lon="9.233126"><ele>1177.7</ele></trkpt>
      <trkpt lat="41.790868" lon="9.233047"><ele>1178.0</ele></trkpt>
      <trkpt lat="41.790866" lon="9.232773"><ele>1182.0</ele></trkpt>
      <trkpt lat="41.790951" lon="9.232715"><ele>1181.9</ele></trkpt>
      <trkpt lat="41.791119" lon="9.232736"><ele>1178.9</ele></trkpt>
      <trkpt lat="41.791195" lon="9.232549"><ele>1181.1</ele></trkpt>
      <trkpt lat="41.791249" lon="9.232435"><ele>1182.5</ele></trkpt>
      <trkpt lat="41.791513" lon="9.232164"><ele>1183.7</ele></trkpt>
      <trkpt lat="41.791760" lon="9.231847"><ele>1185.7</ele></trkpt>
      <trkpt lat="41.791907" lon="9.231528"><ele>1189.1</ele></trkpt>
      <trkpt lat="41.791962" lon="9.231349"><ele>1191.5</ele></trkpt>
      <trkpt lat="41.791907" lon="9.230828"><ele>1203.4</ele></trkpt>
      <trkpt lat="41.791942" lon="9.230627"><ele>1207.0</ele></trkpt>
      <trkpt lat="41.792046" lon="9.230509"><ele>1207.4</ele></trkpt>
      <trkpt lat="41.792197" lon="9.230442"><ele>1206.2</ele></trkpt>
      <trkpt lat="41.792470" lon="9.230431"><ele>1201.2</ele></trkpt>
      <trkpt lat="41.792826" lon="9.230505"><ele>1192.4</ele></trkpt>
      <trkpt lat="41.792970" lon="9.230528"><ele>1189.0</ele></trkpt>
      <trkpt lat="41.793048" lon="9.230514"><ele>1187.7</ele></trkpt>
      <trkpt lat="41.793154" lon="9.230460"><ele>1187.0</ele></trkpt>
      <trkpt lat="41.793309" lon="9.230356"><ele>1187.0</ele></trkpt>
      <trkpt lat="41.793603" lon="9.230159"><ele>1187.5</ele></trkpt>
      <trkpt lat="41.793765" lon="9.230051"><ele>1188.1</ele></trkpt>
      <trkpt lat="41.793928" lon="9.229916"><ele>1189.2</ele></trkpt>
      <trkpt lat="41.793985" lon="9.229859"><ele>1189.8</ele></trkpt>
      <trkpt lat="41.794094" lon="9.229681"><ele>1192.2</ele></trkpt>
      <trkpt lat="41.794140" lon="9.229629"><ele>1192.5</ele></trkpt>
      <trkpt lat="41.794182" lon="9.229614"><ele>1191.9</ele></trkpt>
      <trkpt lat="41.794237" lon="9.229627"><ele>1190.5</ele></trkpt>
      <trkpt lat="41.794294" lon="9.229664"><ele>1188.7</ele></trkpt>
      <trkpt lat="41.794377" lon="9.229713"><ele>1186.4</ele></trkpt>
      <trkpt lat="41.794457" lon="9.229751"><ele>1184.6</ele></trkpt>
      <trkpt lat="41.794495" lon="9.229755"><ele>1184.1</ele></trkpt>
      <trkpt lat="41.794557" lon="9.229731"><ele>1183.8</ele></trkpt>
      <trkpt lat="41.794614" lon="9.229685"><ele>1183.9</ele></trkpt>
      <trkpt lat="41.794698" lon="9.229616"><ele>1183.9</ele></trkpt>
      <trkpt lat="41.794717" lon="9.229560"><ele>1184.5</ele></trkpt>
      <trkpt lat="41.794723" lon="9.229503"><ele>1185.3</ele></trkpt>
      <trkpt lat="41.794678" lon="9.229350"><ele>1188.5</ele></trkpt>
      <trkpt lat="41.794677" lon="9.229263"><ele>1190.1</ele></trkpt>
      <trkpt lat="41.794690" lon="9.229084"><ele>1193.3</ele></trkpt>
      <trkpt lat="41.794699" lon="9.229005"><ele>1194.7</ele></trkpt>
      <trkpt lat="41.794723" lon="9.228919"><ele>1195.9</ele></trkpt>
      <trkpt lat="41.794748" lon="9.228871"><ele>1196.3</ele></trkpt>
      <trkpt lat="41.794894" lon="9.228719"><ele>1196.4</ele></trkpt>
      <trkpt lat="41.794915" lon="9.228656"><ele>1197.2</ele></trkpt>
      <trkpt lat="41.794947" lon="9.228598"><ele>1197.6</ele></trkpt>
      <trkpt lat="41.795028" lon="9.228485"><ele>1198.0</ele></trkpt>
      <trkpt lat="41.795110" lon="9.228361"><ele>1198.3</ele></trkpt>
      <trkpt lat="41.795146" lon="9.228285"><ele>1198.7</ele></trkpt>
      <trkpt lat="41.795164" lon="9.228203"><ele>1199.7</ele></trkpt>
      <trkpt lat="41.795162" lon="9.228096"><ele>1201.5</ele></trkpt>
      <trkpt lat="41.795172" lon="9.228002"><ele>1202.9</ele></trkpt>
      <trkpt lat="41.795201" lon="9.227889"><ele>1204.1</ele></trkpt>
      <trkpt lat="41.795332" lon="9.227642"><ele>1205.4</ele></trkpt>
      <trkpt lat="41.795634" lon="9.227072"><ele>1207.1</ele></trkpt>
      <trkpt lat="41.795792" lon="9.226753"><ele>1208.3</ele></trkpt>
      <trkpt lat="41.795838" lon="9.226625"><ele>1209.1</ele></trkpt>
      <trkpt lat="41.795861" lon="9.226515"><ele>1210.1</ele></trkpt>
      <trkpt lat="41.795880" lon="9.226411"><ele>1211.1</ele></trkpt>
      <trkpt lat="41.795892" lon="9.226301"><ele>1212.2</ele></trkpt>
      <trkpt lat="41.795898" lon="9.226149"><ele>1213.9</ele></trkpt>
      <trkpt lat="41.795896" lon="9.225929"><ele>1216.1</ele></trkpt>
      <trkpt lat="41.795895" lon="9.225472"><ele>1218.2</ele></trkpt>
      <trkpt lat="41.795883" lon="9.225273"><ele>1218.8</ele></trkpt>
      <trkpt lat="41.795869" lon="9.224957"><ele>1219.0</ele></trkpt>
      <trkpt lat="41.795864" lon="9.224894"><ele>1219.0</ele></trkpt>
      <trkpt lat="41.795921" lon="9.224808"><ele>1218.5</ele></trkpt>
      <trkpt lat="41.796057" lon="9.224831"><ele>1217.9</ele></trkpt>
      <trkpt lat="41.796070" lon="9.224746"><ele>1217.9</ele></trkpt>
      <trkpt lat="41.796064" lon="9.224606"><ele>1217.7</ele></trkpt>
      <trkpt lat="41.796135" lon="9.224469"><ele>1217.5</ele></trkpt>
      <trkpt lat="41.796129" lon="9.224360"><ele>1216.9</ele></trkpt>
      <trkpt lat="41.796145" lon="9.224256"><ele>1216.2</ele></trkpt>
      <trkpt lat="41.796228" lon="9.224132"><ele>1215.3</ele></trkpt>
      <trkpt lat="41.796368" lon="9.223873"><ele>1212.0</ele></trkpt>
      <trkpt lat="41.796524" lon="9.223694"><ele>1210.8</ele></trkpt>
      <trkpt lat="41.796695" lon="9.223506"><ele>1210.6</ele></trkpt>
      <trkpt lat="41.796756" lon="9.223407"><ele>1210.5</ele></trkpt>
      <trkpt lat="41.796803" lon="9.223347"><ele>1211.0</ele></trkpt>
      <trkpt lat="41.796883" lon="9.223175"><ele>1212.0</ele></trkpt>
      <trkpt lat="41.796925" lon="9.223030"><ele>1212.0</ele></trkpt>
      <trkpt lat="41.796980" lon="9.222834"><ele>1211.7</ele></trkpt>
      <trkpt lat="41.797121" lon="9.222491"><ele>1213.1</ele></trkpt>
      <trkpt lat="41.797136" lon="9.222397"><ele>1213.2</ele></trkpt>
      <trkpt lat="41.797150" lon="9.222302"><ele>1213.3</ele></trkpt>
      <trkpt lat="41.797182" lon="9.222097"><ele>1214.1</ele></trkpt>
      <trkpt lat="41.797126" lon="9.221896"><ele>1212.5</ele></trkpt>
      <trkpt lat="41.797059" lon="9.221823"><ele>1210.4</ele></trkpt>
      <trkpt lat="41.797001" lon="9.221701"><ele>1208.5</ele></trkpt>
      <trkpt lat="41.796944" lon="9.221501"><ele>1206.5</ele></trkpt>
      <trkpt lat="41.796719" lon="9.221064"><ele>1197.1</ele></trkpt>
      <trkpt lat="41.796461" lon="9.220682"><ele>1187.1</ele></trkpt>
      <trkpt lat="41.796452" lon="9.220631"><ele>1187.1</ele></trkpt>
      <trkpt lat="41.796362" lon="9.220518"><ele>1183.8</ele></trkpt>
      <trkpt lat="41.796362" lon="9.220467"><ele>1184.3</ele></trkpt>
      <trkpt lat="41.796340" lon="9.220446"><ele>1183.3</ele></trkpt>
      <trkpt lat="41.796340" lon="9.220401"><ele>1183.7</ele></trkpt>
      <trkpt lat="41.796294" lon="9.220307"><ele>1182.0</ele></trkpt>
      <trkpt lat="41.796166" lon="9.220138"><ele>1175.6</ele></trkpt>
      <trkpt lat="41.796065" lon="9.219983"><ele>1170.4</ele></trkpt>
      <trkpt lat="41.795988" lon="9.219907"><ele>1166.3</ele></trkpt>
      <trkpt lat="41.795886" lon="9.219655"><ele>1161.5</ele></trkpt>
      <trkpt lat="41.795811" lon="9.219562"><ele>1157.5</ele></trkpt>
      <trkpt lat="41.795789" lon="9.219437"><ele>1157.0</ele></trkpt>
      <trkpt lat="41.795642" lon="9.219306"><ele>1149.7</ele></trkpt>
      <trkpt lat="41.795577" lon="9.219194"><ele>1146.9</ele></trkpt>
      <trkpt lat="41.795493" lon="9.219112"><ele>1142.7</ele></trkpt>
      <trkpt lat="41.795359" lon="9.219013"><ele>1135.8</ele></trkpt>
      <trkpt lat="41.795331" lon="9.218968"><ele>1134.6</ele></trkpt>
      <trkpt lat="41.795273" lon="9.218906"><ele>1131.6</ele></trkpt>
      <trkpt lat="41.795238" lon="9.218808"><ele>1130.3</ele></trkpt>
      <trkpt lat="41.795145" lon="9.218743"><ele>1125.2</ele></trkpt>
      <trkpt lat="41.794969" lon="9.218441"><ele>1118.0</ele></trkpt>
      <trkpt lat="41.794714" lon="9.218174"><ele>1106.5</ele></trkpt>
      <trkpt lat="41.794726" lon="9.217662"><ele>1115.0</ele></trkpt>
      <trkpt lat="41.794709" lon="9.217537"><ele>1116.5</ele></trkpt>
      <trkpt lat="41.794688" lon="9.217498"><ele>1116.1</ele></trkpt>
      <trkpt lat="41.794633" lon="9.217397"><ele>1115.2</ele></trkpt>
      <trkpt lat="41.794442" lon="9.217245"><ele>1107.8</ele></trkpt>
      <trkpt lat="41.794038" lon="9.217031"><ele>1092.6</ele></trkpt>
      <trkpt lat="41.794011" lon="9.217004"><ele>1092.1</ele></trkpt>
      <trkpt lat="41.793963" lon="9.216975"><ele>1090.9</ele></trkpt>
      <trkpt lat="41.793939" lon="9.216908"><ele>1091.7</ele></trkpt>
      <trkpt lat="41.793834" lon="9.216808"><ele>1090.4</ele></trkpt>
      <trkpt lat="41.793751" lon="9.216757"><ele>1088.3</ele></trkpt>
      <trkpt lat="41.793699" lon="9.216700"><ele>1087.1</ele></trkpt>
      <trkpt lat="41.793582" lon="9.216639"><ele>1082.8</ele></trkpt>
      <trkpt lat="41.793144" lon="9.216438"><ele>1064.4</ele></trkpt>
      <trkpt lat="41.793120" lon="9.216306"><ele>1065.1</ele></trkpt>
      <trkpt lat="41.793092" lon="9.216283"><ele>1064.1</ele></trkpt>
      <trkpt lat="41.793005" lon="9.216203"><ele>1060.9</ele></trkpt>
      <trkpt lat="41.792963" lon="9.216160"><ele>1059.3</ele></trkpt>
      <trkpt lat="41.792953" lon="9.216059"><ele>1059.7</ele></trkpt>
      <trkpt lat="41.792975" lon="9.215881"><ele>1062.2</ele></trkpt>
      <trkpt lat="41.792963" lon="9.215823"><ele>1061.9</ele></trkpt>
      <trkpt lat="41.792913" lon="9.215568"><ele>1060.4</ele></trkpt>
      <trkpt lat="41.792924" lon="9.215435"><ele>1061.5</ele></trkpt>
      <trkpt lat="41.792989" lon="9.215231"><ele>1066.0</ele></trkpt>
      <trkpt lat="41.793008" lon="9.215091"><ele>1067.6</ele></trkpt>
      <trkpt lat="41.793079" lon="9.214925"><ele>1073.1</ele></trkpt>
      <trkpt lat="41.793043" lon="9.214811"><ele>1071.4</ele></trkpt>
      <trkpt lat="41.792999" lon="9.214698"><ele>1069.4</ele></trkpt>
      <trkpt lat="41.792991" lon="9.214608"><ele>1069.7</ele></trkpt>
      <trkpt lat="41.792922" lon="9.214525"><ele>1066.0</ele></trkpt>
      <trkpt lat="41.792863" lon="9.214419"><ele>1063.5</ele></trkpt>
      <trkpt lat="41.792836" lon="9.214359"><ele>1062.6</ele></trkpt>
      <trkpt lat="41.792751" lon="9.214128"><ele>1061.0</ele></trkpt>
      <trkpt lat="41.792667" lon="9.214040"><ele>1057.7</ele></trkpt>
      <trkpt lat="41.792537" lon="9.213988"><ele>1051.5</ele></trkpt>
      <trkpt lat="41.792510" lon="9.213936"><ele>1051.1</ele></trkpt>
      <trkpt lat="41.792452" lon="9.213663"><ele>1054.2</ele></trkpt>
      <trkpt lat="41.792235" lon="9.213217"><ele>1054.8</ele></trkpt>
      <trkpt lat="41.792160" lon="9.213156"><ele>1052.9</ele></trkpt>
      <trkpt lat="41.792076" lon="9.213067"><ele>1051.5</ele></trkpt>
      <trkpt lat="41.792041" lon="9.213041"><ele>1050.7</ele></trkpt>
      <trkpt lat="41.791992" lon="9.213037"><ele>1048.7</ele></trkpt>
      <trkpt lat="41.791944" lon="9.212986"><ele>1047.9</ele></trkpt>
      <trkpt lat="41.791889" lon="9.212898"><ele>1047.7</ele></trkpt>
      <trkpt lat="41.791766" lon="9.212823"><ele>1044.8</ele></trkpt>
      <trkpt lat="41.791538" lon="9.212468"><ele>1042.1</ele></trkpt>
      <trkpt lat="41.791432" lon="9.212195"><ele>1039.3</ele></trkpt>
      <trkpt lat="41.791406" lon="9.211974"><ele>1038.0</ele></trkpt>
      <trkpt lat="41.791348" lon="9.211825"><ele>1035.1</ele></trkpt>
      <trkpt lat="41.791307" lon="9.211691"><ele>1031.9</ele></trkpt>
      <trkpt lat="41.791239" lon="9.211561"><ele>1027.0</ele></trkpt>
      <trkpt lat="41.791230" lon="9.211495"><ele>1025.3</ele></trkpt>
      <trkpt lat="41.791247" lon="9.211457"><ele>1025.2</ele></trkpt>
      <trkpt lat="41.791282" lon="9.211340"><ele>1023.6</ele></trkpt>
      <trkpt lat="41.791375" lon="9.211224"><ele>1023.9</ele></trkpt>
      <trkpt lat="41.791442" lon="9.211132"><ele>1023.8</ele></trkpt>
      <trkpt lat="41.791475" lon="9.211087"><ele>1023.8</ele></trkpt>
      <trkpt lat="41.791533" lon="9.211051"><ele>1025.0</ele></trkpt>
      <trkpt lat="41.791626" lon="9.210963"><ele>1025.9</ele></trkpt>
      <trkpt lat="41.791783" lon="9.210778"><ele>1024.6</ele></trkpt>
      <trkpt lat="41.791839" lon="9.210696"><ele>1023.2</ele></trkpt>
      <trkpt lat="41.791897" lon="9.210681"><ele>1024.5</ele></trkpt>
      <trkpt lat="41.792159" lon="9.210615"><ele>1029.4</ele></trkpt>
      <trkpt lat="41.792197" lon="9.210540"><ele>1027.4</ele></trkpt>
      <trkpt lat="41.792318" lon="9.210383"><ele>1023.7</ele></trkpt>
      <trkpt lat="41.792566" lon="9.210316"><ele>1024.8</ele></trkpt>
      <trkpt lat="41.792939" lon="9.210347"><ele>1030.6</ele></trkpt>
      <trkpt lat="41.793281" lon="9.210299"><ele>1028.8</ele></trkpt>
      <trkpt lat="41.793370" lon="9.210303"><ele>1028.3</ele></trkpt>
      <trkpt lat="41.793445" lon="9.210328"><ele>1028.7</ele></trkpt>
      <trkpt lat="41.793552" lon="9.210399"><ele>1030.8</ele></trkpt>
      <trkpt lat="41.793785" lon="9.210328"><ele>1026.8</ele></trkpt>
      <trkpt lat="41.793922" lon="9.210279"><ele>1025.2</ele></trkpt>
      <trkpt lat="41.794036" lon="9.210269"><ele>1025.6</ele></trkpt>
      <trkpt lat="41.794171" lon="9.210183"><ele>1024.3</ele></trkpt>
      <trkpt lat="41.794247" lon="9.210097"><ele>1023.1</ele></trkpt>
      <trkpt lat="41.794314" lon="9.210071"><ele>1023.8</ele></trkpt>
      <trkpt lat="41.794395" lon="9.209890"><ele>1020.7</ele></trkpt>
      <trkpt lat="41.794515" lon="9.209784"><ele>1021.2</ele></trkpt>
      <trkpt lat="41.794631" lon="9.209864"><ele>1026.3</ele></trkpt>
      <trkpt lat="41.794743" lon="9.209882"><ele>1029.9</ele></trkpt>
      <trkpt lat="41.794815" lon="9.209829"><ele>1030.7</ele></trkpt>
      <trkpt lat="41.794941" lon="9.209743"><ele>1032.6</ele></trkpt>
      <trkpt lat="41.795047" lon="9.209708"><ele>1035.2</ele></trkpt>
      <trkpt lat="41.795119" lon="9.209633"><ele>1036.0</ele></trkpt>
      <trkpt lat="41.795215" lon="9.209531"><ele>1037.3</ele></trkpt>
      <trkpt lat="41.795348" lon="9.209514"><ele>1042.1</ele></trkpt>
      <trkpt lat="41.795428" lon="9.209490"><ele>1045.0</ele></trkpt>
      <trkpt lat="41.795520" lon="9.209461"><ele>1048.5</ele></trkpt>
      <trkpt lat="41.795558" lon="9.209326"><ele>1047.8</ele></trkpt>
      <trkpt lat="41.795513" lon="9.209239"><ele>1044.2</ele></trkpt>
      <trkpt lat="41.795469" lon="9.209111"><ele>1040.3</ele></trkpt>
      <trkpt lat="41.795486" lon="9.209046"><ele>1040.0</ele></trkpt>
      <trkpt lat="41.795549" lon="9.209044"><ele>1042.7</ele></trkpt>
      <trkpt lat="41.795581" lon="9.209083"><ele>1044.7</ele></trkpt>
      <trkpt lat="41.795715" lon="9.209008"><ele>1049.8</ele></trkpt>
      <trkpt lat="41.795791" lon="9.208876"><ele>1051.8</ele></trkpt>
      <trkpt lat="41.795828" lon="9.208722"><ele>1051.6</ele></trkpt>
      <trkpt lat="41.796056" lon="9.208373"><ele>1057.0</ele></trkpt>
      <trkpt lat="41.796190" lon="9.208243"><ele>1060.0</ele></trkpt>
      <trkpt lat="41.796369" lon="9.208103"><ele>1063.1</ele></trkpt>
      <trkpt lat="41.796551" lon="9.207908"><ele>1062.1</ele></trkpt>
      <trkpt lat="41.796700" lon="9.207836"><ele>1063.6</ele></trkpt>
      <trkpt lat="41.796827" lon="9.207687"><ele>1059.9</ele></trkpt>
      <trkpt lat="41.796945" lon="9.207619"><ele>1059.3</ele></trkpt>
      <trkpt lat="41.797113" lon="9.207434"><ele>1053.3</ele></trkpt>
      <trkpt lat="41.797317" lon="9.207301"><ele>1052.0</ele></trkpt>
      <trkpt lat="41.797517" lon="9.207311"><ele>1060.3</ele></trkpt>
      <trkpt lat="41.797756" lon="9.207239"><ele>1064.6</ele></trkpt>
      <trkpt lat="41.798320" lon="9.207210"><ele>1073.5</ele></trkpt>
      <trkpt lat="41.798506" lon="9.207106"><ele>1071.4</ele></trkpt>
      <trkpt lat="41.798662" lon="9.206955"><ele>1069.3</ele></trkpt>
      <trkpt lat="41.799041" lon="9.206832"><ele>1076.2</ele></trkpt>
      <trkpt lat="41.799070" lon="9.206685"><ele>1075.1</ele></trkpt>
      <trkpt lat="41.798963" lon="9.206552"><ele>1069.5</ele></trkpt>
      <trkpt lat="41.799032" lon="9.206366"><ele>1068.4</ele></trkpt>
      <trkpt lat="41.799070" lon="9.206262"><ele>1068.8</ele></trkpt>
      <trkpt lat="41.799074" lon="9.205963"><ele>1068.8</ele></trkpt>
      <trkpt lat="41.799003" lon="9.205880"><ele>1064.9</ele></trkpt>
      <trkpt lat="41.798978" lon="9.205851"><ele>1063.8</ele></trkpt>
      <trkpt lat="41.798888" lon="9.205516"><ele>1068.5</ele></trkpt>
      <trkpt lat="41.798675" lon="9.205438"><ele>1060.1</ele></trkpt>
      <trkpt lat="41.798458" lon="9.205467"><ele>1048.0</ele></trkpt>
      <trkpt lat="41.798240" lon="9.205425"><ele>1041.3</ele></trkpt>
      <trkpt lat="41.798134" lon="9.205231"><ele>1047.8</ele></trkpt>
      <trkpt lat="41.797958" lon="9.205064"><ele>1049.1</ele></trkpt>
      <trkpt lat="41.797492" lon="9.204541"><ele>1054.9</ele></trkpt>
      <trkpt lat="41.797274" lon="9.204489"><ele>1051.2</ele></trkpt>
      <trkpt lat="41.797020" lon="9.204375"><ele>1050.0</ele></trkpt>
      <trkpt lat="41.796550" lon="9.203999"><ele>1054.9</ele></trkpt>
      <trkpt lat="41.796214" lon="9.203528"><ele>1060.4</ele></trkpt>
      <trkpt lat="41.795992" lon="9.203286"><ele>1060.6</ele></trkpt>
      <trkpt lat="41.795596" lon="9.203147"><ele>1051.1</ele></trkpt>
      <trkpt lat="41.795029" lon="9.202842"><ele>1039.3</ele></trkpt>
      <trkpt lat="41.794859" lon="9.202534"><ele>1040.2</ele></trkpt>
      <trkpt lat="41.794867" lon="9.202424"><ele>1042.1</ele></trkpt>
      <trkpt lat="41.794827" lon="9.202310"><ele>1042.6</ele></trkpt>
      <trkpt lat="41.794708" lon="9.202189"><ele>1040.4</ele></trkpt>
      <trkpt lat="41.794573" lon="9.202174"><ele>1036.4</ele></trkpt>
      <trkpt lat="41.794481" lon="9.202107"><ele>1034.1</ele></trkpt>
      <trkpt lat="41.794462" lon="9.201977"><ele>1034.2</ele></trkpt>
      <trkpt lat="41.794476" lon="9.201875"><ele>1034.8</ele></trkpt>
      <trkpt lat="41.794475" lon="9.201783"><ele>1034.6</ele></trkpt>
      <trkpt lat="41.794497" lon="9.201702"><ele>1035.0</ele></trkpt>
      <trkpt lat="41.794529" lon="9.201519"><ele>1034.3</ele></trkpt>
      <trkpt lat="41.794654" lon="9.201268"><ele>1033.2</ele></trkpt>
      <trkpt lat="41.794715" lon="9.201207"><ele>1033.4</ele></trkpt>
      <trkpt lat="41.794861" lon="9.201202"><ele>1036.9</ele></trkpt>
      <trkpt lat="41.794926" lon="9.201154"><ele>1037.3</ele></trkpt>
      <trkpt lat="41.795048" lon="9.201093"><ele>1038.8</ele></trkpt>
      <trkpt lat="41.795148" lon="9.201076"><ele>1041.0</ele></trkpt>
      <trkpt lat="41.795282" lon="9.201019"><ele>1043.0</ele></trkpt>
      <trkpt lat="41.795441" lon="9.200878"><ele>1043.5</ele></trkpt>
      <trkpt lat="41.795775" lon="9.200662"><ele>1047.7</ele></trkpt>
      <trkpt lat="41.795939" lon="9.200532"><ele>1050.6</ele></trkpt>
      <trkpt lat="41.796002" lon="9.200456"><ele>1051.4</ele></trkpt>
      <trkpt lat="41.796061" lon="9.200359"><ele>1051.9</ele></trkpt>
      <trkpt lat="41.796138" lon="9.200289"><ele>1054.0</ele></trkpt>
      <trkpt lat="41.796153" lon="9.200188"><ele>1053.6</ele></trkpt>
      <trkpt lat="41.796168" lon="9.200091"><ele>1053.6</ele></trkpt>
      <trkpt lat="41.796154" lon="9.199972"><ele>1052.7</ele></trkpt>
      <trkpt lat="41.796188" lon="9.199894"><ele>1053.9</ele></trkpt>
      <trkpt lat="41.796189" lon="9.199716"><ele>1054.4</ele></trkpt>
      <trkpt lat="41.796174" lon="9.199665"><ele>1054.1</ele></trkpt>
      <trkpt lat="41.796070" lon="9.199308"><ele>1053.5</ele></trkpt>
      <trkpt lat="41.795902" lon="9.199120"><ele>1049.8</ele></trkpt>
      <trkpt lat="41.795842" lon="9.198916"><ele>1050.0</ele></trkpt>
      <trkpt lat="41.795749" lon="9.198836"><ele>1047.6</ele></trkpt>
      <trkpt lat="41.795731" lon="9.198730"><ele>1048.2</ele></trkpt>
      <trkpt lat="41.795518" lon="9.198543"><ele>1044.2</ele></trkpt>
      <trkpt lat="41.795494" lon="9.198424"><ele>1044.8</ele></trkpt>
      <trkpt lat="41.795474" lon="9.198368"><ele>1044.8</ele></trkpt>
      <trkpt lat="41.795465" lon="9.198292"><ele>1045.3</ele></trkpt>
      <trkpt lat="41.795444" lon="9.198225"><ele>1045.3</ele></trkpt>
      <trkpt lat="41.795424" lon="9.198031"><ele>1046.4</ele></trkpt>
      <trkpt lat="41.795402" lon="9.197952"><ele>1046.4</ele></trkpt>
      <trkpt lat="41.795369" lon="9.197897"><ele>1046.0</ele></trkpt>
      <trkpt lat="41.795370" lon="9.197852"><ele>1046.3</ele></trkpt>
      <trkpt lat="41.795332" lon="9.197811"><ele>1045.7</ele></trkpt>
      <trkpt lat="41.795262" lon="9.197653"><ele>1045.2</ele></trkpt>
      <trkpt lat="41.795195" lon="9.197264"><ele>1045.6</ele></trkpt>
      <trkpt lat="41.795159" lon="9.197126"><ele>1045.2</ele></trkpt>
      <trkpt lat="41.795054" lon="9.196891"><ele>1043.8</ele></trkpt>
      <trkpt lat="41.795047" lon="9.196675"><ele>1043.6</ele></trkpt>
      <trkpt lat="41.795064" lon="9.196572"><ele>1043.7</ele></trkpt>
      <trkpt lat="41.795072" lon="9.196461"><ele>1043.6</ele></trkpt>
      <trkpt lat="41.795122" lon="9.196340"><ele>1044.1</ele></trkpt>
      <trkpt lat="41.795168" lon="9.196215"><ele>1044.5</ele></trkpt>
      <trkpt lat="41.795200" lon="9.196146"><ele>1045.0</ele></trkpt>
      <trkpt lat="41.795205" lon="9.196102"><ele>1044.9</ele></trkpt>
      <trkpt lat="41.795229" lon="9.195980"><ele>1045.0</ele></trkpt>
      <trkpt lat="41.795277" lon="9.195835"><ele>1045.4</ele></trkpt>
      <trkpt lat="41.795318" lon="9.195735"><ele>1046.0</ele></trkpt>
      <trkpt lat="41.795352" lon="9.195638"><ele>1046.3</ele></trkpt>
      <trkpt lat="41.795374" lon="9.195435"><ele>1045.8</ele></trkpt>
      <trkpt lat="41.795404" lon="9.195396"><ele>1046.4</ele></trkpt>
      <trkpt lat="41.795420" lon="9.195314"><ele>1046.4</ele></trkpt>
      <trkpt lat="41.795467" lon="9.195214"><ele>1047.1</ele></trkpt>
      <trkpt lat="41.795459" lon="9.195167"><ele>1046.5</ele></trkpt>
      <trkpt lat="41.795496" lon="9.195036"><ele>1046.7</ele></trkpt>
      <trkpt lat="41.795518" lon="9.195003"><ele>1047.2</ele></trkpt>
      <trkpt lat="41.795565" lon="9.194954"><ele>1048.4</ele></trkpt>
      <trkpt lat="41.795632" lon="9.194904"><ele>1050.3</ele></trkpt>
      <trkpt lat="41.795702" lon="9.194709"><ele>1050.8</ele></trkpt>
      <trkpt lat="41.795784" lon="9.194605"><ele>1052.6</ele></trkpt>
      <trkpt lat="41.795860" lon="9.194374"><ele>1052.5</ele></trkpt>
      <trkpt lat="41.795982" lon="9.194100"><ele>1054.0</ele></trkpt>
      <trkpt lat="41.795996" lon="9.194069"><ele>1054.1</ele></trkpt>
      <trkpt lat="41.796057" lon="9.193924"><ele>1054.7</ele></trkpt>
      <trkpt lat="41.796153" lon="9.193839"><ele>1057.3</ele></trkpt>
      <trkpt lat="41.796201" lon="9.193749"><ele>1057.8</ele></trkpt>
      <trkpt lat="41.796257" lon="9.193656"><ele>1058.1</ele></trkpt>
      <trkpt lat="41.796324" lon="9.193562"><ele>1058.3</ele></trkpt>
      <trkpt lat="41.796368" lon="9.193536"><ele>1059.0</ele></trkpt>
      <trkpt lat="41.796429" lon="9.193569"><ele>1061.6</ele></trkpt>
      <trkpt lat="41.796523" lon="9.193544"><ele>1063.7</ele></trkpt>
      <trkpt lat="41.796597" lon="9.193580"><ele>1066.6</ele></trkpt>
      <trkpt lat="41.796610" lon="9.193621"><ele>1068.0</ele></trkpt>
      <trkpt lat="41.796599" lon="9.193746"><ele>1070.7</ele></trkpt>
      <trkpt lat="41.796629" lon="9.193766"><ele>1072.0</ele></trkpt>
      <trkpt lat="41.796862" lon="9.193869"><ele>1080.6</ele></trkpt>
      <trkpt lat="41.796904" lon="9.193939"><ele>1083.3</ele></trkpt>
      <trkpt lat="41.796943" lon="9.194058"><ele>1087.0</ele></trkpt>
      <trkpt lat="41.796988" lon="9.194078"><ele>1088.6</ele></trkpt>
      <trkpt lat="41.797006" lon="9.194147"><ele>1090.7</ele></trkpt>
      <trkpt lat="41.797032" lon="9.194240"><ele>1093.6</ele></trkpt>
      <trkpt lat="41.797054" lon="9.194270"><ele>1094.8</ele></trkpt>
      <trkpt lat="41.797122" lon="9.194261"><ele>1096.2</ele></trkpt>
      <trkpt lat="41.797191" lon="9.194302"><ele>1098.7</ele></trkpt>
      <trkpt lat="41.797229" lon="9.194405"><ele>1101.9</ele></trkpt>
      <trkpt lat="41.797272" lon="9.194432"><ele>1103.4</ele></trkpt>
      <trkpt lat="41.797333" lon="9.194437"><ele>1104.7</ele></trkpt>
      <trkpt lat="41.797407" lon="9.194491"><ele>1107.4</ele></trkpt>
      <trkpt lat="41.797471" lon="9.194488"><ele>1108.5</ele></trkpt>
      <trkpt lat="41.797543" lon="9.194437"><ele>1108.3</ele></trkpt>
      <trkpt lat="41.797596" lon="9.194434"><ele>1109.0</ele></trkpt>
      <trkpt lat="41.797639" lon="9.194402"><ele>1108.7</ele></trkpt>
      <trkpt lat="41.797751" lon="9.194371"><ele>1109.3</ele></trkpt>
      <trkpt lat="41.798018" lon="9.194217"><ele>1106.6</ele></trkpt>
      <trkpt lat="41.798098" lon="9.194215"><ele>1107.2</ele></trkpt>
      <trkpt lat="41.798328" lon="9.194152"><ele>1107.3</ele></trkpt>
      <trkpt lat="41.798451" lon="9.194097"><ele>1106.8</ele></trkpt>
      <trkpt lat="41.798703" lon="9.194217"><ele>1115.6</ele></trkpt>
      <trkpt lat="41.798766" lon="9.194228"><ele>1117.2</ele></trkpt>
      <trkpt lat="41.798834" lon="9.194205"><ele>1117.4</ele></trkpt>
      <trkpt lat="41.798882" lon="9.194173"><ele>1117.0</ele></trkpt>
      <trkpt lat="41.799012" lon="9.194187"><ele>1120.2</ele></trkpt>
      <trkpt lat="41.799049" lon="9.194107"><ele>1117.7</ele></trkpt>
      <trkpt lat="41.799308" lon="9.194064"><ele>1121.7</ele></trkpt>
      <trkpt lat="41.799532" lon="9.193960"><ele>1122.1</ele></trkpt>
      <trkpt lat="41.799703" lon="9.193984"><ele>1125.5</ele></trkpt>
      <trkpt lat="41.799840" lon="9.193889"><ele>1123.0</ele></trkpt>
      <trkpt lat="41.800107" lon="9.193871"><ele>1122.4</ele></trkpt>
      <trkpt lat="41.800228" lon="9.193970"><ele>1125.4</ele></trkpt>
      <trkpt lat="41.800345" lon="9.193996"><ele>1125.2</ele></trkpt>
      <trkpt lat="41.800398" lon="9.194061"><ele>1127.2</ele></trkpt>
      <trkpt lat="41.800479" lon="9.194133"><ele>1129.1</ele></trkpt>
      <trkpt lat="41.800674" lon="9.194206"><ele>1128.5</ele></trkpt>
      <trkpt lat="41.800824" lon="9.194335"><ele>1131.1</ele></trkpt>
      <trkpt lat="41.800914" lon="9.194447"><ele>1134.1</ele></trkpt>
      <trkpt lat="41.801015" lon="9.194489"><ele>1133.2</ele></trkpt>
      <trkpt lat="41.801141" lon="9.194511"><ele>1130.5</ele></trkpt>
      <trkpt lat="41.801385" lon="9.194662"><ele>1130.6</ele></trkpt>
      <trkpt lat="41.801790" lon="9.194974"><ele>1135.7</ele></trkpt>
      <trkpt lat="41.801925" lon="9.195008"><ele>1134.4</ele></trkpt>
      <trkpt lat="41.802150" lon="9.195198"><ele>1139.6</ele></trkpt>
      <trkpt lat="41.802259" lon="9.195247"><ele>1140.1</ele></trkpt>
      <trkpt lat="41.802317" lon="9.195310"><ele>1142.2</ele></trkpt>
      <trkpt lat="41.802385" lon="9.195292"><ele>1140.4</ele></trkpt>
      <trkpt lat="41.802430" lon="9.195318"><ele>1141.2</ele></trkpt>
      <trkpt lat="41.802453" lon="9.195388"><ele>1144.3</ele></trkpt>
      <trkpt lat="41.802503" lon="9.195418"><ele>1145.2</ele></trkpt>
      <trkpt lat="41.802556" lon="9.195387"><ele>1143.4</ele></trkpt>
      <trkpt lat="41.802634" lon="9.195383"><ele>1142.8</ele></trkpt>
      <trkpt lat="41.802752" lon="9.195412"><ele>1144.0</ele></trkpt>
      <trkpt lat="41.802889" lon="9.195421"><ele>1144.6</ele></trkpt>
      <trkpt lat="41.802896" lon="9.195473"><ele>1146.9</ele></trkpt>
      <trkpt lat="41.803071" lon="9.195547"><ele>1151.0</ele></trkpt>
      <trkpt lat="41.803228" lon="9.195672"><ele>1157.7</ele></trkpt>
      <trkpt lat="41.803319" lon="9.195661"><ele>1158.3</ele></trkpt>
      <trkpt lat="41.803645" lon="9.195930"><ele>1171.9</ele></trkpt>
      <trkpt lat="41.803833" lon="9.195989"><ele>1175.8</ele></trkpt>
      <trkpt lat="41.803907" lon="9.195980"><ele>1176.1</ele></trkpt>
      <trkpt lat="41.804144" lon="9.195953"><ele>1175.4</ele></trkpt>
      <trkpt lat="41.804268" lon="9.196055"><ele>1177.3</ele></trkpt>
      <trkpt lat="41.804390" lon="9.196356"><ele>1183.9</ele></trkpt>
      <trkpt lat="41.804476" lon="9.196434"><ele>1184.5</ele></trkpt>
      <trkpt lat="41.804583" lon="9.196663"><ele>1189.5</ele></trkpt>
      <trkpt lat="41.804782" lon="9.196744"><ele>1187.7</ele></trkpt>
      <trkpt lat="41.805040" lon="9.197024"><ele>1191.4</ele></trkpt>
      <trkpt lat="41.805277" lon="9.197213"><ele>1193.1</ele></trkpt>
      <trkpt lat="41.805412" lon="9.197282"><ele>1192.5</ele></trkpt>
      <trkpt lat="41.805520" lon="9.197359"><ele>1193.4</ele></trkpt>
      <trkpt lat="41.805664" lon="9.197462"><ele>1194.8</ele></trkpt>
      <trkpt lat="41.805769" lon="9.197580"><ele>1198.4</ele></trkpt>
      <trkpt lat="41.805884" lon="9.197735"><ele>1204.0</ele></trkpt>
      <trkpt lat="41.805909" lon="9.197839"><ele>1209.1</ele></trkpt>
      <trkpt lat="41.806010" lon="9.198062"><ele>1218.1</ele></trkpt>
      <trkpt lat="41.806183" lon="9.198310"><ele>1224.3</ele></trkpt>
      <trkpt lat="41.806554" lon="9.198573"><ele>1223.9</ele></trkpt>
      <trkpt lat="41.806629" lon="9.198944"><ele>1237.7</ele></trkpt>
      <trkpt lat="41.806615" lon="9.199088"><ele>1244.2</ele></trkpt>
      <trkpt lat="41.806641" lon="9.199270"><ele>1250.5</ele></trkpt>
      <trkpt lat="41.806749" lon="9.199437"><ele>1252.5</ele></trkpt>
      <trkpt lat="41.806982" lon="9.199604"><ele>1249.6</ele></trkpt>
      <trkpt lat="41.807193" lon="9.199694"><ele>1244.8</ele></trkpt>
      <trkpt lat="41.807203" lon="9.199601"><ele>1241.8</ele></trkpt>
      <trkpt lat="41.807314" lon="9.199547"><ele>1236.0</ele></trkpt>
      <trkpt lat="41.807510" lon="9.199515"><ele>1227.8</ele></trkpt>
      <trkpt lat="41.807629" lon="9.199677"><ele>1229.0</ele></trkpt>
      <trkpt lat="41.807690" lon="9.199985"><ele>1236.4</ele></trkpt>
      <trkpt lat="41.807881" lon="9.200143"><ele>1236.2</ele></trkpt>
      <trkpt lat="41.808018" lon="9.200190"><ele>1234.5</ele></trkpt>
      <trkpt lat="41.808327" lon="9.200474"><ele>1238.2</ele></trkpt>
      <trkpt lat="41.808530" lon="9.200579"><ele>1239.7</ele></trkpt>
      <trkpt lat="41.808766" lon="9.200727"><ele>1242.5</ele></trkpt>
      <trkpt lat="41.809117" lon="9.200626"><ele>1237.5</ele></trkpt>
      <trkpt lat="41.809280" lon="9.200535"><ele>1233.8</ele></trkpt>
      <trkpt lat="41.809368" lon="9.200534"><ele>1233.2</ele></trkpt>
      <trkpt lat="41.809389" lon="9.200619"><ele>1235.7</ele></trkpt>
      <trkpt lat="41.809426" lon="9.200635"><ele>1235.9</ele></trkpt>
      <trkpt lat="41.809452" lon="9.200680"><ele>1237.0</ele></trkpt>
      <trkpt lat="41.809493" lon="9.200787"><ele>1240.1</ele></trkpt>
      <trkpt lat="41.809571" lon="9.200889"><ele>1242.8</ele></trkpt>
      <trkpt lat="41.809782" lon="9.201089"><ele>1247.0</ele></trkpt>
      <trkpt lat="41.809913" lon="9.201165"><ele>1247.6</ele></trkpt>
      <trkpt lat="41.810071" lon="9.201251"><ele>1247.4</ele></trkpt>
      <trkpt lat="41.810221" lon="9.201455"><ele>1250.9</ele></trkpt>
      <trkpt lat="41.810276" lon="9.201468"><ele>1249.8</ele></trkpt>
      <trkpt lat="41.810516" lon="9.201533"><ele>1244.7</ele></trkpt>
      <trkpt lat="41.810557" lon="9.201531"><ele>1243.2</ele></trkpt>
      <trkpt lat="41.810633" lon="9.201708"><ele>1246.9</ele></trkpt>
      <trkpt lat="41.810727" lon="9.201809"><ele>1246.9</ele></trkpt>
      <trkpt lat="41.810866" lon="9.202106"><ele>1251.8</ele></trkpt>
      <trkpt lat="41.810985" lon="9.202207"><ele>1250.0</ele></trkpt>
      <trkpt lat="41.811365" lon="9.202752"><ele>1252.4</ele></trkpt>
      <trkpt lat="41.811534" lon="9.203067"><ele>1256.1</ele></trkpt>
      <trkpt lat="41.811557" lon="9.203293"><ele>1263.5</ele></trkpt>
      <trkpt lat="41.811617" lon="9.203433"><ele>1265.2</ele></trkpt>
      <trkpt lat="41.812286" lon="9.204272"><ele>1249.6</ele></trkpt>
      <trkpt lat="41.812449" lon="9.204777"><ele>1253.7</ele></trkpt>
      <trkpt lat="41.812485" lon="9.204920"><ele>1255.9</ele></trkpt>
      <trkpt lat="41.812442" lon="9.205126"><ele>1261.7</ele></trkpt>
      <trkpt lat="41.812138" lon="9.205426"><ele>1276.5</ele></trkpt>
      <trkpt lat="41.812112" lon="9.205529"><ele>1279.2</ele></trkpt>
      <trkpt lat="41.812117" lon="9.205682"><ele>1282.0</ele></trkpt>
      <trkpt lat="41.812178" lon="9.205755"><ele>1281.7</ele></trkpt>
      <trkpt lat="41.812422" lon="9.205822"><ele>1277.5</ele></trkpt>
      <trkpt lat="41.812567" lon="9.205950"><ele>1279.5</ele></trkpt>
      <trkpt lat="41.812624" lon="9.206009"><ele>1280.9</ele></trkpt>
      <trkpt lat="41.812695" lon="9.206036"><ele>1281.4</ele></trkpt>
      <trkpt lat="41.812778" lon="9.205965"><ele>1278.9</ele></trkpt>
      <trkpt lat="41.812844" lon="9.205921"><ele>1277.4</ele></trkpt>
      <trkpt lat="41.812909" lon="9.205911"><ele>1277.2</ele></trkpt>
      <trkpt lat="41.813011" lon="9.205838"><ele>1275.0</ele></trkpt>
      <trkpt lat="41.813180" lon="9.205830"><ele>1276.1</ele></trkpt>
      <trkpt lat="41.813301" lon="9.205797"><ele>1276.4</ele></trkpt>
      <trkpt lat="41.813415" lon="9.205714"><ele>1274.9</ele></trkpt>
      <trkpt lat="41.813493" lon="9.205519"><ele>1268.4</ele></trkpt>
      <trkpt lat="41.813558" lon="9.205508"><ele>1269.2</ele></trkpt>
      <trkpt lat="41.813823" lon="9.205519"><ele>1274.7</ele></trkpt>
      <trkpt lat="41.813995" lon="9.205454"><ele>1275.2</ele></trkpt>
      <trkpt lat="41.814145" lon="9.205473"><ele>1277.3</ele></trkpt>
      <trkpt lat="41.814372" lon="9.205622"><ele>1281.4</ele></trkpt>
      <trkpt lat="41.814693" lon="9.205654"><ele>1275.3</ele></trkpt>
      <trkpt lat="41.814787" lon="9.205719"><ele>1274.0</ele></trkpt>
      <trkpt lat="41.814875" lon="9.205834"><ele>1273.9</ele></trkpt>
      <trkpt lat="41.815006" lon="9.205931"><ele>1272.0</ele></trkpt>
      <trkpt lat="41.815118" lon="9.206157"><ele>1275.8</ele></trkpt>
      <trkpt lat="41.815239" lon="9.206535"><ele>1286.4</ele></trkpt>
      <trkpt lat="41.815274" lon="9.206553"><ele>1286.3</ele></trkpt>
      <trkpt lat="41.815377" lon="9.206607"><ele>1286.2</ele></trkpt>
      <trkpt lat="41.815702" lon="9.206543"><ele>1278.2</ele></trkpt>
      <trkpt lat="41.815830" lon="9.206566"><ele>1277.8</ele></trkpt>
      <trkpt lat="41.815943" lon="9.206586"><ele>1278.1</ele></trkpt>
      <trkpt lat="41.816042" lon="9.206724"><ele>1283.5</ele></trkpt>
      <trkpt lat="41.816131" lon="9.206761"><ele>1284.9</ele></trkpt>
      <trkpt lat="41.816354" lon="9.206856"><ele>1288.6</ele></trkpt>
      <trkpt lat="41.816489" lon="9.206787"><ele>1286.2</ele></trkpt>
      <trkpt lat="41.816579" lon="9.206808"><ele>1287.1</ele></trkpt>
      <trkpt lat="41.816742" lon="9.206969"><ele>1293.9</ele></trkpt>
      <trkpt lat="41.817025" lon="9.207135"><ele>1299.8</ele></trkpt>
      <trkpt lat="41.817277" lon="9.207167"><ele>1297.7</ele></trkpt>
      <trkpt lat="41.817374" lon="9.207268"><ele>1299.2</ele></trkpt>
      <trkpt lat="41.817394" lon="9.207396"><ele>1302.9</ele></trkpt>
      <trkpt lat="41.817493" lon="9.207456"><ele>1302.2</ele></trkpt>
      <trkpt lat="41.817743" lon="9.207680"><ele>1301.4</ele></trkpt>
      <trkpt lat="41.817854" lon="9.207893"><ele>1304.5</ele></trkpt>
      <trkpt lat="41.817923" lon="9.208038"><ele>1307.1</ele></trkpt>
      <trkpt lat="41.818002" lon="9.208196"><ele>1309.8</ele></trkpt>
      <trkpt lat="41.818039" lon="9.208214"><ele>1309.2</ele></trkpt>
      <trkpt lat="41.818065" lon="9.208299"><ele>1311.4</ele></trkpt>
      <trkpt lat="41.818054" lon="9.208366"><ele>1313.9</ele></trkpt>
      <trkpt lat="41.818045" lon="9.208452"><ele>1317.0</ele></trkpt>
      <trkpt lat="41.818048" lon="9.208497"><ele>1318.3</ele></trkpt>
      <trkpt lat="41.818082" lon="9.208543"><ele>1319.0</ele></trkpt>
      <trkpt lat="41.818105" lon="9.208587"><ele>1319.9</ele></trkpt>
      <trkpt lat="41.818041" lon="9.208618"><ele>1322.2</ele></trkpt>
      <trkpt lat="41.818052" lon="9.208667"><ele>1323.5</ele></trkpt>
      <trkpt lat="41.818490" lon="9.208919"><ele>1323.0</ele></trkpt>
      <trkpt lat="41.818933" lon="9.209634"><ele>1338.6</ele></trkpt>
      <trkpt lat="41.819019" lon="9.209655"><ele>1338.9</ele></trkpt>
      <trkpt lat="41.819047" lon="9.209662"><ele>1339.1</ele></trkpt>
      <trkpt lat="41.819221" lon="9.209546"><ele>1335.8</ele></trkpt>
      <trkpt lat="41.819760" lon="9.209486"><ele>1335.2</ele></trkpt>
      <trkpt lat="41.819810" lon="9.209530"><ele>1337.0</ele></trkpt>
      <trkpt lat="41.819989" lon="9.209449"><ele>1334.3</ele></trkpt>
      <trkpt lat="41.820131" lon="9.209534"><ele>1337.5</ele></trkpt>
      <trkpt lat="41.820327" lon="9.209504"><ele>1336.0</ele></trkpt>
      <trkpt lat="41.820356" lon="9.209472"><ele>1334.8</ele></trkpt>
      <trkpt lat="41.820458" lon="9.209466"><ele>1334.5</ele></trkpt>
      <trkpt lat="41.820889" lon="9.209765"><ele>1345.3</ele></trkpt>
      <trkpt lat="41.820916" lon="9.209783"><ele>1346.0</ele></trkpt>
      <trkpt lat="41.821091" lon="9.209723"><ele>1344.0</ele></trkpt>
      <trkpt lat="41.821279" lon="9.209749"><ele>1345.6</ele></trkpt>
      <trkpt lat="41.821530" lon="9.209749"><ele>1345.4</ele></trkpt>
      <trkpt lat="41.821755" lon="9.209761"><ele>1344.4</ele></trkpt>
      <trkpt lat="41.822007" lon="9.209999"><ele>1350.7</ele></trkpt>
      <trkpt lat="41.822270" lon="9.210245"><ele>1355.0</ele></trkpt>
      <trkpt lat="41.822553" lon="9.210431"><ele>1355.3</ele></trkpt>
      <trkpt lat="41.823060" lon="9.211075"><ele>1374.5</ele></trkpt>
      <trkpt lat="41.823279" lon="9.210944"><ele>1367.0</ele></trkpt>
      <trkpt lat="41.823972" lon="9.210937"><ele>1367.9</ele></trkpt>
      <trkpt lat="41.824179" lon="9.211068"><ele>1372.8</ele></trkpt>
      <trkpt lat="41.824534" lon="9.211116"><ele>1371.5</ele></trkpt>
      <trkpt lat="41.825077" lon="9.211381"><ele>1372.3</ele></trkpt>
      <trkpt lat="41.825580" lon="9.211744"><ele>1376.6</ele></trkpt>
      <trkpt lat="41.825740" lon="9.211706"><ele>1371.7</ele></trkpt>
      <trkpt lat="41.825982" lon="9.211761"><ele>1367.1</ele></trkpt>
      <trkpt lat="41.826327" lon="9.212010"><ele>1364.2</ele></trkpt>
      <trkpt lat="41.826618" lon="9.212585"><ele>1374.2</ele></trkpt>
      <trkpt lat="41.826894" lon="9.212962"><ele>1384.0</ele></trkpt>
      <trkpt lat="41.826967" lon="9.212910"><ele>1381.0</ele></trkpt>
      <trkpt lat="41.827192" lon="9.213033"><ele>1385.5</ele></trkpt>
      <trkpt lat="41.827329" lon="9.212771"><ele>1373.6</ele></trkpt>
      <trkpt lat="41.827305" lon="9.212569"><ele>1365.4</ele></trkpt>
      <trkpt lat="41.827419" lon="9.212533"><ele>1364.1</ele></trkpt>
      <trkpt lat="41.827501" lon="9.212346"><ele>1356.9</ele></trkpt>
      <trkpt lat="41.827659" lon="9.212253"><ele>1353.6</ele></trkpt>
      <trkpt lat="41.827810" lon="9.212270"><ele>1354.0</ele></trkpt>
      <trkpt lat="41.828021" lon="9.211881"><ele>1339.2</ele></trkpt>
      <trkpt lat="41.828173" lon="9.211789"><ele>1335.1</ele></trkpt>
      <trkpt lat="41.828669" lon="9.211844"><ele>1327.4</ele></trkpt>
      <trkpt lat="41.829294" lon="9.212185"><ele>1321.8</ele></trkpt>
      <trkpt lat="41.829578" lon="9.212505"><ele>1328.6</ele></trkpt>
      <trkpt lat="41.830344" lon="9.212378"><ele>1326.9</ele></trkpt>
      <trkpt lat="41.830495" lon="9.212476"><ele>1329.3</ele></trkpt>
      <trkpt lat="41.830540" lon="9.212541"><ele>1330.6</ele></trkpt>
      <trkpt lat="41.830708" lon="9.212564"><ele>1329.5</ele></trkpt>
      <trkpt lat="41.830933" lon="9.212717"><ele>1328.7</ele></trkpt>
      <trkpt lat="41.830979" lon="9.212795"><ele>1329.1</ele></trkpt>
      <trkpt lat="41.831046" lon="9.212926"><ele>1329.8</ele></trkpt>
      <trkpt lat="41.831105" lon="9.213171"><ele>1332.5</ele></trkpt>
      <trkpt lat="41.831162" lon="9.213255"><ele>1332.6</ele></trkpt>
      <trkpt lat="41.831489" lon="9.213225"><ele>1324.5</ele></trkpt>
      <trkpt lat="41.831712" lon="9.213290"><ele>1321.9</ele></trkpt>
      <trkpt lat="41.831852" lon="9.213322"><ele>1320.4</ele></trkpt>
      <trkpt lat="41.832028" lon="9.213341"><ele>1318.6</ele></trkpt>
      <trkpt lat="41.832139" lon="9.213316"><ele>1317.1</ele></trkpt>
      <trkpt lat="41.832300" lon="9.213328"><ele>1316.6</ele></trkpt>
      <trkpt lat="41.832575" lon="9.213645"><ele>1320.6</ele></trkpt>
      <trkpt lat="41.832678" lon="9.213866"><ele>1323.8</ele></trkpt>
      <trkpt lat="41.832884" lon="9.214017"><ele>1326.6</ele></trkpt>
      <trkpt lat="41.833052" lon="9.214084"><ele>1327.8</ele></trkpt>
      <trkpt lat="41.832941" lon="9.214190"><ele>1330.0</ele></trkpt>
      <trkpt lat="41.833123" lon="9.214207"><ele>1330.2</ele></trkpt>
      <trkpt lat="41.833451" lon="9.214413"><ele>1333.7</ele></trkpt>
      <trkpt lat="41.833480" lon="9.214532"><ele>1336.4</ele></trkpt>
      <trkpt lat="41.833672" lon="9.214541"><ele>1335.8</ele></trkpt>
      <trkpt lat="41.833796" lon="9.214614"><ele>1336.9</ele></trkpt>
      <trkpt lat="41.834103" lon="9.214584"><ele>1336.5</ele></trkpt>
      <trkpt lat="41.834367" lon="9.214598"><ele>1338.4</ele></trkpt>
      <trkpt lat="41.834478" lon="9.214571"><ele>1339.4</ele></trkpt>
      <trkpt lat="41.834668" lon="9.214414"><ele>1340.2</ele></trkpt>
      <trkpt lat="41.834644" lon="9.214332"><ele>1339.0</ele></trkpt>
      <trkpt lat="41.834644" lon="9.214232"><ele>1338.4</ele></trkpt>
      <trkpt lat="41.834582" lon="9.214065"><ele>1337.5</ele></trkpt>
      <trkpt lat="41.834658" lon="9.214002"><ele>1338.8</ele></trkpt>
      <trkpt lat="41.834757" lon="9.214071"><ele>1340.3</ele></trkpt>
      <trkpt lat="41.834860" lon="9.213830"><ele>1342.6</ele></trkpt>
      <trkpt lat="41.835000" lon="9.213811"><ele>1345.7</ele></trkpt>
      <trkpt lat="41.835162" lon="9.213894"><ele>1349.1</ele></trkpt>
      <trkpt lat="41.835330" lon="9.213886"><ele>1353.1</ele></trkpt>
      <trkpt lat="41.835791" lon="9.213733"><ele>1365.9</ele></trkpt>
      <trkpt lat="41.835990" lon="9.213757"><ele>1370.5</ele></trkpt>
      <trkpt lat="41.836305" lon="9.213605"><ele>1381.3</ele></trkpt>
      <trkpt lat="41.836506" lon="9.213532"><ele>1389.6</ele></trkpt>
      <trkpt lat="41.836621" lon="9.213388"><ele>1396.8</ele></trkpt>
      <trkpt lat="41.836780" lon="9.213393"><ele>1402.7</ele></trkpt>
      <trkpt lat="41.836890" lon="9.213182"><ele>1410.8</ele></trkpt>
      <trkpt lat="41.836934" lon="9.213170"><ele>1412.6</ele></trkpt>
      <trkpt lat="41.836964" lon="9.213092"><ele>1415.0</ele></trkpt>
      <trkpt lat="41.837032" lon="9.213036"><ele>1418.2</ele></trkpt>
      <trkpt lat="41.837068" lon="9.213040"><ele>1419.3</ele></trkpt>
      <trkpt lat="41.837208" lon="9.212931"><ele>1425.4</ele></trkpt>
      <trkpt lat="41.837256" lon="9.212927"><ele>1427.0</ele></trkpt>
      <trkpt lat="41.837338" lon="9.212808"><ele>1431.0</ele></trkpt>
      <trkpt lat="41.837440" lon="9.212603"><ele>1436.8</ele></trkpt>
      <trkpt lat="41.837413" lon="9.212513"><ele>1437.0</ele></trkpt>
      <trkpt lat="41.837423" lon="9.212415"><ele>1438.5</ele></trkpt>
      <trkpt lat="41.837405" lon="9.212172"><ele>1440.9</ele></trkpt>
      <trkpt lat="41.837502" lon="9.212161"><ele>1444.3</ele></trkpt>
      <trkpt lat="41.837463" lon="9.212056"><ele>1444.4</ele></trkpt>
      <trkpt lat="41.837426" lon="9.211937"><ele>1445.0</ele></trkpt>
      <trkpt lat="41.837508" lon="9.211913"><ele>1448.4</ele></trkpt>
      <trkpt lat="41.837605" lon="9.211758"><ele>1454.6</ele></trkpt>
      <trkpt lat="41.837673" lon="9.211796"><ele>1456.5</ele></trkpt>
      <trkpt lat="41.837688" lon="9.211760"><ele>1457.7</ele></trkpt>
      <trkpt lat="41.837763" lon="9.211824"><ele>1459.3</ele></trkpt>
      <trkpt lat="41.837819" lon="9.211822"><ele>1461.4</ele></trkpt>
      <trkpt lat="41.837875" lon="9.211873"><ele>1462.5</ele></trkpt>
      <trkpt lat="41.837967" lon="9.211982"><ele>1463.9</ele></trkpt>
      <trkpt lat="41.838015" lon="9.211968"><ele>1465.8</ele></trkpt>
      <trkpt lat="41.838053" lon="9.211835"><ele>1469.4</ele></trkpt>
      <trkpt lat="41.838153" lon="9.211770"><ele>1473.8</ele></trkpt>
      <trkpt lat="41.838235" lon="9.211754"><ele>1476.7</ele></trkpt>
      <trkpt lat="41.838279" lon="9.211736"><ele>1478.4</ele></trkpt>
      <trkpt lat="41.838459" lon="9.211738"><ele>1484.0</ele></trkpt>
      <trkpt lat="41.838505" lon="9.211769"><ele>1484.8</ele></trkpt>
      <trkpt lat="41.838659" lon="9.211743"><ele>1489.7</ele></trkpt>
      <trkpt lat="41.838755" lon="9.211816"><ele>1491.2</ele></trkpt>
      <trkpt lat="41.838818" lon="9.211762"><ele>1494.0</ele></trkpt>
      <trkpt lat="41.838932" lon="9.211806"><ele>1496.5</ele></trkpt>
      <trkpt lat="41.838986" lon="9.211832"><ele>1497.7</ele></trkpt>
      <trkpt lat="41.839086" lon="9.211740"><ele>1502.2</ele></trkpt>
      <trkpt lat="41.839139" lon="9.211706"><ele>1504.4</ele></trkpt>
      <trkpt lat="41.839272" lon="9.211666"><ele>1509.1</ele></trkpt>
      <trkpt lat="41.839319" lon="9.211692"><ele>1510.1</ele></trkpt>
      <trkpt lat="41.839409" lon="9.211686"><ele>1513.3</ele></trkpt>
      <trkpt lat="41.839592" lon="9.211737"><ele>1519.4</ele></trkpt>
      <trkpt lat="41.839662" lon="9.211703"><ele>1522.7</ele></trkpt>
      <trkpt lat="41.839676" lon="9.211672"><ele>1523.8</ele></trkpt>
      <trkpt lat="41.839834" lon="9.211717"><ele>1529.5</ele></trkpt>
      <trkpt lat="41.839923" lon="9.211818"><ele>1531.4</ele></trkpt>
      <trkpt lat="41.840014" lon="9.212063"><ele>1530.7</ele></trkpt>
      <trkpt lat="41.840155" lon="9.212204"><ele>1532.7</ele></trkpt>
      <trkpt lat="41.840277" lon="9.212288"><ele>1534.7</ele></trkpt>
      <trkpt lat="41.840324" lon="9.212357"><ele>1534.7</ele></trkpt>
      <trkpt lat="41.840342" lon="9.212425"><ele>1533.9</ele></trkpt>
      <trkpt lat="41.840344" lon="9.212479"><ele>1532.8</ele></trkpt>
      <trkpt lat="41.840314" lon="9.212514"><ele>1531.1</ele></trkpt>
      <trkpt lat="41.840327" lon="9.212675"><ele>1528.0</ele></trkpt>
      <trkpt lat="41.840566" lon="9.212902"><ele>1525.7</ele></trkpt>
      <trkpt lat="41.840606" lon="9.212905"><ele>1525.8</ele></trkpt>
      <trkpt lat="41.840690" lon="9.212882"><ele>1526.9</ele></trkpt>
      <trkpt lat="41.840805" lon="9.212914"><ele>1522.2</ele></trkpt>
      <trkpt lat="41.840837" lon="9.212877"><ele>1523.2</ele></trkpt>
      <trkpt lat="41.840918" lon="9.212946"><ele>1517.0</ele></trkpt>
      <trkpt lat="41.840947" lon="9.212878"><ele>1521.0</ele></trkpt>
      <trkpt lat="41.841033" lon="9.212953"><ele>1522.3</ele></trkpt>
      <trkpt lat="41.841147" lon="9.213135"><ele>1534.4</ele></trkpt>
      <trkpt lat="41.841148" lon="9.213210"><ele>1534.2</ele></trkpt>
      <trkpt lat="41.841226" lon="9.213305"><ele>1542.2</ele></trkpt>
      <trkpt lat="41.841352" lon="9.213394"><ele>1552.5</ele></trkpt>
      <trkpt lat="41.841391" lon="9.213493"><ele>1553.7</ele></trkpt>
      <trkpt lat="41.841478" lon="9.214013"><ele>1550.7</ele></trkpt>
      <trkpt lat="41.841490" lon="9.214108"><ele>1549.9</ele></trkpt>
    </trkseg></trk></gpx>