<?xml version='1.0' encoding='UTF-8'?>
<gpx xmlns="http://www.topografix.com/GPX/1/1" version="1.1" creator="merge.py"><trk><name>day2-asinau-prati</name><trkseg><trkpt lat="41.841490" lon="9.214108"><ele>1549.9</ele></trkpt>
      <trkpt lat="41.841522" lon="9.214073"><ele>1551.9</ele></trkpt>
      <trkpt lat="41.841575" lon="9.214118"><ele>1553.7</ele></trkpt>
      <trkpt lat="41.841669" lon="9.214116"><ele>1558.4</ele></trkpt>
      <trkpt lat="41.841707" lon="9.214010"><ele>1561.8</ele></trkpt>
      <trkpt lat="41.841804" lon="9.213749"><ele>1570.2</ele></trkpt>
      <trkpt lat="41.841882" lon="9.213567"><ele>1576.5</ele></trkpt>
      <trkpt lat="41.841889" lon="9.212671"><ele>1587.0</ele></trkpt>
      <trkpt lat="41.841893" lon="9.212488"><ele>1589.7</ele></trkpt>
      <trkpt lat="41.841845" lon="9.212353"><ele>1588.8</ele></trkpt>
      <trkpt lat="41.841714" lon="9.212080"><ele>1579.9</ele></trkpt>
      <trkpt lat="41.841730" lon="9.211724"><ele>1581.5</ele></trkpt>
      <trkpt lat="41.841760" lon="9.211689"><ele>1583.1</ele></trkpt>
      <trkpt lat="41.841778" lon="9.211486"><ele>1580.2</ele></trkpt>
      <trkpt lat="41.841892" lon="9.211340"><ele>1592.4</ele></trkpt>
      <trkpt lat="41.842027" lon="9.211370"><ele>1605.8</ele></trkpt>
      <trkpt lat="41.842065" lon="9.211274"><ele>1608.6</ele></trkpt>
      <trkpt lat="41.842104" lon="9.211279"><ele>1612.0</ele></trkpt>
      <trkpt lat="41.842174" lon="9.211204"><ele>1617.2</ele></trkpt>
      <trkpt lat="41.842247" lon="9.211374"><ele>1623.3</ele></trkpt>
      <trkpt lat="41.842328" lon="9.211225"><ele>1629.2</ele></trkpt>
      <trkpt lat="41.842432" lon="9.211244"><ele>1636.4</ele></trkpt>
      <trkpt lat="41.842472" lon="9.211145"><ele>1640.5</ele></trkpt>
      <trkpt lat="41.842527" lon="9.211125"><ele>1644.2</ele></trkpt>
      <trkpt lat="41.842557" lon="9.211182"><ele>1644.9</ele></trkpt>
      <trkpt lat="41.842599" lon="9.211076"><ele>1648.6</ele></trkpt>
      <trkpt lat="41.842643" lon="9.211156"><ele>1649.2</ele></trkpt>
      <trkpt lat="41.842672" lon="9.211091"><ele>1651.7</ele></trkpt>
      <trkpt lat="41.842726" lon="9.211074"><ele>1654.5</ele></trkpt>
      <trkpt lat="41.842782" lon="9.210999"><ele>1658.9</ele></trkpt>
      <trkpt lat="41.842877" lon="9.210999"><ele>1662.6</ele></trkpt>
      <trkpt lat="41.842888" lon="9.211063"><ele>1661.6</ele></trkpt>
      <trkpt lat="41.842935" lon="9.211039"><ele>1663.9</ele></trkpt>
      <trkpt lat="41.842956" lon="9.210969"><ele>1666.2</ele></trkpt>
      <trkpt lat="41.842998" lon="9.210904"><ele>1669.0</ele></trkpt>
      <trkpt lat="41.843029" lon="9.210955"><ele>1669.1</ele></trkpt>
      <trkpt lat="41.843082" lon="9.210895"><ele>1672.1</ele></trkpt>
      <trkpt lat="41.843210" lon="9.210907"><ele>1676.4</ele></trkpt>
      <trkpt lat="41.843364" lon="9.210949"><ele>1681.5</ele></trkpt>
      <trkpt lat="41.843426" lon="9.210912"><ele>1684.7</ele></trkpt>
      <trkpt lat="41.843421" lon="9.210816"><ele>1685.9</ele></trkpt>
      <trkpt lat="41.843534" lon="9.210801"><ele>1690.9</ele></trkpt>
      <trkpt lat="41.843573" lon="9.210703"><ele>1694.0</ele></trkpt>
      <trkpt lat="41.843613" lon="9.210707"><ele>1695.8</ele></trkpt>
      <trkpt lat="41.843740" lon="9.210502"><ele>1704.7</ele></trkpt>
      <trkpt lat="41.843741" lon="9.210440"><ele>1705.5</ele></trkpt>
      <trkpt lat="41.843797" lon="9.210342"><ele>1709.4</ele></trkpt>
      <trkpt lat="41.843858" lon="9.210228"><ele>1713.7</ele></trkpt>
      <trkpt lat="41.843926" lon="9.210160"><ele>1718.1</ele></trkpt>
      <trkpt lat="41.843941" lon="9.210100"><ele>1719.6</ele></trkpt>
      <trkpt lat="41.843985" lon="9.210099"><ele>1722.0</ele></trkpt>
      <trkpt lat="41.844005" lon="9.209968"><ele>1725.0</ele></trkpt>
      <trkpt lat="41.844046" lon="9.210006"><ele>1726.7</ele></trkpt>
      <trkpt lat="41.844121" lon="9.209862"><ele>1733.0</ele></trkpt>
      <trkpt lat="41.844145" lon="9.209852"><ele>1734.4</ele></trkpt>
      <trkpt lat="41.844155" lon="9.209791"><ele>1735.9</ele></trkpt>
      <trkpt lat="41.844261" lon="9.209554"><ele>1746.1</ele></trkpt>
      <trkpt lat="41.844265" lon="9.209486"><ele>1747.6</ele></trkpt>
      <trkpt lat="41.844307" lon="9.209479"><ele>1750.2</ele></trkpt>
      <trkpt lat="41.844318" lon="9.209421"><ele>1751.9</ele></trkpt>
      <trkpt lat="41.844352" lon="9.209392"><ele>1754.5</ele></trkpt>
      <trkpt lat="41.844358" lon="9.209333"><ele>1756.0</ele></trkpt>
      <trkpt lat="41.844365" lon="9.209259"><ele>1757.9</ele></trkpt>
      <trkpt lat="41.844396" lon="9.209072"><ele>1763.7</ele></trkpt>
      <trkpt lat="41.844442" lon="9.209034"><ele>1767.1</ele></trkpt>
      <trkpt lat="41.844474" lon="9.209078"><ele>1767.9</ele></trkpt>
      <trkpt lat="41.844620" lon="9.208999"><ele>1777.7</ele></trkpt>
      <trkpt lat="41.844621" lon="9.208932"><ele>1779.1</ele></trkpt>
      <trkpt lat="41.844666" lon="9.208903"><ele>1782.1</ele></trkpt>
      <trkpt lat="41.844771" lon="9.208900"><ele>1788.1</ele></trkpt>
      <trkpt lat="41.844802" lon="9.208932"><ele>1789.2</ele></trkpt>
      <trkpt lat="41.844818" lon="9.208918"><ele>1790.4</ele></trkpt>
      <trkpt lat="41.844806" lon="9.208895"><ele>1790.1</ele></trkpt>
      <trkpt lat="41.844823" lon="9.208878"><ele>1791.4</ele></trkpt>
      <trkpt lat="41.844851" lon="9.208871"><ele>1793.1</ele></trkpt>
      <trkpt lat="41.844856" lon="9.208838"><ele>1793.9</ele></trkpt>
      <trkpt lat="41.844894" lon="9.208805"><ele>1796.6</ele></trkpt>
      <trkpt lat="41.844935" lon="9.208785"><ele>1799.2</ele></trkpt>
      <trkpt lat="41.844964" lon="9.208815"><ele>1800.4</ele></trkpt>
      <trkpt lat="41.844983" lon="9.208757"><ele>1802.3</ele></trkpt>
      <trkpt lat="41.844975" lon="9.208713"><ele>1802.6</ele></trkpt>
      <trkpt lat="41.844991" lon="9.208666"><ele>1804.2</ele></trkpt>
      <trkpt lat="41.844987" lon="9.208622"><ele>1804.7</ele></trkpt>
      <trkpt lat="41.845016" lon="9.208529"><ele>1807.8</ele></trkpt>
      <trkpt lat="41.845055" lon="9.208499"><ele>1810.4</ele></trkpt>
      <trkpt lat="41.845061" lon="9.208466"><ele>1811.3</ele></trkpt>
      <trkpt lat="41.845126" lon="9.208467"><ele>1814.8</ele></trkpt>
      <trkpt lat="41.845157" lon="9.208441"><ele>1817.0</ele></trkpt>
      <trkpt lat="41.845152" lon="9.208400"><ele>1817.4</ele></trkpt>
      <trkpt lat="41.845176" lon="9.208395"><ele>1818.8</ele></trkpt>
      <trkpt lat="41.845205" lon="9.208350"><ele>1821.2</ele></trkpt>
      <trkpt lat="41.845206" lon="9.208296"><ele>1822.1</ele></trkpt>
      <trkpt lat="41.845246" lon="9.208285"><ele>1824.5</ele></trkpt>
      <trkpt lat="41.845265" lon="9.208257"><ele>1826.0</ele></trkpt>
      <trkpt lat="41.845265" lon="9.208243"><ele>1826.3</ele></trkpt>
      <trkpt lat="41.845316" lon="9.208282"><ele>1828.6</ele></trkpt>
      <trkpt lat="41.845374" lon="9.208247"><ele>1832.4</ele></trkpt>
      <trkpt lat="41.845430" lon="9.208118"><ele>1837.5</ele></trkpt>
      <trkpt lat="41.845475" lon="9.208164"><ele>1839.2</ele></trkpt>
      <trkpt lat="41.845499" lon="9.208153"><ele>1840.6</ele></trkpt>
      <trkpt lat="41.845523" lon="9.208201"><ele>1841.2</ele></trkpt>
      <trkpt lat="41.845565" lon="9.208234"><ele>1843.0</ele></trkpt>
      <trkpt lat="41.845582" lon="9.208284"><ele>1843.3</ele></trkpt>
      <trkpt lat="41.845602" lon="9.208274"><ele>1844.5</ele></trkpt>
      <trkpt lat="41.845614" lon="9.208307"><ele>1844.8</ele></trkpt>
      <trkpt lat="41.845667" lon="9.208344"><ele>1847.3</ele></trkpt>
      <trkpt lat="41.845696" lon="9.208267"><ele>1849.9</ele></trkpt>
      <trkpt lat="41.845807" lon="9.208206"><ele>1857.2</ele></trkpt>
      <trkpt lat="41.845840" lon="9.208099"><ele>1860.9</ele></trkpt>
      <trkpt lat="41.845876" lon="9.208087"><ele>1863.3</ele></trkpt>
      <trkpt lat="41.845877" lon="9.208044"><ele>1864.2</ele></trkpt>
      <trkpt lat="41.845896" lon="9.208028"><ele>1865.6</ele></trkpt>
      <trkpt lat="41.845919" lon="9.208053"><ele>1866.6</ele></trkpt>
      <trkpt lat="41.845925" lon="9.208009"><ele>1867.8</ele></trkpt>
      <trkpt lat="41.845991" lon="9.207996"><ele>1872.4</ele></trkpt>
      <trkpt lat="41.846024" lon="9.207979"><ele>1874.9</ele></trkpt>
      <trkpt lat="41.846064" lon="9.208007"><ele>1876.9</ele></trkpt>
      <trkpt lat="41.846157" lon="9.207980"><ele>1883.6</ele></trkpt>
      <trkpt lat="41.846186" lon="9.208016"><ele>1884.9</ele></trkpt>
      <trkpt lat="41.846210" lon="9.208077"><ele>1885.4</ele></trkpt>
      <trkpt lat="41.846300" lon="9.208027"><ele>1892.4</ele></trkpt>
      <trkpt lat="41.846352" lon="9.208045"><ele>1895.7</ele></trkpt>
      <trkpt lat="41.846365" lon="9.208097"><ele>1895.7</ele></trkpt>
      <trkpt lat="41.846372" lon="9.208059"><ele>1896.8</ele></trkpt>
      <trkpt lat="41.846392" lon="9.208100"><ele>1897.6</ele></trkpt>
      <trkpt lat="41.846413" lon="9.208052"><ele>1899.8</ele></trkpt>
      <trkpt lat="41.846421" lon="9.208030"><ele>1900.8</ele></trkpt>
      <trkpt lat="41.846446" lon="9.208026"><ele>1902.6</ele></trkpt>
      <trkpt lat="41.846462" lon="9.207955"><ele>1904.9</ele></trkpt>
      <trkpt lat="41.846433" lon="9.207880"><ele>1904.2</ele></trkpt>
      <trkpt lat="41.846456" lon="9.207863"><ele>1906.0</ele></trkpt>
      <trkpt lat="41.846452" lon="9.207838"><ele>1906.2</ele></trkpt>
      <trkpt lat="41.846462" lon="9.207795"><ele>1907.6</ele></trkpt>
      <trkpt lat="41.846499" lon="9.207783"><ele>1910.3</ele></trkpt>
      <trkpt lat="41.846549" lon="9.207788"><ele>1913.6</ele></trkpt>
      <trkpt lat="41.846707" lon="9.207740"><ele>1925.1</ele></trkpt>
      <trkpt lat="41.846768" lon="9.207657"><ele>1930.7</ele></trkpt>
      <trkpt lat="41.846795" lon="9.207660"><ele>1932.5</ele></trkpt>
      <trkpt lat="41.846826" lon="9.207541"><ele>1936.7</ele></trkpt>
      <trkpt lat="41.846926" lon="9.207484"><ele>1944.9</ele></trkpt>
      <trkpt lat="41.846981" lon="9.207375"><ele>1950.7</ele></trkpt>
      <trkpt lat="41.847042" lon="9.207372"><ele>1955.0</ele></trkpt>
      <trkpt lat="41.847085" lon="9.207396"><ele>1957.6</ele></trkpt>
      <trkpt lat="41.847120" lon="9.207432"><ele>1959.3</ele></trkpt>
      <trkpt lat="41.847335" lon="9.207439"><ele>1973.8</ele></trkpt>
      <trkpt lat="41.847344" lon="9.207394"><ele>1975.2</ele></trkpt>
      <trkpt lat="41.847408" lon="9.207346"><ele>1980.4</ele></trkpt>
      <trkpt lat="41.847302" lon="9.207220"><ele>1976.0</ele></trkpt>
      <trkpt lat="41.847316" lon="9.207007"><ele>1982.4</ele></trkpt>
      <trkpt lat="41.847247" lon="9.206867"><ele>1981.8</ele></trkpt>
      <trkpt lat="41.847259" lon="9.206834"><ele>1983.7</ele></trkpt>
      <trkpt lat="41.847247" lon="9.206791"><ele>1984.3</ele></trkpt>
      <trkpt lat="41.847247" lon="9.206751"><ele>1985.7</ele></trkpt>
      <trkpt lat="41.847195" lon="9.206673"><ele>1985.0</ele></trkpt>
      <trkpt lat="41.847139" lon="9.206594"><ele>1984.1</ele></trkpt>
      <trkpt lat="41.847075" lon="9.206504"><ele>1983.2</ele></trkpt>
      <trkpt lat="41.847103" lon="9.206397"><ele>1989.5</ele></trkpt>
      <trkpt lat="41.847042" lon="9.206257"><ele>1991.0</ele></trkpt>
      <trkpt lat="41.846999" lon="9.206175"><ele>1991.4</ele></trkpt>
      <trkpt lat="41.846880" lon="9.206063"><ele>1987.9</ele></trkpt>
      <trkpt lat="41.846902" lon="9.206008"><ele>1991.9</ele></trkpt>
      <trkpt lat="41.846852" lon="9.205942"><ele>1991.4</ele></trkpt>
      <trkpt lat="41.846841" lon="9.205804"><ele>1997.2</ele></trkpt>
      <trkpt lat="41.846797" lon="9.205550"><ele>2006.4</ele></trkpt>
      <trkpt lat="41.846657" lon="9.205262"><ele>2011.8</ele></trkpt>
      <trkpt lat="41.846558" lon="9.205088"><ele>2014.3</ele></trkpt>
      <trkpt lat="41.846510" lon="9.205103"><ele>2011.0</ele></trkpt>
      <trkpt lat="41.846467" lon="9.205028"><ele>2012.0</ele></trkpt>
      <trkpt lat="41.846382" lon="9.204997"><ele>2008.7</ele></trkpt>
      <trkpt lat="41.846303" lon="9.204878"><ele>2009.2</ele></trkpt>
      <trkpt lat="41.846234" lon="9.204779"><ele>2009.1</ele></trkpt>
      <trkpt lat="41.846190" lon="9.204733"><ele>2008.4</ele></trkpt>
      <trkpt lat="41.846234" lon="9.204645"><ele>2013.2</ele></trkpt>
      <trkpt lat="41.846235" lon="9.204563"><ele>2015.4</ele></trkpt>
      <trkpt lat="41.846197" lon="9.204441"><ele>2016.4</ele></trkpt>
      <trkpt lat="41.846162" lon="9.204386"><ele>2016.1</ele></trkpt>
      <trkpt lat="41.846254" lon="9.204365"><ele>2020.0</ele></trkpt>
      <trkpt lat="41.846209" lon="9.204310"><ele>2019.0</ele></trkpt>
      <trkpt lat="41.846231" lon="9.204270"><ele>2020.3</ele></trkpt>
      <trkpt lat="41.846239" lon="9.204150"><ele>2021.6</ele></trkpt>
      <trkpt lat="41.846199" lon="9.204070"><ele>2020.6</ele></trkpt>
      <trkpt lat="41.846079" lon="9.203943"><ele>2017.7</ele></trkpt>
      <trkpt lat="41.846015" lon="9.203853"><ele>2016.5</ele></trkpt>
      <trkpt lat="41.845961" lon="9.203810"><ele>2015.6</ele></trkpt>
      <trkpt lat="41.845914" lon="9.203729"><ele>2015.0</ele></trkpt>
      <trkpt lat="41.846003" lon="9.203659"><ele>2016.0</ele></trkpt>
      <trkpt lat="41.846023" lon="9.203596"><ele>2015.8</ele></trkpt>
      <trkpt lat="41.846044" lon="9.203492"><ele>2015.0</ele></trkpt>
      <trkpt lat="41.846038" lon="9.203408"><ele>2013.9</ele></trkpt>
      <trkpt lat="41.846032" lon="9.203328"><ele>2012.7</ele></trkpt>
      <trkpt lat="41.846006" lon="9.203268"><ele>2011.7</ele></trkpt>
      <trkpt lat="41.845914" lon="9.203108"><ele>2009.0</ele></trkpt>
      <trkpt lat="41.845781" lon="9.202979"><ele>2007.7</ele></trkpt>
      <trkpt lat="41.845690" lon="9.202957"><ele>2008.4</ele></trkpt>
      <trkpt lat="41.845353" lon="9.202675"><ele>2009.5</ele></trkpt>
      <trkpt lat="41.845170" lon="9.202471"><ele>2010.0</ele></trkpt>
      <trkpt lat="41.845047" lon="9.202240"><ele>2009.9</ele></trkpt>
      <trkpt lat="41.844987" lon="9.202013"><ele>2008.2</ele></trkpt>
      <trkpt lat="41.845008" lon="9.201907"><ele>2005.8</ele></trkpt>
      <trkpt lat="41.844896" lon="9.201681"><ele>2004.1</ele></trkpt>
      <trkpt lat="41.844828" lon="9.201563"><ele>2003.1</ele></trkpt>
      <trkpt lat="41.844808" lon="9.201416"><ele>1999.8</ele></trkpt>
      <trkpt lat="41.844739" lon="9.201344"><ele>2000.3</ele></trkpt>
      <trkpt lat="41.844676" lon="9.201190"><ele>1998.4</ele></trkpt>
      <trkpt lat="41.844663" lon="9.200831"><ele>1989.6</ele></trkpt>
      <trkpt lat="41.844631" lon="9.200513"><ele>1982.2</ele></trkpt>
      <trkpt lat="41.844577" lon="9.200366"><ele>1980.3</ele></trkpt>
      <trkpt lat="41.844641" lon="9.199956"><ele>1965.3</ele></trkpt>
      <trkpt lat="41.844456" lon="9.199530"><ele>1959.5</ele></trkpt>
      <trkpt lat="41.844436" lon="9.199155"><ele>1948.0</ele></trkpt>
      <trkpt lat="41.844490" lon="9.198965"><ele>1940.4</ele></trkpt>
      <trkpt lat="41.844417" lon="9.198725"><ele>1936.6</ele></trkpt>
      <trkpt lat="41.844328" lon="9.198616"><ele>1936.9</ele></trkpt>
      <trkpt lat="41.844304" lon="9.198444"><ele>1933.7</ele></trkpt>
      <trkpt lat="41.844148" lon="9.198252"><ele>1934.7</ele></trkpt>
      <trkpt lat="41.844017" lon="9.197957"><ele>1931.9</ele></trkpt>
      <trkpt lat="41.844086" lon="9.197696"><ele>1923.8</ele></trkpt>
      <trkpt lat="41.844056" lon="9.197573"><ele>1922.0</ele></trkpt>
      <trkpt lat="41.844169" lon="9.197167"><ele>1909.9</ele></trkpt>
      <trkpt lat="41.844287" lon="9.196895"><ele>1901.4</ele></trkpt>
      <trkpt lat="41.844394" lon="9.196518"><ele>1893.8</ele></trkpt>
      <trkpt lat="41.844353" lon="9.196200"><ele>1891.4</ele></trkpt>
      <trkpt lat="41.844328" lon="9.196138"><ele>1891.3</ele></trkpt>
      <trkpt lat="41.844310" lon="9.196002"><ele>1890.3</ele></trkpt>
      <trkpt lat="41.844115" lon="9.195646"><ele>1889.1</ele></trkpt>
      <trkpt lat="41.843895" lon="9.195160"><ele>1883.4</ele></trkpt>
      <trkpt lat="41.843700" lon="9.194985"><ele>1881.9</ele></trkpt>
      <trkpt lat="41.843617" lon="9.194831"><ele>1879.8</ele></trkpt>
      <trkpt lat="41.843639" lon="9.194708"><ele>1877.2</ele></trkpt>
      <trkpt lat="41.843647" lon="9.194501"><ele>1873.0</ele></trkpt>
      <trkpt lat="41.843594" lon="9.194425"><ele>1871.8</ele></trkpt>
      <trkpt lat="41.843520" lon="9.194395"><ele>1871.7</ele></trkpt>
      <trkpt lat="41.843344" lon="9.194117"><ele>1866.5</ele></trkpt>
      <trkpt lat="41.843284" lon="9.194049"><ele>1865.2</ele></trkpt>
      <trkpt lat="41.843151" lon="9.193997"><ele>1864.7</ele></trkpt>
      <trkpt lat="41.843024" lon="9.193897"><ele>1863.1</ele></trkpt>
      <trkpt lat="41.842734" lon="9.193807"><ele>1863.0</ele></trkpt>
      <trkpt lat="41.842622" lon="9.193656"><ele>1860.0</ele></trkpt>
      <trkpt lat="41.842496" lon="9.193622"><ele>1860.7</ele></trkpt>
      <trkpt lat="41.842369" lon="9.193487"><ele>1859.1</ele></trkpt>
      <trkpt lat="41.842262" lon="9.193422"><ele>1859.0</ele></trkpt>
      <trkpt lat="41.842188" lon="9.193259"><ele>1855.8</ele></trkpt>
      <trkpt lat="41.842047" lon="9.193213"><ele>1857.0</ele></trkpt>
      <trkpt lat="41.841927" lon="9.192949"><ele>1853.0</ele></trkpt>
      <trkpt lat="41.841893" lon="9.192933"><ele>1853.2</ele></trkpt>
      <trkpt lat="41.841828" lon="9.192838"><ele>1852.4</ele></trkpt>
      <trkpt lat="41.841723" lon="9.192440"><ele>1846.6</ele></trkpt>
      <trkpt lat="41.841654" lon="9.192215"><ele>1843.2</ele></trkpt>
      <trkpt lat="41.841592" lon="9.192037"><ele>1840.4</ele></trkpt>
      <trkpt lat="41.841524" lon="9.191949"><ele>1839.6</ele></trkpt>
      <trkpt lat="41.841520" lon="9.191868"><ele>1837.8</ele></trkpt>
      <trkpt lat="41.841336" lon="9.191681"><ele>1836.7</ele></trkpt>
      <trkpt lat="41.841291" lon="9.191506"><ele>1833.6</ele></trkpt>
      <trkpt lat="41.841233" lon="9.191412"><ele>1832.4</ele></trkpt>
      <trkpt lat="41.841252" lon="9.191357"><ele>1830.8</ele></trkpt>
      <trkpt lat="41.841238" lon="9.191323"><ele>1830.3</ele></trkpt>
      <trkpt lat="41.841188" lon="9.191336"><ele>1831.4</ele></trkpt>
      <trkpt lat="41.841121" lon="9.191193"><ele>1829.2</ele></trkpt>
      <trkpt lat="41.841136" lon="9.191077"><ele>1826.2</ele></trkpt>
      <trkpt lat="41.841091" lon="9.190990"><ele>1825.1</ele></trkpt>
      <trkpt lat="41.841076" lon="9.190864"><ele>1822.7</ele></trkpt>
      <trkpt lat="41.841053" lon="9.190788"><ele>1821.6</ele></trkpt>
      <trkpt lat="41.841051" lon="9.190712"><ele>1819.9</ele></trkpt>
      <trkpt lat="41.841097" lon="9.190635"><ele>1816.7</ele></trkpt>
      <trkpt lat="41.841145" lon="9.190264"><ele>1806.1</ele></trkpt>
      <trkpt lat="41.841064" lon="9.190110"><ele>1805.6</ele></trkpt>
      <trkpt lat="41.841108" lon="9.189858"><ele>1797.9</ele></trkpt>
      <trkpt lat="41.841179" lon="9.189786"><ele>1793.7</ele></trkpt>
      <trkpt lat="41.841189" lon="9.189719"><ele>1791.9</ele></trkpt>
      <trkpt lat="41.841231" lon="9.189670"><ele>1789.4</ele></trkpt>
      <trkpt lat="41.841309" lon="9.189614"><ele>1785.5</ele></trkpt>
      <trkpt lat="41.841422" lon="9.189601"><ele>1781.5</ele></trkpt>
      <trkpt lat="41.841451" lon="9.189473"><ele>1778.1</ele></trkpt>
      <trkpt lat="41.841443" lon="9.189352"><ele>1775.9</ele></trkpt>
      <trkpt lat="41.841472" lon="9.189285"><ele>1773.9</ele></trkpt>
      <trkpt lat="41.841483" lon="9.189159"><ele>1771.1</ele></trkpt>
      <trkpt lat="41.841351" lon="9.188951"><ele>1770.5</ele></trkpt>
      <trkpt lat="41.841335" lon="9.188750"><ele>1767.0</ele></trkpt>
      <trkpt lat="41.841218" lon="9.188594"><ele>1767.0</ele></trkpt>
      <trkpt lat="41.841190" lon="9.188515"><ele>1766.1</ele></trkpt>
      <trkpt lat="41.841268" lon="9.188373"><ele>1760.8</ele></trkpt>
      <trkpt lat="41.841347" lon="9.188156"><ele>1754.0</ele></trkpt>
      <trkpt lat="41.841463" lon="9.187981"><ele>1747.6</ele></trkpt>
      <trkpt lat="41.841445" lon="9.187887"><ele>1745.9</ele></trkpt>
      <trkpt lat="41.841283" lon="9.187745"><ele>1746.3</ele></trkpt>
      <trkpt lat="41.841176" lon="9.187548"><ele>1744.9</ele></trkpt>
      <trkpt lat="41.840952" lon="9.187207"><ele>1744.7</ele></trkpt>
      <trkpt lat="41.840887" lon="9.187164"><ele>1746.1</ele></trkpt>
      <trkpt lat="41.840823" lon="9.187037"><ele>1746.1</ele></trkpt>
      <trkpt lat="41.840762" lon="9.186675"><ele>1743.3</ele></trkpt>
      <trkpt lat="41.840738" lon="9.186603"><ele>1743.7</ele></trkpt>
      <trkpt lat="41.840738" lon="9.186485"><ele>1742.7</ele></trkpt>
      <trkpt lat="41.840646" lon="9.186017"><ele>1744.7</ele></trkpt>
      <trkpt lat="41.840702" lon="9.185848"><ele>1742.2</ele></trkpt>
      <trkpt lat="41.840654" lon="9.185615"><ele>1744.5</ele></trkpt>
      <trkpt lat="41.840595" lon="9.185292"><ele>1746.9</ele></trkpt>
      <trkpt lat="41.840562" lon="9.185105"><ele>1747.8</ele></trkpt>
      <trkpt lat="41.840550" lon="9.184981"><ele>1747.6</ele></trkpt>
      <trkpt lat="41.840495" lon="9.184787"><ele>1747.9</ele></trkpt>
      <trkpt lat="41.840480" lon="9.184646"><ele>1747.4</ele></trkpt>
      <trkpt lat="41.840485" lon="9.184464"><ele>1745.9</ele></trkpt>
      <trkpt lat="41.840319" lon="9.184090"><ele>1746.2</ele></trkpt>
      <trkpt lat="41.840192" lon="9.183919"><ele>1746.7</ele></trkpt>
      <trkpt lat="41.840112" lon="9.183607"><ele>1744.8</ele></trkpt>
      <trkpt lat="41.840130" lon="9.183440"><ele>1743.2</ele></trkpt>
      <trkpt lat="41.840150" lon="9.183307"><ele>1742.0</ele></trkpt>
      <trkpt lat="41.840138" lon="9.183208"><ele>1741.5</ele></trkpt>
      <trkpt lat="41.840171" lon="9.183153"><ele>1740.9</ele></trkpt>
      <trkpt lat="41.840192" lon="9.183004"><ele>1740.1</ele></trkpt>
      <trkpt lat="41.840254" lon="9.182784"><ele>1739.1</ele></trkpt>
      <trkpt lat="41.840404" lon="9.182631"><ele>1738.2</ele></trkpt>
      <trkpt lat="41.840530" lon="9.182462"><ele>1738.1</ele></trkpt>
      <trkpt lat="41.840569" lon="9.182168"><ele>1739.9</ele></trkpt>
      <trkpt lat="41.840688" lon="9.181869"><ele>1742.3</ele></trkpt>
      <trkpt lat="41.840758" lon="9.181795"><ele>1743.0</ele></trkpt>
      <trkpt lat="41.840786" lon="9.181618"><ele>1745.3</ele></trkpt>
      <trkpt lat="41.840912" lon="9.181415"><ele>1747.5</ele></trkpt>
      <trkpt lat="41.841013" lon="9.181345"><ele>1747.2</ele></trkpt>
      <trkpt lat="41.841073" lon="9.181234"><ele>1747.7</ele></trkpt>
      <trkpt lat="41.841175" lon="9.181180"><ele>1747.0</ele></trkpt>
      <trkpt lat="41.841294" lon="9.180950"><ele>1748.2</ele></trkpt>
      <trkpt lat="41.841273" lon="9.180649"><ele>1750.7</ele></trkpt>
      <trkpt lat="41.841164" lon="9.180184"><ele>1754.1</ele></trkpt>
      <trkpt lat="41.841194" lon="9.179994"><ele>1754.6</ele></trkpt>
      <trkpt lat="41.841389" lon="9.179531"><ele>1752.5</ele></trkpt>
      <trkpt lat="41.841396" lon="9.179293"><ele>1752.6</ele></trkpt>
      <trkpt lat="41.841358" lon="9.178803"><ele>1753.5</ele></trkpt>
      <trkpt lat="41.841322" lon="9.178302"><ele>1754.3</ele></trkpt>
      <trkpt lat="41.841347" lon="9.178112"><ele>1753.8</ele></trkpt>
      <trkpt lat="41.841488" lon="9.177863"><ele>1753.2</ele></trkpt>
      <trkpt lat="41.841704" lon="9.177912"><ele>1751.1</ele></trkpt>
      <trkpt lat="41.841778" lon="9.178008"><ele>1749.3</ele></trkpt>
      <trkpt lat="41.842023" lon="9.177969"><ele>1746.0</ele></trkpt>
      <trkpt lat="41.842388" lon="9.177737"><ele>1741.2</ele></trkpt>
      <trkpt lat="41.842444" lon="9.177652"><ele>1741.0</ele></trkpt>
      <trkpt lat="41.842706" lon="9.177544"><ele>1736.3</ele></trkpt>
      <trkpt lat="41.843018" lon="9.177247"><ele>1732.0</ele></trkpt>
      <trkpt lat="41.843170" lon="9.177155"><ele>1729.5</ele></trkpt>
      <trkpt lat="41.843322" lon="9.177115"><ele>1727.1</ele></trkpt>
      <trkpt lat="41.843685" lon="9.177150"><ele>1722.2</ele></trkpt>
      <trkpt lat="41.843769" lon="9.177115"><ele>1721.8</ele></trkpt>
      <trkpt lat="41.843912" lon="9.177103"><ele>1721.0</ele></trkpt>
      <trkpt lat="41.844002" lon="9.177133"><ele>1720.3</ele></trkpt>
      <trkpt lat="41.844209" lon="9.177112"><ele>1719.9</ele></trkpt>
      <trkpt lat="41.844310" lon="9.177073"><ele>1719.8</ele></trkpt>
      <trkpt lat="41.844400" lon="9.177079"><ele>1719.2</ele></trkpt>
      <trkpt lat="41.844469" lon="9.177040"><ele>1719.0</ele></trkpt>
      <trkpt lat="41.844617" lon="9.176996"><ele>1718.8</ele></trkpt>
      <trkpt lat="41.844750" lon="9.177034"><ele>1718.3</ele></trkpt>
      <trkpt lat="41.844970" lon="9.177041"><ele>1718.1</ele></trkpt>
      <trkpt lat="41.845064" lon="9.177073"><ele>1717.7</ele></trkpt>
      <trkpt lat="41.845326" lon="9.177080"><ele>1717.6</ele></trkpt>
      <trkpt lat="41.845478" lon="9.177041"><ele>1717.8</ele></trkpt>
      <trkpt lat="41.845831" lon="9.177090"><ele>1717.9</ele></trkpt>
      <trkpt lat="41.846195" lon="9.177272"><ele>1718.2</ele></trkpt>
      <trkpt lat="41.846376" lon="9.177250"><ele>1719.2</ele></trkpt>
      <trkpt lat="41.846456" lon="9.177301"><ele>1719.0</ele></trkpt>
      <trkpt lat="41.846798" lon="9.177428"><ele>1717.9</ele></trkpt>
      <trkpt lat="41.847074" lon="9.177442"><ele>1716.9</ele></trkpt>
      <trkpt lat="41.847413" lon="9.177660"><ele>1712.2</ele></trkpt>
      <trkpt lat="41.847656" lon="9.177741"><ele>1709.5</ele></trkpt>
      <trkpt lat="41.847966" lon="9.177799"><ele>1706.8</ele></trkpt>
      <trkpt lat="41.848096" lon="9.177886"><ele>1704.9</ele></trkpt>
      <trkpt lat="41.848384" lon="9.178001"><ele>1701.9</ele></trkpt>
      <trkpt lat="41.848878" lon="9.177993"><ele>1701.0</ele></trkpt>
      <trkpt lat="41.848961" lon="9.178030"><ele>1700.1</ele></trkpt>
      <trkpt lat="41.849147" lon="9.178049"><ele>1700.0</ele></trkpt>
      <trkpt lat="41.849277" lon="9.177992"><ele>1701.9</ele></trkpt>
      <trkpt lat="41.849430" lon="9.177967"><ele>1703.5</ele></trkpt>
      <trkpt lat="41.849669" lon="9.177988"><ele>1705.0</ele></trkpt>
      <trkpt lat="41.849921" lon="9.177922"><ele>1706.2</ele></trkpt>
      <trkpt lat="41.849989" lon="9.177792"><ele>1706.4</ele></trkpt>
      <trkpt lat="41.850188" lon="9.177502"><ele>1707.4</ele></trkpt>
      <trkpt lat="41.850239" lon="9.177315"><ele>1706.4</ele></trkpt>
      <trkpt lat="41.850526" lon="9.176770"><ele>1699.3</ele></trkpt>
      <trkpt lat="41.850690" lon="9.176545"><ele>1695.1</ele></trkpt>
      <trkpt lat="41.850779" lon="9.175964"><ele>1686.8</ele></trkpt>
      <trkpt lat="41.850816" lon="9.175934"><ele>1686.4</ele></trkpt>
      <trkpt lat="41.850807" lon="9.175832"><ele>1685.6</ele></trkpt>
      <trkpt lat="41.850811" lon="9.175720"><ele>1685.0</ele></trkpt>
      <trkpt lat="41.850895" lon="9.175651"><ele>1684.6</ele></trkpt>
      <trkpt lat="41.850930" lon="9.175486"><ele>1683.9</ele></trkpt>
      <trkpt lat="41.851141" lon="9.175107"><ele>1681.3</ele></trkpt>
      <trkpt lat="41.851210" lon="9.174885"><ele>1679.4</ele></trkpt>
      <trkpt lat="41.851291" lon="9.174724"><ele>1678.1</ele></trkpt>
      <trkpt lat="41.851301" lon="9.174530"><ele>1676.0</ele></trkpt>
      <trkpt lat="41.851267" lon="9.174386"><ele>1674.2</ele></trkpt>
      <trkpt lat="41.851393" lon="9.174148"><ele>1673.0</ele></trkpt>
      <trkpt lat="41.851417" lon="9.173928"><ele>1671.4</ele></trkpt>
      <trkpt lat="41.851490" lon="9.173758"><ele>1671.0</ele></trkpt>
      <trkpt lat="41.851490" lon="9.173600"><ele>1669.5</ele></trkpt>
      <trkpt lat="41.851552" lon="9.173561"><ele>1670.2</ele></trkpt>
      <trkpt lat="41.851569" lon="9.173389"><ele>1668.3</ele></trkpt>
      <trkpt lat="41.851672" lon="9.173329"><ele>1669.2</ele></trkpt>
      <trkpt lat="41.851776" lon="9.173187"><ele>1668.7</ele></trkpt>
      <trkpt lat="41.851815" lon="9.173051"><ele>1667.1</ele></trkpt>
      <trkpt lat="41.851844" lon="9.172811"><ele>1663.4</ele></trkpt>
      <trkpt lat="41.851932" lon="9.172683"><ele>1662.4</ele></trkpt>
      <trkpt lat="41.852032" lon="9.172607"><ele>1662.6</ele></trkpt>
      <trkpt lat="41.852384" lon="9.172714"><ele>1669.1</ele></trkpt>
      <trkpt lat="41.852377" lon="9.172527"><ele>1665.9</ele></trkpt>
      <trkpt lat="41.852432" lon="9.172340"><ele>1663.3</ele></trkpt>
      <trkpt lat="41.852472" lon="9.172317"><ele>1663.3</ele></trkpt>
      <trkpt lat="41.852559" lon="9.172238"><ele>1662.8</ele></trkpt>
      <trkpt lat="41.852603" lon="9.172130"><ele>1661.4</ele></trkpt>
      <trkpt lat="41.852528" lon="9.172038"><ele>1659.0</ele></trkpt>
      <trkpt lat="41.852486" lon="9.171914"><ele>1656.4</ele></trkpt>
      <trkpt lat="41.852518" lon="9.171885"><ele>1656.3</ele></trkpt>
      <trkpt lat="41.852604" lon="9.171655"><ele>1653.8</ele></trkpt>
      <trkpt lat="41.852586" lon="9.171510"><ele>1651.6</ele></trkpt>
      <trkpt lat="41.852596" lon="9.171445"><ele>1650.9</ele></trkpt>
      <trkpt lat="41.852431" lon="9.171340"><ele>1647.6</ele></trkpt>
      <trkpt lat="41.852399" lon="9.171199"><ele>1645.6</ele></trkpt>
      <trkpt lat="41.852349" lon="9.171143"><ele>1644.3</ele></trkpt>
      <trkpt lat="41.852287" lon="9.171135"><ele>1643.3</ele></trkpt>
      <trkpt lat="41.852151" lon="9.170966"><ele>1639.0</ele></trkpt>
      <trkpt lat="41.852061" lon="9.170895"><ele>1636.4</ele></trkpt>
      <trkpt lat="41.851972" lon="9.170946"><ele>1635.4</ele></trkpt>
      <trkpt lat="41.851967" lon="9.171015"><ele>1636.3</ele></trkpt>
      <trkpt lat="41.851934" lon="9.171063"><ele>1636.3</ele></trkpt>
      <trkpt lat="41.851803" lon="9.171015"><ele>1633.3</ele></trkpt>
      <trkpt lat="41.851674" lon="9.171034"><ele>1631.4</ele></trkpt>
      <trkpt lat="41.851566" lon="9.170960"><ele>1628.8</ele></trkpt>
      <trkpt lat="41.851475" lon="9.170802"><ele>1625.8</ele></trkpt>
      <trkpt lat="41.851439" lon="9.170543"><ele>1622.8</ele></trkpt>
      <trkpt lat="41.851457" lon="9.170167"><ele>1620.8</ele></trkpt>
      <trkpt lat="41.851507" lon="9.170004"><ele>1620.8</ele></trkpt>
      <trkpt lat="41.851601" lon="9.169918"><ele>1621.6</ele></trkpt>
      <trkpt lat="41.851794" lon="9.169790"><ele>1624.3</ele></trkpt>
      <trkpt lat="41.851851" lon="9.169674"><ele>1625.3</ele></trkpt>
      <trkpt lat="41.851823" lon="9.169578"><ele>1624.8</ele></trkpt>
      <trkpt lat="41.851698" lon="9.169326"><ele>1622.5</ele></trkpt>
      <trkpt lat="41.851291" lon="9.168843"><ele>1613.5</ele></trkpt>
      <trkpt lat="41.851219" lon="9.168511"><ele>1609.9</ele></trkpt>
      <trkpt lat="41.851150" lon="9.168169"><ele>1604.9</ele></trkpt>
      <trkpt lat="41.851038" lon="9.167838"><ele>1598.7</ele></trkpt>
      <trkpt lat="41.850903" lon="9.167587"><ele>1592.9</ele></trkpt>
      <trkpt lat="41.850900" lon="9.167438"><ele>1590.2</ele></trkpt>
      <trkpt lat="41.851155" lon="9.166998"><ele>1583.1</ele></trkpt>
      <trkpt lat="41.851200" lon="9.166920"><ele>1581.5</ele></trkpt>
      <trkpt lat="41.851324" lon="9.166821"><ele>1579.6</ele></trkpt>
      <trkpt lat="41.851656" lon="9.166709"><ele>1578.2</ele></trkpt>
      <trkpt lat="41.851822" lon="9.166685"><ele>1578.5</ele></trkpt>
      <trkpt lat="41.852036" lon="9.166565"><ele>1575.9</ele></trkpt>
      <trkpt lat="41.852451" lon="9.166491"><ele>1576.3</ele></trkpt>
      <trkpt lat="41.852807" lon="9.166336"><ele>1571.8</ele></trkpt>
      <trkpt lat="41.853391" lon="9.166390"><ele>1567.8</ele></trkpt>
      <trkpt lat="41.853556" lon="9.166377"><ele>1565.9</ele></trkpt>
      <trkpt lat="41.854167" lon="9.166399"><ele>1558.9</ele></trkpt>
      <trkpt lat="41.854380" lon="9.166438"><ele>1557.0</ele></trkpt>
      <trkpt lat="41.854564" lon="9.166519"><ele>1556.3</ele></trkpt>
      <trkpt lat="41.854645" lon="9.166422"><ele>1552.9</ele></trkpt>
      <trkpt lat="41.854798" lon="9.166343"><ele>1548.9</ele></trkpt>
      <trkpt lat="41.854926" lon="9.166226"><ele>1545.1</ele></trkpt>
      <trkpt lat="41.855055" lon="9.166123"><ele>1542.1</ele></trkpt>
      <trkpt lat="41.855209" lon="9.166104"><ele>1540.4</ele></trkpt>
      <trkpt lat="41.855261" lon="9.166012"><ele>1538.5</ele></trkpt>
      <trkpt lat="41.855446" lon="9.165994"><ele>1536.4</ele></trkpt>
      <trkpt lat="41.855528" lon="9.165927"><ele>1534.4</ele></trkpt>
      <trkpt lat="41.855571" lon="9.165905"><ele>1533.6</ele></trkpt>
      <trkpt lat="41.855755" lon="9.165892"><ele>1531.0</ele></trkpt>
      <trkpt lat="41.855953" lon="9.165846"><ele>1527.4</ele></trkpt>
      <trkpt lat="41.856027" lon="9.165893"><ele>1526.6</ele></trkpt>
      <trkpt lat="41.856249" lon="9.165954"><ele>1522.9</ele></trkpt>
      <trkpt lat="41.856271" lon="9.165788"><ele>1521.0</ele></trkpt>
      <trkpt lat="41.856322" lon="9.165681"><ele>1519.0</ele></trkpt>
      <trkpt lat="41.856349" lon="9.165504"><ele>1516.5</ele></trkpt>
      <trkpt lat="41.856428" lon="9.165338"><ele>1513.2</ele></trkpt>
      <trkpt lat="41.856536" lon="9.165275"><ele>1510.9</ele></trkpt>
      <trkpt lat="41.856563" lon="9.165177"><ele>1509.6</ele></trkpt>
      <trkpt lat="41.856724" lon="9.164955"><ele>1506.3</ele></trkpt>
      <trkpt lat="41.856900" lon="9.164892"><ele>1503.9</ele></trkpt>
      <trkpt lat="41.856942" lon="9.164744"><ele>1502.2</ele></trkpt>
      <trkpt lat="41.857136" lon="9.164666"><ele>1498.9</ele></trkpt>
      <trkpt lat="41.857449" lon="9.164755"><ele>1495.0</ele></trkpt>
      <trkpt lat="41.857826" lon="9.164972"><ele>1491.3</ele></trkpt>
      <trkpt lat="41.858014" lon="9.164962"><ele>1489.1</ele></trkpt>
      <trkpt lat="41.858092" lon="9.165048"><ele>1489.6</ele></trkpt>
      <trkpt lat="41.858227" lon="9.165078"><ele>1489.3</ele></trkpt>
      <trkpt lat="41.858394" lon="9.165217"><ele>1491.0</ele></trkpt>
      <trkpt lat="41.858571" lon="9.165073"><ele>1488.8</ele></trkpt>
      <trkpt lat="41.858743" lon="9.164628"><ele>1482.3</ele></trkpt>
      <trkpt lat="41.859023" lon="9.164365"><ele>1479.3</ele></trkpt>
      <trkpt lat="41.859283" lon="9.164358"><ele>1480.5</ele></trkpt>
      <trkpt lat="41.859410" lon="9.164490"><ele>1483.5</ele></trkpt>
      <trkpt lat="41.859494" lon="9.164483"><ele>1483.5</ele></trkpt>
      <trkpt lat="41.859578" lon="9.164363"><ele>1481.0</ele></trkpt>
      <trkpt lat="41.859842" lon="9.164266"><ele>1478.8</ele></trkpt>
      <trkpt lat="41.860454" lon="9.164281"><ele>1476.4</ele></trkpt>
      <trkpt lat="41.860676" lon="9.164240"><ele>1474.8</ele></trkpt>
      <trkpt lat="41.860816" lon="9.164304"><ele>1475.7</ele></trkpt>
      <trkpt lat="41.861038" lon="9.164276"><ele>1474.1</ele></trkpt>
      <trkpt lat="41.861124" lon="9.164136"><ele>1471.1</ele></trkpt>
      <trkpt lat="41.861126" lon="9.163878"><ele>1467.2</ele></trkpt>
      <trkpt lat="41.861112" lon="9.163564"><ele>1463.4</ele></trkpt>
      <trkpt lat="41.861511" lon="9.163142"><ele>1459.9</ele></trkpt>
      <trkpt lat="41.861680" lon="9.163045"><ele>1460.3</ele></trkpt>
      <trkpt lat="41.861711" lon="9.162975"><ele>1460.1</ele></trkpt>
      <trkpt lat="41.861671" lon="9.162474"><ele>1457.7</ele></trkpt>
      <trkpt lat="41.861913" lon="9.162240"><ele>1459.0</ele></trkpt>
      <trkpt lat="41.862398" lon="9.161884"><ele>1460.4</ele></trkpt>
      <trkpt lat="41.862615" lon="9.161606"><ele>1460.6</ele></trkpt>
      <trkpt lat="41.862670" lon="9.161469"><ele>1460.4</ele></trkpt>
      <trkpt lat="41.862583" lon="9.161126"><ele>1457.2</ele></trkpt>
      <trkpt lat="41.862468" lon="9.160835"><ele>1454.1</ele></trkpt>
      <trkpt lat="41.862403" lon="9.160481"><ele>1452.1</ele></trkpt>
      <trkpt lat="41.862293" lon="9.160254"><ele>1450.1</ele></trkpt>
      <trkpt lat="41.862071" lon="9.159922"><ele>1446.9</ele></trkpt>
      <trkpt lat="41.862033" lon="9.159771"><ele>1446.0</ele></trkpt>
      <trkpt lat="41.862003" lon="9.159371"><ele>1444.0</ele></trkpt>
      <trkpt lat="41.861958" lon="9.159019"><ele>1442.4</ele></trkpt>
      <trkpt lat="41.861996" lon="9.158781"><ele>1441.5</ele></trkpt>
      <trkpt lat="41.862106" lon="9.158603"><ele>1441.1</ele></trkpt>
      <trkpt lat="41.862195" lon="9.158474"><ele>1441.0</ele></trkpt>
      <trkpt lat="41.862422" lon="9.158355"><ele>1441.2</ele></trkpt>
      <trkpt lat="41.862609" lon="9.158310"><ele>1441.5</ele></trkpt>
      <trkpt lat="41.863354" lon="9.158158"><ele>1439.7</ele></trkpt>
      <trkpt lat="41.863776" lon="9.158277"><ele>1439.1</ele></trkpt>
      <trkpt lat="41.863987" lon="9.158190"><ele>1436.7</ele></trkpt>
      <trkpt lat="41.864637" lon="9.157811"><ele>1430.9</ele></trkpt>
      <trkpt lat="41.865142" lon="9.157611"><ele>1429.3</ele></trkpt>
      <trkpt lat="41.865374" lon="9.157608"><ele>1429.0</ele></trkpt>
      <trkpt lat="41.865814" lon="9.157829"><ele>1429.5</ele></trkpt>
      <trkpt lat="41.866014" lon="9.157885"><ele>1429.8</ele></trkpt>
      <trkpt lat="41.866394" lon="9.157847"><ele>1430.3</ele></trkpt>
      <trkpt lat="41.866561" lon="9.157578"><ele>1429.9</ele></trkpt>
      <trkpt lat="41.866776" lon="9.157318"><ele>1430.2</ele></trkpt>
      <trkpt lat="41.867145" lon="9.156799"><ele>1429.0</ele></trkpt>
      <trkpt lat="41.867337" lon="9.156432"><ele>1427.4</ele></trkpt>
      <trkpt lat="41.867540" lon="9.156263"><ele>1425.7</ele></trkpt>
      <trkpt lat="41.867737" lon="9.156151"><ele>1424.3</ele></trkpt>
      <trkpt lat="41.867946" lon="9.156152"><ele>1423.6</ele></trkpt>
      <trkpt lat="41.868187" lon="9.156202"><ele>1423.3</ele></trkpt>
      <trkpt lat="41.868416" lon="9.156197"><ele>1423.1</ele></trkpt>
      <trkpt lat="41.868663" lon="9.156133"><ele>1422.8</ele></trkpt>
      <trkpt lat="41.868823" lon="9.156025"><ele>1422.6</ele></trkpt>
      <trkpt lat="41.868928" lon="9.155930"><ele>1422.7</ele></trkpt>
      <trkpt lat="41.868951" lon="9.155873"><ele>1422.7</ele></trkpt>
      <trkpt lat="41.869065" lon="9.155792"><ele>1422.8</ele></trkpt>
      <trkpt lat="41.869206" lon="9.155777"><ele>1422.8</ele></trkpt>
      <trkpt lat="41.869504" lon="9.155817"><ele>1422.1</ele></trkpt>
      <trkpt lat="41.869703" lon="9.155867"><ele>1421.6</ele></trkpt>
      <trkpt lat="41.870070" lon="9.156001"><ele>1420.9</ele></trkpt>
      <trkpt lat="41.870242" lon="9.156055"><ele>1421.3</ele></trkpt>
      <trkpt lat="41.870323" lon="9.156071"><ele>1421.5</ele></trkpt>
      <trkpt lat="41.870446" lon="9.156082"><ele>1422.2</ele></trkpt>
      <trkpt lat="41.870649" lon="9.156017"><ele>1424.0</ele></trkpt>
      <trkpt lat="41.870806" lon="9.156032"><ele>1424.6</ele></trkpt>
      <trkpt lat="41.871073" lon="9.156004"><ele>1425.3</ele></trkpt>
      <trkpt lat="41.871276" lon="9.156036"><ele>1425.2</ele></trkpt>
      <trkpt lat="41.871607" lon="9.156127"><ele>1424.3</ele></trkpt>
      <trkpt lat="41.871684" lon="9.156119"><ele>1424.3</ele></trkpt>
      <trkpt lat="41.871815" lon="9.156071"><ele>1424.5</ele></trkpt>
      <trkpt lat="41.872000" lon="9.156051"><ele>1423.8</ele></trkpt>
      <trkpt lat="41.872116" lon="9.156071"><ele>1423.0</ele></trkpt>
      <trkpt lat="41.872291" lon="9.156156"><ele>1422.3</ele></trkpt>
      <trkpt lat="41.872423" lon="9.156198"><ele>1421.9</ele></trkpt>
      <trkpt lat="41.872591" lon="9.156162"><ele>1421.6</ele></trkpt>
      <trkpt lat="41.872696" lon="9.156060"><ele>1421.6</ele></trkpt>
      <trkpt lat="41.872785" lon="9.155843"><ele>1421.7</ele></trkpt>
      <trkpt lat="41.872815" lon="9.155655"><ele>1421.7</ele></trkpt>
      <trkpt lat="41.872849" lon="9.155137"><ele>1419.2</ele></trkpt>
      <trkpt lat="41.872990" lon="9.154614"><ele>1415.6</ele></trkpt>
      <trkpt lat="41.873494" lon="9.153216"><ele>1411.9</ele></trkpt>
      <trkpt lat="41.873530" lon="9.153097"><ele>1412.0</ele></trkpt>
      <trkpt lat="41.873634" lon="9.152855"><ele>1412.3</ele></trkpt>
      <trkpt lat="41.873823" lon="9.152521"><ele>1413.1</ele></trkpt>
      <trkpt lat="41.874078" lon="9.152208"><ele>1414.2</ele></trkpt>
    <trkpt lat="41.874161" lon="9.152043"><ele>1414.5</ele></trkpt>
      <trkpt lat="41.874314" lon="9.151856"><ele>1414.3</ele></trkpt>
      <trkpt lat="41.874486" lon="9.151701"><ele>1413.8</ele></trkpt>
      <trkpt lat="41.874927" lon="9.151148"><ele>1412.7</ele></trkpt>
      <trkpt lat="41.874986" lon="9.151007"><ele>1413.1</ele></trkpt>
      <trkpt lat="41.874970" lon="9.150702"><ele>1415.6</ele></trkpt>
      <trkpt lat="41.875059" lon="9.150528"><ele>1416.4</ele></trkpt>
      <trkpt lat="41.875216" lon="9.150238"><ele>1416.9</ele></trkpt>
      <trkpt lat="41.875347" lon="9.150328"><ele>1415.4</ele></trkpt>
      <trkpt lat="41.875502" lon="9.150329"><ele>1414.6</ele></trkpt>
      <trkpt lat="41.875834" lon="9.150207"><ele>1412.8</ele></trkpt>
      <trkpt lat="41.875965" lon="9.150112"><ele>1411.9</ele></trkpt>
      <trkpt lat="41.876000" lon="9.149882"><ele>1411.3</ele></trkpt>
      <trkpt lat="41.876331" lon="9.149586"><ele>1406.1</ele></trkpt>
      <trkpt lat="41.876493" lon="9.149670"><ele>1404.5</ele></trkpt>
      <trkpt lat="41.876586" lon="9.149522"><ele>1402.2</ele></trkpt>
      <trkpt lat="41.876675" lon="9.149573"><ele>1401.5</ele></trkpt>
      <trkpt lat="41.876707" lon="9.149662"><ele>1401.9</ele></trkpt>
      <trkpt lat="41.877013" lon="9.149714"><ele>1398.5</ele></trkpt>
      <trkpt lat="41.877186" lon="9.149672"><ele>1395.5</ele></trkpt>
      <trkpt lat="41.877296" lon="9.149540"><ele>1392.1</ele></trkpt>
      <trkpt lat="41.877482" lon="9.149602"><ele>1390.0</ele></trkpt>
      <trkpt lat="41.877524" lon="9.149552"><ele>1388.5</ele></trkpt>
      <trkpt lat="41.877690" lon="9.149342"><ele>1382.4</ele></trkpt>
      <trkpt lat="41.877762" lon="9.149324"><ele>1380.9</ele></trkpt>
      <trkpt lat="41.877865" lon="9.149262"><ele>1378.2</ele></trkpt>
      <trkpt lat="41.877890" lon="9.149103"><ele>1375.1</ele></trkpt>
      <trkpt lat="41.877961" lon="9.148882"><ele>1370.1</ele></trkpt>
      <trkpt lat="41.878079" lon="9.148766"><ele>1366.4</ele></trkpt>
      <trkpt lat="41.878148" lon="9.148661"><ele>1364.0</ele></trkpt>
      <trkpt lat="41.878325" lon="9.148420"><ele>1361.4</ele></trkpt>
      <trkpt lat="41.878430" lon="9.148015"><ele>1360.4</ele></trkpt>
      <trkpt lat="41.878440" lon="9.147865"><ele>1359.9</ele></trkpt>
      <trkpt lat="41.878588" lon="9.147216"><ele>1356.9</ele></trkpt>
      <trkpt lat="41.878657" lon="9.146453"><ele>1353.1</ele></trkpt>
      <trkpt lat="41.878633" lon="9.146225"><ele>1351.1</ele></trkpt>
      <trkpt lat="41.878583" lon="9.146020"><ele>1348.7</ele></trkpt>
      <trkpt lat="41.878608" lon="9.145781"><ele>1345.8</ele></trkpt>
      <trkpt lat="41.878850" lon="9.145701"><ele>1345.9</ele></trkpt>
      <trkpt lat="41.878951" lon="9.145523"><ele>1343.5</ele></trkpt>
      <trkpt lat="41.879129" lon="9.145402"><ele>1342.3</ele></trkpt>
      <trkpt lat="41.879468" lon="9.145345"><ele>1341.7</ele></trkpt>
      <trkpt lat="41.879858" lon="9.145100"><ele>1335.4</ele></trkpt>
      <trkpt lat="41.880067" lon="9.144910"><ele>1330.7</ele></trkpt>
      <trkpt lat="41.880166" lon="9.144849"><ele>1329.3</ele></trkpt>
      <trkpt lat="41.880220" lon="9.144849"><ele>1329.2</ele></trkpt>
      <trkpt lat="41.880326" lon="9.144931"><ele>1330.8</ele></trkpt>
      <trkpt lat="41.880573" lon="9.145086"><ele>1334.0</ele></trkpt>
      <trkpt lat="41.880763" lon="9.145155"><ele>1335.3</ele></trkpt>
      <trkpt lat="41.880954" lon="9.145231"><ele>1336.7</ele></trkpt>
      <trkpt lat="41.880995" lon="9.145287"><ele>1337.7</ele></trkpt>
      <trkpt lat="41.881052" lon="9.145305"><ele>1338.1</ele></trkpt>
      <trkpt lat="41.881124" lon="9.145440"><ele>1340.6</ele></trkpt>
      <trkpt lat="41.881244" lon="9.145473"><ele>1341.6</ele></trkpt>
      <trkpt lat="41.881323" lon="9.145448"><ele>1341.5</ele></trkpt>
      <trkpt lat="41.881361" lon="9.145460"><ele>1341.8</ele></trkpt>
      <trkpt lat="41.881611" lon="9.145283"><ele>1340.1</ele></trkpt>
      <trkpt lat="41.881732" lon="9.145318"><ele>1341.6</ele></trkpt>
      <trkpt lat="41.881817" lon="9.145276"><ele>1341.4</ele></trkpt>
      <trkpt lat="41.881940" lon="9.145192"><ele>1340.9</ele></trkpt>
      <trkpt lat="41.882045" lon="9.145196"><ele>1341.6</ele></trkpt>
      <trkpt lat="41.882123" lon="9.145152"><ele>1341.3</ele></trkpt>
      <trkpt lat="41.882214" lon="9.145165"><ele>1341.9</ele></trkpt>
      <trkpt lat="41.882365" lon="9.145095"><ele>1341.4</ele></trkpt>
      <trkpt lat="41.882397" lon="9.144997"><ele>1339.8</ele></trkpt>
      <trkpt lat="41.882437" lon="9.144931"><ele>1338.9</ele></trkpt>
      <trkpt lat="41.882705" lon="9.144687"><ele>1336.2</ele></trkpt>
      <trkpt lat="41.882814" lon="9.144625"><ele>1335.7</ele></trkpt>
      <trkpt lat="41.882909" lon="9.144627"><ele>1336.0</ele></trkpt>
      <trkpt lat="41.883036" lon="9.144554"><ele>1334.8</ele></trkpt>
      <trkpt lat="41.883167" lon="9.144516"><ele>1334.0</ele></trkpt>
      <trkpt lat="41.883317" lon="9.144517"><ele>1333.8</ele></trkpt>
      <trkpt lat="41.883379" lon="9.144544"><ele>1334.1</ele></trkpt>
      <trkpt lat="41.883537" lon="9.144499"><ele>1332.7</ele></trkpt>
      <trkpt lat="41.883716" lon="9.144480"><ele>1330.3</ele></trkpt>
      <trkpt lat="41.883791" lon="9.144504"><ele>1329.7</ele></trkpt>
      <trkpt lat="41.883976" lon="9.144642"><ele>1328.8</ele></trkpt>
      <trkpt lat="41.884034" lon="9.144754"><ele>1328.8</ele></trkpt>
      <trkpt lat="41.884120" lon="9.144694"><ele>1326.7</ele></trkpt>
      <trkpt lat="41.884216" lon="9.144770"><ele>1325.4</ele></trkpt>
      <trkpt lat="41.884335" lon="9.144786"><ele>1323.0</ele></trkpt>
      <trkpt lat="41.884416" lon="9.144908"><ele>1321.8</ele></trkpt>
      <trkpt lat="41.884548" lon="9.144796"><ele>1318.4</ele></trkpt>
      <trkpt lat="41.884647" lon="9.144895"><ele>1316.5</ele></trkpt>
      <trkpt lat="41.884682" lon="9.144931"><ele>1315.9</ele></trkpt>
      <trkpt lat="41.884671" lon="9.145156"><ele>1317.1</ele></trkpt>
      <trkpt lat="41.884718" lon="9.145214"><ele>1316.3</ele></trkpt>
      <trkpt lat="41.884738" lon="9.145428"><ele>1316.7</ele></trkpt>
      <trkpt lat="41.884825" lon="9.145630"><ele>1315.7</ele></trkpt>
      <trkpt lat="41.884922" lon="9.145709"><ele>1313.9</ele></trkpt>
      <trkpt lat="41.884953" lon="9.145819"><ele>1313.9</ele></trkpt>
      <trkpt lat="41.885046" lon="9.146048"><ele>1313.9</ele></trkpt>
      <trkpt lat="41.885098" lon="9.146202"><ele>1314.5</ele></trkpt>
      <trkpt lat="41.885172" lon="9.146491"><ele>1316.6</ele></trkpt>
      <trkpt lat="41.885196" lon="9.146660"><ele>1318.5</ele></trkpt>
      <trkpt lat="41.885301" lon="9.146751"><ele>1318.6</ele></trkpt>
      <trkpt lat="41.885311" lon="9.146765"><ele>1318.7</ele></trkpt>
      <trkpt lat="41.885368" lon="9.146783"><ele>1318.2</ele></trkpt>
      <trkpt lat="41.885564" lon="9.146902"><ele>1317.2</ele></trkpt>
      <trkpt lat="41.885688" lon="9.146906"><ele>1315.5</ele></trkpt>
      <trkpt lat="41.885848" lon="9.146827"><ele>1312.4</ele></trkpt>
      <trkpt lat="41.885937" lon="9.146828"><ele>1311.4</ele></trkpt>
      <trkpt lat="41.886584" lon="9.147144"><ele>1309.8</ele></trkpt>
      <trkpt lat="41.886901" lon="9.147149"><ele>1308.2</ele></trkpt>
      <trkpt lat="41.887098" lon="9.147180"><ele>1307.7</ele></trkpt>
      <trkpt lat="41.887175" lon="9.147228"><ele>1307.8</ele></trkpt>
      <trkpt lat="41.887317" lon="9.147385"><ele>1308.6</ele></trkpt>
      <trkpt lat="41.887395" lon="9.147489"><ele>1309.1</ele></trkpt>
      <trkpt lat="41.887450" lon="9.147640"><ele>1309.8</ele></trkpt>
      <trkpt lat="41.887456" lon="9.147761"><ele>1310.4</ele></trkpt>
      <trkpt lat="41.887385" lon="9.148036"><ele>1312.3</ele></trkpt>
      <trkpt lat="41.887279" lon="9.148232"><ele>1314.3</ele></trkpt>
      <trkpt lat="41.887206" lon="9.148538"><ele>1317.4</ele></trkpt>
      <trkpt lat="41.887120" lon="9.148781"><ele>1320.7</ele></trkpt>
      <trkpt lat="41.887102" lon="9.149004"><ele>1323.2</ele></trkpt>
      <trkpt lat="41.887049" lon="9.149275"><ele>1326.1</ele></trkpt>
      <trkpt lat="41.887066" lon="9.149419"><ele>1327.2</ele></trkpt>
      <trkpt lat="41.887389" lon="9.149607"><ele>1325.9</ele></trkpt>
      <trkpt lat="41.887657" lon="9.149824"><ele>1327.4</ele></trkpt>
      <trkpt lat="41.887670" lon="9.149882"><ele>1328.1</ele></trkpt>
      <trkpt lat="41.887774" lon="9.150042"><ele>1330.3</ele></trkpt>
      <trkpt lat="41.887797" lon="9.150173"><ele>1332.2</ele></trkpt>
      <trkpt lat="41.887786" lon="9.150337"><ele>1334.2</ele></trkpt>
      <trkpt lat="41.887725" lon="9.150757"><ele>1338.3</ele></trkpt>
      <trkpt lat="41.887684" lon="9.150903"><ele>1339.6</ele></trkpt>
      <trkpt lat="41.887600" lon="9.151025"><ele>1340.4</ele></trkpt>
      <trkpt lat="41.887544" lon="9.151189"><ele>1341.6</ele></trkpt>
      <trkpt lat="41.887551" lon="9.151338"><ele>1342.8</ele></trkpt>
      <trkpt lat="41.887370" lon="9.151713"><ele>1345.4</ele></trkpt>
      <trkpt lat="41.887339" lon="9.151905"><ele>1346.4</ele></trkpt>
      <trkpt lat="41.887393" lon="9.152212"><ele>1347.6</ele></trkpt>
      <trkpt lat="41.887354" lon="9.152376"><ele>1348.3</ele></trkpt>
      <trkpt lat="41.887375" lon="9.152811"><ele>1348.8</ele></trkpt>
      <trkpt lat="41.887496" lon="9.153219"><ele>1346.6</ele></trkpt>
      <trkpt lat="41.887563" lon="9.153399"><ele>1345.2</ele></trkpt>
      <trkpt lat="41.887547" lon="9.153668"><ele>1342.3</ele></trkpt>
      <trkpt lat="41.887589" lon="9.154093"><ele>1338.1</ele></trkpt>
      <trkpt lat="41.887675" lon="9.154307"><ele>1336.8</ele></trkpt>
      <trkpt lat="41.887827" lon="9.154418"><ele>1337.1</ele></trkpt>
      <trkpt lat="41.887988" lon="9.154533"><ele>1337.7</ele></trkpt>
      <trkpt lat="41.887966" lon="9.154898"><ele>1334.7</ele></trkpt>
      <trkpt lat="41.888015" lon="9.155178"><ele>1333.2</ele></trkpt>
      <trkpt lat="41.887982" lon="9.155488"><ele>1331.6</ele></trkpt>
      <trkpt lat="41.888091" lon="9.155560"><ele>1331.4</ele></trkpt>
      <trkpt lat="41.888271" lon="9.155752"><ele>1330.7</ele></trkpt>
      <trkpt lat="41.888467" lon="9.155835"><ele>1330.3</ele></trkpt>
      <trkpt lat="41.888649" lon="9.155962"><ele>1329.3</ele></trkpt>
      <trkpt lat="41.888805" lon="9.156069"><ele>1328.7</ele></trkpt>
      <trkpt lat="41.888909" lon="9.156094"><ele>1328.8</ele></trkpt>
      <trkpt lat="41.888958" lon="9.156236"><ele>1328.1</ele></trkpt>
      <trkpt lat="41.889062" lon="9.156371"><ele>1327.5</ele></trkpt>
      <trkpt lat="41.889174" lon="9.156550"><ele>1327.3</ele></trkpt>
      <trkpt lat="41.889336" lon="9.156710"><ele>1327.6</ele></trkpt>
      <trkpt lat="41.889517" lon="9.156903"><ele>1328.9</ele></trkpt>
      <trkpt lat="41.889642" lon="9.157092"><ele>1329.2</ele></trkpt>
      <trkpt lat="41.889681" lon="9.157236"><ele>1328.9</ele></trkpt>
      <trkpt lat="41.889944" lon="9.157445"><ele>1329.5</ele></trkpt>
      <trkpt lat="41.890119" lon="9.157773"><ele>1328.2</ele></trkpt>
      <trkpt lat="41.890462" lon="9.158004"><ele>1326.8</ele></trkpt>
      <trkpt lat="41.890746" lon="9.158033"><ele>1323.8</ele></trkpt>
      <trkpt lat="41.890988" lon="9.158202"><ele>1319.2</ele></trkpt>
      <trkpt lat="41.891429" lon="9.158287"><ele>1312.6</ele></trkpt>
      <trkpt lat="41.891689" lon="9.158535"><ele>1310.6</ele></trkpt>
      <trkpt lat="41.891805" lon="9.158575"><ele>1310.0</ele></trkpt>
      <trkpt lat="41.891900" lon="9.158717"><ele>1309.8</ele></trkpt>
      <trkpt lat="41.892061" lon="9.158885"><ele>1309.9</ele></trkpt>
      <trkpt lat="41.892190" lon="9.158913"><ele>1310.3</ele></trkpt>
      <trkpt lat="41.892166" lon="9.158996"><ele>1310.4</ele></trkpt>
      <trkpt lat="41.892192" lon="9.159033"><ele>1310.5</ele></trkpt>
      <trkpt lat="41.892235" lon="9.159061"><ele>1310.8</ele></trkpt>
      <trkpt lat="41.892294" lon="9.159005"><ele>1311.1</ele></trkpt>
      <trkpt lat="41.892366" lon="9.158921"><ele>1311.8</ele></trkpt>
      <trkpt lat="41.892474" lon="9.158932"><ele>1313.3</ele></trkpt>
      <trkpt lat="41.892683" lon="9.158990"><ele>1317.0</ele></trkpt>
      <trkpt lat="41.892736" lon="9.158916"><ele>1318.2</ele></trkpt>
      <trkpt lat="41.892888" lon="9.158980"><ele>1321.5</ele></trkpt>
      <trkpt lat="41.893004" lon="9.159071"><ele>1324.0</ele></trkpt>
      <trkpt lat="41.893174" lon="9.159357"><ele>1326.4</ele></trkpt>
      <trkpt lat="41.893319" lon="9.159427"><ele>1328.0</ele></trkpt>
      <trkpt lat="41.893544" lon="9.159460"><ele>1330.4</ele></trkpt>
      <trkpt lat="41.893675" lon="9.159372"><ele>1332.1</ele></trkpt>
      <trkpt lat="41.893863" lon="9.159384"><ele>1333.6</ele></trkpt>
      <trkpt lat="41.893997" lon="9.159476"><ele>1334.3</ele></trkpt>
      <trkpt lat="41.894035" lon="9.159612"><ele>1334.0</ele></trkpt>
      <trkpt lat="41.894134" lon="9.159750"><ele>1333.8</ele></trkpt>
      <trkpt lat="41.894270" lon="9.159796"><ele>1334.0</ele></trkpt>
      <trkpt lat="41.894494" lon="9.159819"><ele>1334.2</ele></trkpt>
      <trkpt lat="41.894591" lon="9.159770"><ele>1334.6</ele></trkpt>
      <trkpt lat="41.894712" lon="9.159657"><ele>1335.6</ele></trkpt>
      <trkpt lat="41.894793" lon="9.159616"><ele>1336.1</ele></trkpt>
      <trkpt lat="41.894933" lon="9.159635"><ele>1336.2</ele></trkpt>
      <trkpt lat="41.895044" lon="9.159702"><ele>1335.8</ele></trkpt>
      <trkpt lat="41.895181" lon="9.159693"><ele>1336.2</ele></trkpt>
      <trkpt lat="41.895432" lon="9.159795"><ele>1335.1</ele></trkpt>
      <trkpt lat="41.895707" lon="9.159927"><ele>1337.5</ele></trkpt>
      <trkpt lat="41.895763" lon="9.160096"><ele>1339.2</ele></trkpt>
      <trkpt lat="41.895890" lon="9.160178"><ele>1342.7</ele></trkpt>
      <trkpt lat="41.895883" lon="9.160259"><ele>1343.1</ele></trkpt>
      <trkpt lat="41.895976" lon="9.160431"><ele>1347.0</ele></trkpt>
      <trkpt lat="41.896264" lon="9.160564"><ele>1356.2</ele></trkpt>
      <trkpt lat="41.896312" lon="9.160759"><ele>1358.1</ele></trkpt>
      <trkpt lat="41.896240" lon="9.160924"><ele>1356.1</ele></trkpt>
      <trkpt lat="41.896531" lon="9.160904"><ele>1363.8</ele></trkpt>
      <trkpt lat="41.896644" lon="9.161015"><ele>1366.9</ele></trkpt>
      <trkpt lat="41.896807" lon="9.161314"><ele>1371.3</ele></trkpt>
      <trkpt lat="41.896820" lon="9.161428"><ele>1371.5</ele></trkpt>
      <trkpt lat="41.897051" lon="9.161713"><ele>1374.2</ele></trkpt>
      <trkpt lat="41.897126" lon="9.161715"><ele>1374.9</ele></trkpt>
      <trkpt lat="41.897238" lon="9.161806"><ele>1375.2</ele></trkpt>
      <trkpt lat="41.897531" lon="9.161733"><ele>1376.8</ele></trkpt>
      <trkpt lat="41.897830" lon="9.161774"><ele>1376.8</ele></trkpt>
      <trkpt lat="41.897974" lon="9.161937"><ele>1376.1</ele></trkpt>
      <trkpt lat="41.898174" lon="9.162447"><ele>1375.0</ele></trkpt>
      <trkpt lat="41.898324" lon="9.162775"><ele>1374.6</ele></trkpt>
      <trkpt lat="41.898317" lon="9.162838"><ele>1374.5</ele></trkpt>
      <trkpt lat="41.898356" lon="9.162954"><ele>1374.5</ele></trkpt>
      <trkpt lat="41.898534" lon="9.163159"><ele>1374.4</ele></trkpt>
      <trkpt lat="41.898638" lon="9.163329"><ele>1374.4</ele></trkpt>
      <trkpt lat="41.898674" lon="9.163496"><ele>1374.3</ele></trkpt>
      <trkpt lat="41.898761" lon="9.163619"><ele>1374.6</ele></trkpt>
      <trkpt lat="41.898789" lon="9.163700"><ele>1374.8</ele></trkpt>
      <trkpt lat="41.898952" lon="9.163771"><ele>1376.0</ele></trkpt>
      <trkpt lat="41.898995" lon="9.163819"><ele>1376.5</ele></trkpt>
      <trkpt lat="41.899134" lon="9.163927"><ele>1378.6</ele></trkpt>
      <trkpt lat="41.899204" lon="9.164005"><ele>1380.2</ele></trkpt>
      <trkpt lat="41.899415" lon="9.164010"><ele>1382.9</ele></trkpt>
      <trkpt lat="41.899527" lon="9.164131"><ele>1385.4</ele></trkpt>
      <trkpt lat="41.899552" lon="9.164189"><ele>1386.3</ele></trkpt>
      <trkpt lat="41.899606" lon="9.164205"><ele>1387.2</ele></trkpt>
      <trkpt lat="41.899659" lon="9.164252"><ele>1388.3</ele></trkpt>
      <trkpt lat="41.899670" lon="9.164315"><ele>1389.2</ele></trkpt>
      <trkpt lat="41.899824" lon="9.164483"><ele>1393.1</ele></trkpt>
      <trkpt lat="41.899809" lon="9.164604"><ele>1394.0</ele></trkpt>
      <trkpt lat="41.899887" lon="9.164628"><ele>1395.4</ele></trkpt>
      <trkpt lat="41.899886" lon="9.164675"><ele>1395.8</ele></trkpt>
      <trkpt lat="41.899943" lon="9.164717"><ele>1396.9</ele></trkpt>
      <trkpt lat="41.900137" lon="9.164734"><ele>1399.5</ele></trkpt>
      <trkpt lat="41.900162" lon="9.164861"><ele>1400.7</ele></trkpt>
      <trkpt lat="41.900270" lon="9.164918"><ele>1402.2</ele></trkpt>
      <trkpt lat="41.900274" lon="9.165055"><ele>1402.9</ele></trkpt>
      <trkpt lat="41.900334" lon="9.165124"><ele>1403.9</ele></trkpt>
      <trkpt lat="41.900330" lon="9.165282"><ele>1404.3</ele></trkpt>
      <trkpt lat="41.900441" lon="9.165438"><ele>1406.4</ele></trkpt>
      <trkpt lat="41.900553" lon="9.165697"><ele>1409.1</ele></trkpt>
      <trkpt lat="41.900794" lon="9.165774"><ele>1414.8</ele></trkpt>
      <trkpt lat="41.900898" lon="9.165862"><ele>1418.1</ele></trkpt>
      <trkpt lat="41.901019" lon="9.165793"><ele>1420.3</ele></trkpt>
      <trkpt lat="41.901479" lon="9.165816"><ele>1430.1</ele></trkpt>
      <trkpt lat="41.901482" lon="9.166536"><ele>1442.4</ele></trkpt>
      <trkpt lat="41.901456" lon="9.166972"><ele>1445.6</ele></trkpt>
      <trkpt lat="41.901477" lon="9.167454"><ele>1449.4</ele></trkpt>
      <trkpt lat="41.901625" lon="9.168035"><ele>1457.4</ele></trkpt>
      <trkpt lat="41.901807" lon="9.168436"><ele>1465.9</ele></trkpt>
      <trkpt lat="41.901964" lon="9.168618"><ele>1472.8</ele></trkpt>
      <trkpt lat="41.901993" lon="9.168950"><ele>1475.2</ele></trkpt>
      <trkpt lat="41.902055" lon="9.169056"><ele>1477.9</ele></trkpt>
      <trkpt lat="41.902203" lon="9.169613"><ele>1484.1</ele></trkpt>
      <trkpt lat="41.902363" lon="9.169994"><ele>1490.4</ele></trkpt>
      <trkpt lat="41.902516" lon="9.170238"><ele>1496.0</ele></trkpt>
      <trkpt lat="41.902706" lon="9.170460"><ele>1502.3</ele></trkpt>
      <trkpt lat="41.902918" lon="9.170781"><ele>1508.1</ele></trkpt>
      <trkpt lat="41.902980" lon="9.171074"><ele>1508.0</ele></trkpt>
      <trkpt lat="41.903093" lon="9.171230"><ele>1510.7</ele></trkpt>
      <trkpt lat="41.903059" lon="9.171535"><ele>1507.3</ele></trkpt>
      <trkpt lat="41.903120" lon="9.171738"><ele>1506.8</ele></trkpt>
      <trkpt lat="41.903228" lon="9.171831"><ele>1508.4</ele></trkpt>
      <trkpt lat="41.903374" lon="9.172110"><ele>1509.4</ele></trkpt>
      <trkpt lat="41.903650" lon="9.172224"><ele>1516.2</ele></trkpt>
      <trkpt lat="41.903775" lon="9.172370"><ele>1519.1</ele></trkpt>
      <trkpt lat="41.903851" lon="9.172370"><ele>1521.2</ele></trkpt>
      <trkpt lat="41.903888" lon="9.172591"><ele>1521.8</ele></trkpt>
      <trkpt lat="41.903950" lon="9.172658"><ele>1523.4</ele></trkpt>
      <trkpt lat="41.903952" lon="9.172726"><ele>1523.4</ele></trkpt>
      <trkpt lat="41.903853" lon="9.172785"><ele>1520.8</ele></trkpt>
      <trkpt lat="41.904050" lon="9.173339"><ele>1527.3</ele></trkpt>
      <trkpt lat="41.904200" lon="9.173586"><ele>1532.5</ele></trkpt>
      <trkpt lat="41.904627" lon="9.173922"><ele>1543.7</ele></trkpt>
      <trkpt lat="41.904891" lon="9.174146"><ele>1548.9</ele></trkpt>
      <trkpt lat="41.904986" lon="9.174387"><ele>1551.7</ele></trkpt>
      <trkpt lat="41.905172" lon="9.174548"><ele>1555.0</ele></trkpt>
      <trkpt lat="41.905294" lon="9.175140"><ele>1560.9</ele></trkpt>
      <trkpt lat="41.905290" lon="9.175411"><ele>1563.5</ele></trkpt>
      <trkpt lat="41.905337" lon="9.175622"><ele>1565.6</ele></trkpt>
      <trkpt lat="41.905478" lon="9.176006"><ele>1569.0</ele></trkpt>
      <trkpt lat="41.905446" lon="9.176073"><ele>1569.6</ele></trkpt>
      <trkpt lat="41.905564" lon="9.176431"><ele>1571.5</ele></trkpt>
      <trkpt lat="41.905688" lon="9.176580"><ele>1572.0</ele></trkpt>
      <trkpt lat="41.905769" lon="9.176817"><ele>1572.9</ele></trkpt>
      <trkpt lat="41.905717" lon="9.176994"><ele>1573.5</ele></trkpt>
      <trkpt lat="41.905766" lon="9.177094"><ele>1573.7</ele></trkpt>
      <trkpt lat="41.905922" lon="9.177056"><ele>1574.1</ele></trkpt>
      <trkpt lat="41.906038" lon="9.176978"><ele>1574.0</ele></trkpt>
      <trkpt lat="41.906208" lon="9.176891"><ele>1574.8</ele></trkpt>
      <trkpt lat="41.906521" lon="9.176950"><ele>1578.9</ele></trkpt>
      <trkpt lat="41.906581" lon="9.177007"><ele>1579.7</ele></trkpt>
      <trkpt lat="41.906700" lon="9.177026"><ele>1581.6</ele></trkpt>
      <trkpt lat="41.906814" lon="9.177096"><ele>1583.1</ele></trkpt>
      <trkpt lat="41.906975" lon="9.177080"><ele>1586.5</ele></trkpt>
      <trkpt lat="41.907075" lon="9.177116"><ele>1588.5</ele></trkpt>
      <trkpt lat="41.907205" lon="9.177123"><ele>1591.4</ele></trkpt>
      <trkpt lat="41.907358" lon="9.177271"><ele>1593.9</ele></trkpt>
      <trkpt lat="41.907496" lon="9.177356"><ele>1596.9</ele></trkpt>
      <trkpt lat="41.907645" lon="9.177395"><ele>1601.0</ele></trkpt>
      <trkpt lat="41.907778" lon="9.177384"><ele>1605.4</ele></trkpt>
      <trkpt lat="41.907861" lon="9.177340"><ele>1608.7</ele></trkpt>
      <trkpt lat="41.907993" lon="9.177609"><ele>1610.3</ele></trkpt>
      <trkpt lat="41.908106" lon="9.177647"><ele>1614.1</ele></trkpt>
      <trkpt lat="41.908209" lon="9.177888"><ele>1615.4</ele></trkpt>
      <trkpt lat="41.908278" lon="9.177903"><ele>1617.7</ele></trkpt>
      <trkpt lat="41.908299" lon="9.177787"><ele>1619.8</ele></trkpt>
      <trkpt lat="41.908276" lon="9.177685"><ele>1620.1</ele></trkpt>
      <trkpt lat="41.908293" lon="9.177618"><ele>1621.5</ele></trkpt>
      <trkpt lat="41.908437" lon="9.177196"><ele>1632.3</ele></trkpt>
      <trkpt lat="41.908459" lon="9.176790"><ele>1637.1</ele></trkpt>
      <trkpt lat="41.908529" lon="9.176764"><ele>1639.4</ele></trkpt>
      <trkpt lat="41.908596" lon="9.176414"><ele>1643.9</ele></trkpt>
      <trkpt lat="41.908840" lon="9.176221"><ele>1650.7</ele></trkpt>
      <trkpt lat="41.909101" lon="9.176194"><ele>1655.5</ele></trkpt>
      <trkpt lat="41.909202" lon="9.175979"><ele>1657.7</ele></trkpt>
      <trkpt lat="41.909368" lon="9.175864"><ele>1659.6</ele></trkpt>
      <trkpt lat="41.909508" lon="9.175778"><ele>1660.8</ele></trkpt>
      <trkpt lat="41.909628" lon="9.175766"><ele>1662.1</ele></trkpt>
      <trkpt lat="41.909669" lon="9.175704"><ele>1662.8</ele></trkpt>
      <trkpt lat="41.910047" lon="9.175650"><ele>1670.0</ele></trkpt>
      <trkpt lat="41.910144" lon="9.175683"><ele>1671.9</ele></trkpt>
      <trkpt lat="41.910289" lon="9.175678"><ele>1674.8</ele></trkpt>
      <trkpt lat="41.910379" lon="9.175693"><ele>1676.4</ele></trkpt>
      <trkpt lat="41.910495" lon="9.175733"><ele>1677.8</ele></trkpt>
      <trkpt lat="41.910731" lon="9.176061"><ele>1678.1</ele></trkpt>
      <trkpt lat="41.910786" lon="9.176162"><ele>1677.9</ele></trkpt>
      <trkpt lat="41.910815" lon="9.176501"><ele>1678.4</ele></trkpt>
      <trkpt lat="41.910646" lon="9.177224"><ele>1682.5</ele></trkpt>
      <trkpt lat="41.910715" lon="9.177561"><ele>1685.7</ele></trkpt>
      <trkpt lat="41.910757" lon="9.177660"><ele>1686.7</ele></trkpt>
      <trkpt lat="41.910980" lon="9.177929"><ele>1688.8</ele></trkpt>
      <trkpt lat="41.911130" lon="9.178025"><ele>1688.9</ele></trkpt>
      <trkpt lat="41.911163" lon="9.178121"><ele>1689.5</ele></trkpt>
      <trkpt lat="41.911207" lon="9.178164"><ele>1689.6</ele></trkpt>
      <trkpt lat="41.911337" lon="9.178183"><ele>1688.7</ele></trkpt>
      <trkpt lat="41.911470" lon="9.178285"><ele>1688.9</ele></trkpt>
      <trkpt lat="41.911658" lon="9.178441"><ele>1690.4</ele></trkpt>
      <trkpt lat="41.911724" lon="9.178563"><ele>1692.4</ele></trkpt>
      <trkpt lat="41.911910" lon="9.178614"><ele>1694.3</ele></trkpt>
      <trkpt lat="41.911911" lon="9.178716"><ele>1696.3</ele></trkpt>
      <trkpt lat="41.911956" lon="9.178729"><ele>1697.0</ele></trkpt>
      <trkpt lat="41.912107" lon="9.178828"><ele>1700.7</ele></trkpt>
      <trkpt lat="41.912090" lon="9.178891"><ele>1702.0</ele></trkpt>
      <trkpt lat="41.912271" lon="9.179023"><ele>1706.9</ele></trkpt>
      <trkpt lat="41.912364" lon="9.179038"><ele>1708.0</ele></trkpt>
      <trkpt lat="41.912426" lon="9.179133"><ele>1711.0</ele></trkpt>
      <trkpt lat="41.912511" lon="9.179158"><ele>1712.3</ele></trkpt>
      <trkpt lat="41.912507" lon="9.179252"><ele>1715.0</ele></trkpt>
      <trkpt lat="41.912677" lon="9.179362"><ele>1719.6</ele></trkpt>
      <trkpt lat="41.912600" lon="9.179526"><ele>1723.3</ele></trkpt>
      <trkpt lat="41.912705" lon="9.179543"><ele>1724.8</ele></trkpt>
      <trkpt lat="41.912749" lon="9.179505"><ele>1724.2</ele></trkpt>
      <trkpt lat="41.912816" lon="9.179590"><ele>1727.0</ele></trkpt>
      <trkpt lat="41.912863" lon="9.179676"><ele>1729.6</ele></trkpt>
      <trkpt lat="41.912934" lon="9.179680"><ele>1730.1</ele></trkpt>
      <trkpt lat="41.913037" lon="9.179892"><ele>1735.3</ele></trkpt>
      <trkpt lat="41.913120" lon="9.179935"><ele>1736.3</ele></trkpt>
      <trkpt lat="41.913211" lon="9.180067"><ele>1738.9</ele></trkpt>
      <trkpt lat="41.913324" lon="9.180157"><ele>1740.5</ele></trkpt>
      <trkpt lat="41.913345" lon="9.180242"><ele>1742.0</ele></trkpt>
      <trkpt lat="41.913500" lon="9.180258"><ele>1741.9</ele></trkpt>
      <trkpt lat="41.913753" lon="9.180352"><ele>1741.9</ele></trkpt>
      <trkpt lat="41.913837" lon="9.180481"><ele>1744.0</ele></trkpt>
      <trkpt lat="41.913903" lon="9.180533"><ele>1744.7</ele></trkpt>
      <trkpt lat="41.913955" lon="9.180550"><ele>1744.6</ele></trkpt>
      <trkpt lat="41.913981" lon="9.180612"><ele>1746.0</ele></trkpt>
      <trkpt lat="41.914074" lon="9.180670"><ele>1746.8</ele></trkpt>
      <trkpt lat="41.914268" lon="9.180780"><ele>1747.7</ele></trkpt>
      <trkpt lat="41.914518" lon="9.181005"><ele>1751.1</ele></trkpt>
      <trkpt lat="41.914669" lon="9.181178"><ele>1753.7</ele></trkpt>
      <trkpt lat="41.914634" lon="9.181353"><ele>1760.5</ele></trkpt>
      <trkpt lat="41.914766" lon="9.181554"><ele>1764.1</ele></trkpt>
      <trkpt lat="41.914759" lon="9.181698"><ele>1768.2</ele></trkpt>
      <trkpt lat="41.914805" lon="9.181836"><ele>1770.7</ele></trkpt>
      <trkpt lat="41.914823" lon="9.182023"><ele>1774.2</ele></trkpt>
      <trkpt lat="41.914889" lon="9.182089"><ele>1774.7</ele></trkpt>
      <trkpt lat="41.915047" lon="9.182380"><ele>1778.4</ele></trkpt>
      <trkpt lat="41.915198" lon="9.182641"><ele>1781.5</ele></trkpt>
      <trkpt lat="41.915265" lon="9.182809"><ele>1783.8</ele></trkpt>
      <trkpt lat="41.915291" lon="9.183050"><ele>1787.0</ele></trkpt>
      <trkpt lat="41.915268" lon="9.183081"><ele>1787.5</ele></trkpt>
      <trkpt lat="41.915304" lon="9.183150"><ele>1788.0</ele></trkpt>
      <trkpt lat="41.915320" lon="9.183322"><ele>1789.6</ele></trkpt>
      <trkpt lat="41.915524" lon="9.183661"><ele>1790.8</ele></trkpt>
      <trkpt lat="41.915749" lon="9.183838"><ele>1789.1</ele></trkpt>
      <trkpt lat="41.915855" lon="9.183946"><ele>1787.3</ele></trkpt>
      <trkpt lat="41.915942" lon="9.184016"><ele>1785.9</ele></trkpt>
      <trkpt lat="41.916119" lon="9.184068"><ele>1784.7</ele></trkpt>
      <trkpt lat="41.916293" lon="9.184183"><ele>1782.7</ele></trkpt>
      <trkpt lat="41.916404" lon="9.184217"><ele>1782.4</ele></trkpt>
      <trkpt lat="41.916467" lon="9.184244"><ele>1782.2</ele></trkpt>
      <trkpt lat="41.916637" lon="9.184257"><ele>1782.5</ele></trkpt>
      <trkpt lat="41.916655" lon="9.184289"><ele>1782.2</ele></trkpt>
      <trkpt lat="41.916721" lon="9.184295"><ele>1782.2</ele></trkpt>
      <trkpt lat="41.916988" lon="9.184466"><ele>1781.8</ele></trkpt>
      <trkpt lat="41.917112" lon="9.184513"><ele>1782.0</ele></trkpt>
      <trkpt lat="41.917301" lon="9.184499"><ele>1781.8</ele></trkpt>
      <trkpt lat="41.917491" lon="9.184546"><ele>1782.3</ele></trkpt>
      <trkpt lat="41.917592" lon="9.184551"><ele>1782.3</ele></trkpt>
      <trkpt lat="41.917680" lon="9.184582"><ele>1782.7</ele></trkpt>
      <trkpt lat="41.917909" lon="9.184640"><ele>1783.1</ele></trkpt>
      <trkpt lat="41.918032" lon="9.184704"><ele>1784.1</ele></trkpt>
      <trkpt lat="41.918283" lon="9.184815"><ele>1786.1</ele></trkpt>
      <trkpt lat="41.918369" lon="9.184965"><ele>1789.1</ele></trkpt>
      <trkpt lat="41.918376" lon="9.185136"><ele>1791.7</ele></trkpt>
      <trkpt lat="41.918565" lon="9.185297"><ele>1793.2</ele></trkpt>
      <trkpt lat="41.918644" lon="9.185501"><ele>1793.5</ele></trkpt>
      <trkpt lat="41.918762" lon="9.185621"><ele>1793.3</ele></trkpt>
      <trkpt lat="41.918752" lon="9.185685"><ele>1793.2</ele></trkpt>
      <trkpt lat="41.918838" lon="9.185785"><ele>1792.9</ele></trkpt>
      <trkpt lat="41.918962" lon="9.185868"><ele>1792.7</ele></trkpt>
      <trkpt lat="41.919102" lon="9.185916"><ele>1792.1</ele></trkpt>
      <trkpt lat="41.919293" lon="9.185943"><ele>1789.7</ele></trkpt>
      <trkpt lat="41.919336" lon="9.185988"><ele>1789.4</ele></trkpt>
      <trkpt lat="41.919256" lon="9.186194"><ele>1791.1</ele></trkpt>
      <trkpt lat="41.919510" lon="9.186313"><ele>1788.6</ele></trkpt>
      <trkpt lat="41.919635" lon="9.186317"><ele>1786.9</ele></trkpt>
      <trkpt lat="41.919724" lon="9.186322"><ele>1785.6</ele></trkpt>
      <trkpt lat="41.920029" lon="9.186448"><ele>1783.4</ele></trkpt>
      <trkpt lat="41.920091" lon="9.186580"><ele>1786.0</ele></trkpt>
      <trkpt lat="41.920244" lon="9.186829"><ele>1791.5</ele></trkpt>
      <trkpt lat="41.920313" lon="9.186877"><ele>1792.4</ele></trkpt>
      <trkpt lat="41.920311" lon="9.186921"><ele>1793.7</ele></trkpt>
      <trkpt lat="41.920403" lon="9.187269"><ele>1802.3</ele></trkpt>
      <trkpt lat="41.920589" lon="9.187431"><ele>1804.4</ele></trkpt>
      <trkpt lat="41.920660" lon="9.187457"><ele>1804.2</ele></trkpt>
      <trkpt lat="41.920697" lon="9.187526"><ele>1805.2</ele></trkpt>
      <trkpt lat="41.920796" lon="9.187617"><ele>1805.0</ele></trkpt>
      <trkpt lat="41.920951" lon="9.187951"><ele>1806.0</ele></trkpt>
      <trkpt lat="41.921060" lon="9.188544"><ele>1809.8</ele></trkpt>
      <trkpt lat="41.921126" lon="9.188777"><ele>1811.5</ele></trkpt>
      <trkpt lat="41.921100" lon="9.188976"><ele>1813.9</ele></trkpt>
      <trkpt lat="41.921288" lon="9.189342"><ele>1815.2</ele></trkpt>
      <trkpt lat="41.921395" lon="9.189515"><ele>1814.8</ele></trkpt>
      <trkpt lat="41.921485" lon="9.189553"><ele>1812.9</ele></trkpt>
      <trkpt lat="41.921548" lon="9.189620"><ele>1811.3</ele></trkpt>
      <trkpt lat="41.921558" lon="9.189675"><ele>1811.3</ele></trkpt>
      <trkpt lat="41.921632" lon="9.189821"><ele>1809.4</ele></trkpt>
      <trkpt lat="41.921783" lon="9.189944"><ele>1804.0</ele></trkpt>
      <trkpt lat="41.921853" lon="9.190121"><ele>1803.7</ele></trkpt>
      <trkpt lat="41.921963" lon="9.190228"><ele>1802.7</ele></trkpt>
      <trkpt lat="41.921987" lon="9.190304"><ele>1803.4</ele></trkpt>
      <trkpt lat="41.922058" lon="9.190362"><ele>1802.6</ele></trkpt>
      <trkpt lat="41.922338" lon="9.190284"><ele>1791.2</ele></trkpt>
      <trkpt lat="41.922439" lon="9.190331"><ele>1788.5</ele></trkpt>
      <trkpt lat="41.922587" lon="9.190447"><ele>1785.5</ele></trkpt>
      <trkpt lat="41.922891" lon="9.190670"><ele>1777.3</ele></trkpt>
      <trkpt lat="41.922954" lon="9.190952"><ele>1780.1</ele></trkpt>
      <trkpt lat="41.923032" lon="9.191068"><ele>1778.6</ele></trkpt>
      <trkpt lat="41.923011" lon="9.191201"><ele>1780.2</ele></trkpt>
      <trkpt lat="41.923101" lon="9.191347"><ele>1777.7</ele></trkpt>
      <trkpt lat="41.923242" lon="9.191480"><ele>1774.4</ele></trkpt>
      <trkpt lat="41.923378" lon="9.191560"><ele>1771.9</ele></trkpt>
      <trkpt lat="41.923549" lon="9.191662"><ele>1769.7</ele></trkpt>
      <trkpt lat="41.923608" lon="9.191717"><ele>1769.4</ele></trkpt>
      <trkpt lat="41.923655" lon="9.191720"><ele>1769.0</ele></trkpt>
      <trkpt lat="41.923855" lon="9.191889"><ele>1769.2</ele></trkpt>
      <trkpt lat="41.923940" lon="9.192002"><ele>1770.7</ele></trkpt>
      <trkpt lat="41.923972" lon="9.192158"><ele>1773.2</ele></trkpt>
      <trkpt lat="41.924083" lon="9.192257"><ele>1775.7</ele></trkpt>
      <trkpt lat="41.924161" lon="9.192263"><ele>1776.3</ele></trkpt>
      <trkpt lat="41.924209" lon="9.192325"><ele>1777.8</ele></trkpt>
      <trkpt lat="41.924287" lon="9.192344"><ele>1778.3</ele></trkpt>
      <trkpt lat="41.924613" lon="9.192813"><ele>1786.0</ele></trkpt>
      <trkpt lat="41.924500" lon="9.193036"><ele>1788.6</ele></trkpt>
      <trkpt lat="41.924625" lon="9.193110"><ele>1789.2</ele></trkpt>
      <trkpt lat="41.924761" lon="9.193149"><ele>1788.1</ele></trkpt>
      <trkpt lat="41.924909" lon="9.193323"><ele>1786.8</ele></trkpt>
      <trkpt lat="41.924993" lon="9.193478"><ele>1786.1</ele></trkpt>
      <trkpt lat="41.925080" lon="9.193589"><ele>1785.1</ele></trkpt>
      <trkpt lat="41.925189" lon="9.193701"><ele>1783.5</ele></trkpt>
      <trkpt lat="41.925252" lon="9.193723"><ele>1782.3</ele></trkpt>
      <trkpt lat="41.925265" lon="9.193781"><ele>1782.4</ele></trkpt>
      <trkpt lat="41.925334" lon="9.193863"><ele>1781.5</ele></trkpt>
      <trkpt lat="41.925528" lon="9.194036"><ele>1779.0</ele></trkpt>
      <trkpt lat="41.925585" lon="9.194113"><ele>1778.4</ele></trkpt>
      <trkpt lat="41.925834" lon="9.194231"><ele>1772.8</ele></trkpt>
      <trkpt lat="41.925961" lon="9.194365"><ele>1770.6</ele></trkpt>
      <trkpt lat="41.926058" lon="9.194549"><ele>1770.1</ele></trkpt>
      <trkpt lat="41.926175" lon="9.194690"><ele>1768.5</ele></trkpt>
      <trkpt lat="41.926243" lon="9.194927"><ele>1768.4</ele></trkpt>
      <trkpt lat="41.926267" lon="9.195379"><ele>1767.6</ele></trkpt>
      <trkpt lat="41.926427" lon="9.195582"><ele>1763.8</ele></trkpt>
      <trkpt lat="41.926652" lon="9.195587"><ele>1760.3</ele></trkpt>
      <trkpt lat="41.926797" lon="9.195647"><ele>1758.5</ele></trkpt>
      <trkpt lat="41.926924" lon="9.195751"><ele>1756.9</ele></trkpt>
      <trkpt lat="41.927176" lon="9.196013"><ele>1751.9</ele></trkpt>
      <trkpt lat="41.927260" lon="9.196091"><ele>1750.0</ele></trkpt>
      <trkpt lat="41.927366" lon="9.196194"><ele>1747.9</ele></trkpt>
      <trkpt lat="41.927423" lon="9.196188"><ele>1747.4</ele></trkpt>
      <trkpt lat="41.927483" lon="9.196238"><ele>1746.4</ele></trkpt>
      <trkpt lat="41.927526" lon="9.196203"><ele>1746.2</ele></trkpt>
      <trkpt lat="41.927593" lon="9.196179"><ele>1745.6</ele></trkpt>
      <trkpt lat="41.927672" lon="9.196209"><ele>1744.8</ele></trkpt>
      <trkpt lat="41.927735" lon="9.196259"><ele>1744.1</ele></trkpt>
      <trkpt lat="41.927819" lon="9.196388"><ele>1742.7</ele></trkpt>
      <trkpt lat="41.928010" lon="9.196478"><ele>1740.7</ele></trkpt>
      <trkpt lat="41.928060" lon="9.196614"><ele>1740.2</ele></trkpt>
      <trkpt lat="41.928122" lon="9.196726"><ele>1740.0</ele></trkpt>
      <trkpt lat="41.928117" lon="9.196791"><ele>1740.0</ele></trkpt>
      <trkpt lat="41.928228" lon="9.196916"><ele>1739.9</ele></trkpt>
      <trkpt lat="41.928218" lon="9.196959"><ele>1739.9</ele></trkpt>
      <trkpt lat="41.928276" lon="9.197145"><ele>1739.7</ele></trkpt>
      <trkpt lat="41.928327" lon="9.197252"><ele>1739.5</ele></trkpt>
      <trkpt lat="41.928426" lon="9.197368"><ele>1739.5</ele></trkpt>
      <trkpt lat="41.928410" lon="9.197434"><ele>1739.5</ele></trkpt>
      <trkpt lat="41.928482" lon="9.197494"><ele>1739.7</ele></trkpt>
      <trkpt lat="41.928569" lon="9.197595"><ele>1739.7</ele></trkpt>
      <trkpt lat="41.928674" lon="9.197635"><ele>1738.8</ele></trkpt>
      <trkpt lat="41.928689" lon="9.197730"><ele>1738.7</ele></trkpt>
      <trkpt lat="41.928768" lon="9.197756"><ele>1737.7</ele></trkpt>
      <trkpt lat="41.928986" lon="9.197958"><ele>1734.0</ele></trkpt>
      <trkpt lat="41.929094" lon="9.198010"><ele>1731.8</ele></trkpt>
      <trkpt lat="41.929199" lon="9.198075"><ele>1729.6</ele></trkpt>
      <trkpt lat="41.929231" lon="9.198141"><ele>1728.9</ele></trkpt>
      <trkpt lat="41.929378" lon="9.198214"><ele>1726.2</ele></trkpt>
      <trkpt lat="41.929407" lon="9.198276"><ele>1725.7</ele></trkpt>
      <trkpt lat="41.929423" lon="9.198369"><ele>1725.6</ele></trkpt>
      <trkpt lat="41.929487" lon="9.198425"><ele>1724.8</ele></trkpt>
      <trkpt lat="41.929598" lon="9.198642"><ele>1723.5</ele></trkpt>
      <trkpt lat="41.929585" lon="9.198699"><ele>1723.7</ele></trkpt>
      <trkpt lat="41.929673" lon="9.198793"><ele>1722.4</ele></trkpt>
      <trkpt lat="41.929773" lon="9.198787"><ele>1720.6</ele></trkpt>
      <trkpt lat="41.929800" lon="9.198847"><ele>1719.9</ele></trkpt>
      <trkpt lat="41.929887" lon="9.198890"><ele>1718.3</ele></trkpt>
      <trkpt lat="41.929929" lon="9.198940"><ele>1717.6</ele></trkpt>
      <trkpt lat="41.929845" lon="9.199064"><ele>1718.2</ele></trkpt>
      <trkpt lat="41.929959" lon="9.199250"><ele>1716.0</ele></trkpt>
      <trkpt lat="41.930023" lon="9.199272"><ele>1715.8</ele></trkpt>
      <trkpt lat="41.930030" lon="9.199406"><ele>1714.6</ele></trkpt>
      <trkpt lat="41.930093" lon="9.199501"><ele>1714.2</ele></trkpt>
      <trkpt lat="41.930160" lon="9.199498"><ele>1714.6</ele></trkpt>
      <trkpt lat="41.930276" lon="9.199600"><ele>1714.2</ele></trkpt>
      <trkpt lat="41.930285" lon="9.199687"><ele>1713.8</ele></trkpt>
      <trkpt lat="41.930329" lon="9.199712"><ele>1713.9</ele></trkpt>
      <trkpt lat="41.930377" lon="9.199811"><ele>1713.6</ele></trkpt>
      <trkpt lat="41.930442" lon="9.199910"><ele>1713.4</ele></trkpt>
      <trkpt lat="41.930487" lon="9.199930"><ele>1713.5</ele></trkpt>
      <trkpt lat="41.930546" lon="9.199914"><ele>1713.6</ele></trkpt>
      <trkpt lat="41.930594" lon="9.199957"><ele>1713.8</ele></trkpt>
      <trkpt lat="41.930591" lon="9.200078"><ele>1713.7</ele></trkpt>
      <trkpt lat="41.930640" lon="9.200148"><ele>1713.6</ele></trkpt>
      <trkpt lat="41.930751" lon="9.200194"><ele>1713.6</ele></trkpt>
      <trkpt lat="41.930776" lon="9.200247"><ele>1713.4</ele></trkpt>
      <trkpt lat="41.930852" lon="9.200272"><ele>1713.2</ele></trkpt>
      <trkpt lat="41.930981" lon="9.200332"><ele>1712.5</ele></trkpt>
      <trkpt lat="41.931031" lon="9.200321"><ele>1712.0</ele></trkpt>
      <trkpt lat="41.931089" lon="9.200326"><ele>1711.4</ele></trkpt>
      <trkpt lat="41.931163" lon="9.200369"><ele>1710.5</ele></trkpt>
      <trkpt lat="41.931232" lon="9.200439"><ele>1710.0</ele></trkpt>
      <trkpt lat="41.931241" lon="9.200542"><ele>1710.1</ele></trkpt>
      <trkpt lat="41.931273" lon="9.200575"><ele>1709.9</ele></trkpt>
      <trkpt lat="41.931454" lon="9.200706"><ele>1709.1</ele></trkpt>
      <trkpt lat="41.931495" lon="9.200773"><ele>1709.4</ele></trkpt>
      <trkpt lat="41.931534" lon="9.200809"><ele>1709.6</ele></trkpt>
      <trkpt lat="41.931567" lon="9.200881"><ele>1710.1</ele></trkpt>
      <trkpt lat="41.931593" lon="9.200870"><ele>1710.2</ele></trkpt>
      <trkpt lat="41.931607" lon="9.200891"><ele>1710.4</ele></trkpt>
      <trkpt lat="41.931668" lon="9.200870"><ele>1710.6</ele></trkpt>
      <trkpt lat="41.931704" lon="9.200905"><ele>1711.2</ele></trkpt>
      <trkpt lat="41.931760" lon="9.200911"><ele>1711.7</ele></trkpt>
      <trkpt lat="41.931857" lon="9.200922"><ele>1712.8</ele></trkpt>
      <trkpt lat="41.931904" lon="9.200993"><ele>1714.1</ele></trkpt>
      <trkpt lat="41.931934" lon="9.201041"><ele>1715.0</ele></trkpt>
      <trkpt lat="41.931959" lon="9.201083"><ele>1715.7</ele></trkpt>
      <trkpt lat="41.931996" lon="9.201108"><ele>1716.5</ele></trkpt>
      <trkpt lat="41.932002" lon="9.201147"><ele>1716.9</ele></trkpt>
      <trkpt lat="41.932045" lon="9.201208"><ele>1718.0</ele></trkpt>
      <trkpt lat="41.932051" lon="9.201254"><ele>1718.4</ele></trkpt>
      <trkpt lat="41.932085" lon="9.201263"><ele>1719.0</ele></trkpt>
      <trkpt lat="41.932151" lon="9.201361"><ele>1720.6</ele></trkpt>
      <trkpt lat="41.932234" lon="9.201454"><ele>1722.6</ele></trkpt>
      <trkpt lat="41.932279" lon="9.201608"><ele>1723.7</ele></trkpt>
      <trkpt lat="41.932293" lon="9.201700"><ele>1723.9</ele></trkpt>
      <trkpt lat="41.932375" lon="9.201795"><ele>1725.6</ele></trkpt>
      <trkpt lat="41.932404" lon="9.201817"><ele>1726.1</ele></trkpt>
      <trkpt lat="41.932407" lon="9.201873"><ele>1725.8</ele></trkpt>
      <trkpt lat="41.932465" lon="9.201948"><ele>1726.3</ele></trkpt>
      <trkpt lat="41.932542" lon="9.201986"><ele>1727.5</ele></trkpt>
      <trkpt lat="41.932723" lon="9.202254"><ele>1727.5</ele></trkpt>
      <trkpt lat="41.932793" lon="9.202243"><ele>1729.1</ele></trkpt>
      <trkpt lat="41.932886" lon="9.202443"><ele>1727.6</ele></trkpt>
      <trkpt lat="41.933075" lon="9.202464"><ele>1731.7</ele></trkpt>
      <trkpt lat="41.933077" lon="9.202424"><ele>1732.2</ele></trkpt>
      <trkpt lat="41.933144" lon="9.202413"><ele>1733.8</ele></trkpt>
      <trkpt lat="41.933210" lon="9.202326"><ele>1735.4</ele></trkpt>
      <trkpt lat="41.933248" lon="9.202368"><ele>1736.0</ele></trkpt>
      <trkpt lat="41.933315" lon="9.202390"><ele>1737.3</ele></trkpt>
      <trkpt lat="41.933334" lon="9.202462"><ele>1737.8</ele></trkpt>
      <trkpt lat="41.933323" lon="9.202505"><ele>1737.5</ele></trkpt>
      <trkpt lat="41.933362" lon="9.202507"><ele>1738.5</ele></trkpt>
      <trkpt lat="41.933436" lon="9.202560"><ele>1740.5</ele></trkpt>
      <trkpt lat="41.933539" lon="9.202568"><ele>1743.1</ele></trkpt>
      <trkpt lat="41.933534" lon="9.202643"><ele>1743.5</ele></trkpt>
      <trkpt lat="41.933556" lon="9.202760"><ele>1744.7</ele></trkpt>
      <trkpt lat="41.933630" lon="9.202832"><ele>1747.5</ele></trkpt>
      <trkpt lat="41.933641" lon="9.202879"><ele>1748.0</ele></trkpt>
      <trkpt lat="41.933746" lon="9.202960"><ele>1751.7</ele></trkpt>
      <trkpt lat="41.933851" lon="9.203038"><ele>1754.8</ele></trkpt>
      <trkpt lat="41.933919" lon="9.203055"><ele>1756.5</ele></trkpt>
      <trkpt lat="41.933951" lon="9.203110"><ele>1757.5</ele></trkpt>
      <trkpt lat="41.933998" lon="9.203228"><ele>1759.1</ele></trkpt>
      <trkpt lat="41.934055" lon="9.203267"><ele>1760.4</ele></trkpt>
      <trkpt lat="41.934146" lon="9.203280"><ele>1762.3</ele></trkpt>
      <trkpt lat="41.934222" lon="9.203293"><ele>1763.7</ele></trkpt>
      <trkpt lat="41.934277" lon="9.203318"><ele>1764.7</ele></trkpt>
      <trkpt lat="41.934356" lon="9.203368"><ele>1766.2</ele></trkpt>
      <trkpt lat="41.934387" lon="9.203325"><ele>1766.3</ele></trkpt>
      <trkpt lat="41.934430" lon="9.203369"><ele>1767.2</ele></trkpt>
      <trkpt lat="41.934407" lon="9.203416"><ele>1767.2</ele></trkpt>
      <trkpt lat="41.934446" lon="9.203508"><ele>1768.2</ele></trkpt>
      <trkpt lat="41.934562" lon="9.203535"><ele>1770.0</ele></trkpt>
      <trkpt lat="41.934614" lon="9.203641"><ele>1771.2</ele></trkpt>
      <trkpt lat="41.934524" lon="9.203623"><ele>1769.8</ele></trkpt>
      <trkpt lat="41.934568" lon="9.203728"><ele>1770.7</ele></trkpt>
      <trkpt lat="41.934555" lon="9.203796"><ele>1770.5</ele></trkpt>
      <trkpt lat="41.934586" lon="9.203827"><ele>1771.1</ele></trkpt>
      <trkpt lat="41.934593" lon="9.203873"><ele>1771.2</ele></trkpt>
      <trkpt lat="41.934640" lon="9.203949"><ele>1772.0</ele></trkpt>
      <trkpt lat="41.934604" lon="9.203972"><ele>1771.1</ele></trkpt>
      <trkpt lat="41.934662" lon="9.204097"><ele>1771.5</ele></trkpt>
      <trkpt lat="41.934731" lon="9.204167"><ele>1772.4</ele></trkpt>
      <trkpt lat="41.934801" lon="9.204207"><ele>1773.5</ele></trkpt>
      <trkpt lat="41.934893" lon="9.204303"><ele>1774.4</ele></trkpt>
      <trkpt lat="41.934994" lon="9.204400"><ele>1775.2</ele></trkpt>
      <trkpt lat="41.935030" lon="9.204499"><ele>1774.7</ele></trkpt>
      <trkpt lat="41.935044" lon="9.204626"><ele>1773.2</ele></trkpt>
      <trkpt lat="41.935099" lon="9.204714"><ele>1773.0</ele></trkpt>
      <trkpt lat="41.935088" lon="9.204838"><ele>1770.4</ele></trkpt>
      <trkpt lat="41.935171" lon="9.205066"><ele>1767.3</ele></trkpt>
      <trkpt lat="41.935211" lon="9.205271"><ele>1763.6</ele></trkpt>
      <trkpt lat="41.935179" lon="9.205332"><ele>1761.1</ele></trkpt>
      <trkpt lat="41.935210" lon="9.205475"><ele>1759.0</ele></trkpt>
      <trkpt lat="41.935205" lon="9.205551"><ele>1757.4</ele></trkpt>
      <trkpt lat="41.935231" lon="9.205704"><ele>1755.8</ele></trkpt>
      <trkpt lat="41.935211" lon="9.205800"><ele>1754.4</ele></trkpt>
      <trkpt lat="41.935197" lon="9.205864"><ele>1753.7</ele></trkpt>
      <trkpt lat="41.935189" lon="9.205896"><ele>1753.4</ele></trkpt>
      <trkpt lat="41.935116" lon="9.205852"><ele>1751.5</ele></trkpt>
      <trkpt lat="41.935086" lon="9.205945"><ele>1750.6</ele></trkpt>
      <trkpt lat="41.935059" lon="9.206021"><ele>1750.1</ele></trkpt>
    <trkpt lat="41.935079" lon="9.206155"><ele>1751.4</ele></trkpt>
      <trkpt lat="41.935158" lon="9.206251"><ele>1754.4</ele></trkpt>
      <trkpt lat="41.935219" lon="9.206281"><ele>1756.3</ele></trkpt>
      <trkpt lat="41.935324" lon="9.206488"><ele>1761.7</ele></trkpt>
      <trkpt lat="41.935308" lon="9.206662"><ele>1764.0</ele></trkpt>
      <trkpt lat="41.935433" lon="9.206841"><ele>1770.1</ele></trkpt>
      <trkpt lat="41.935425" lon="9.206989"><ele>1772.8</ele></trkpt>
      <trkpt lat="41.935525" lon="9.207008"><ele>1775.4</ele></trkpt>
      <trkpt lat="41.935587" lon="9.206948"><ele>1775.9</ele></trkpt>
      <trkpt lat="41.935606" lon="9.206997"><ele>1777.2</ele></trkpt>
      <trkpt lat="41.935656" lon="9.206962"><ele>1777.9</ele></trkpt>
      <trkpt lat="41.935663" lon="9.207090"><ele>1780.2</ele></trkpt>
      <trkpt lat="41.935743" lon="9.207039"><ele>1781.5</ele></trkpt>
      <trkpt lat="41.935760" lon="9.207075"><ele>1782.5</ele></trkpt>
      <trkpt lat="41.935834" lon="9.207019"><ele>1783.9</ele></trkpt>
      <trkpt lat="41.935882" lon="9.207016"><ele>1785.4</ele></trkpt>
      <trkpt lat="41.935880" lon="9.207148"><ele>1787.1</ele></trkpt>
      <trkpt lat="41.935925" lon="9.207261"><ele>1790.3</ele></trkpt>
      <trkpt lat="41.935987" lon="9.207389"><ele>1794.6</ele></trkpt>
      <trkpt lat="41.936045" lon="9.207349"><ele>1795.9</ele></trkpt>
      <trkpt lat="41.936162" lon="9.207534"><ele>1803.6</ele></trkpt>
      <trkpt lat="41.936209" lon="9.207557"><ele>1805.8</ele></trkpt>
      <trkpt lat="41.936317" lon="9.207748"><ele>1813.4</ele></trkpt>
      <trkpt lat="41.936340" lon="9.207823"><ele>1815.7</ele></trkpt>
      <trkpt lat="41.936399" lon="9.207832"><ele>1818.0</ele></trkpt>
      <trkpt lat="41.936411" lon="9.207883"><ele>1819.5</ele></trkpt>
      <trkpt lat="41.936452" lon="9.207893"><ele>1821.2</ele></trkpt>
      <trkpt lat="41.936472" lon="9.207961"><ele>1823.4</ele></trkpt>
      <trkpt lat="41.936583" lon="9.208159"><ele>1831.9</ele></trkpt>
      <trkpt lat="41.936603" lon="9.208362"><ele>1836.8</ele></trkpt>
      <trkpt lat="41.936573" lon="9.208500"><ele>1838.4</ele></trkpt>
      <trkpt lat="41.936602" lon="9.208694"><ele>1842.3</ele></trkpt>
      <trkpt lat="41.936653" lon="9.208794"><ele>1845.1</ele></trkpt>
      <trkpt lat="41.936665" lon="9.208945"><ele>1847.4</ele></trkpt>
      <trkpt lat="41.936606" lon="9.209084"><ele>1847.9</ele></trkpt>
      <trkpt lat="41.936555" lon="9.209160"><ele>1847.9</ele></trkpt>
      <trkpt lat="41.936591" lon="9.209384"><ele>1851.7</ele></trkpt>
      <trkpt lat="41.936659" lon="9.209483"><ele>1854.8</ele></trkpt>
      <trkpt lat="41.936808" lon="9.209920"><ele>1863.6</ele></trkpt>
      <trkpt lat="41.936777" lon="9.210086"><ele>1863.2</ele></trkpt>
      <trkpt lat="41.936876" lon="9.210296"><ele>1867.4</ele></trkpt>
      <trkpt lat="41.937044" lon="9.210458"><ele>1874.8</ele></trkpt>
      <trkpt lat="41.937119" lon="9.210618"><ele>1878.2</ele></trkpt>
      <trkpt lat="41.937108" lon="9.210713"><ele>1877.7</ele></trkpt>
      <trkpt lat="41.937132" lon="9.210868"><ele>1878.7</ele></trkpt>
      <trkpt lat="41.937169" lon="9.210924"><ele>1880.3</ele></trkpt>
      <trkpt lat="41.937214" lon="9.211098"><ele>1882.0</ele></trkpt>
      <trkpt lat="41.937179" lon="9.211438"><ele>1878.3</ele></trkpt>
      <trkpt lat="41.937110" lon="9.211631"><ele>1872.8</ele></trkpt>
      <trkpt lat="41.937182" lon="9.211758"><ele>1874.5</ele></trkpt>
      <trkpt lat="41.937244" lon="9.211798"><ele>1876.9</ele></trkpt>
      <trkpt lat="41.937295" lon="9.211934"><ele>1876.6</ele></trkpt>
      <trkpt lat="41.937312" lon="9.211972"><ele>1876.5</ele></trkpt>
      <trkpt lat="41.937358" lon="9.211998"><ele>1878.1</ele></trkpt>
      <trkpt lat="41.937398" lon="9.211974"><ele>1880.5</ele></trkpt>
      <trkpt lat="41.937427" lon="9.211981"><ele>1881.7</ele></trkpt>
      <trkpt lat="41.937456" lon="9.212029"><ele>1881.9</ele></trkpt>
      <trkpt lat="41.937539" lon="9.212104"><ele>1883.7</ele></trkpt>
      <trkpt lat="41.937643" lon="9.212131"><ele>1887.5</ele></trkpt>
      <trkpt lat="41.937999" lon="9.212094"><ele>1902.6</ele></trkpt>
      <trkpt lat="41.938072" lon="9.212035"><ele>1906.3</ele></trkpt>
      <trkpt lat="41.938145" lon="9.212057"><ele>1908.9</ele></trkpt>
      <trkpt lat="41.938204" lon="9.212037"><ele>1911.4</ele></trkpt>
      <trkpt lat="41.938378" lon="9.212124"><ele>1916.6</ele></trkpt>
      <trkpt lat="41.938610" lon="9.212440"><ele>1919.8</ele></trkpt>
      <trkpt lat="41.938796" lon="9.212703"><ele>1921.0</ele></trkpt>
      <trkpt lat="41.938944" lon="9.212852"><ele>1921.9</ele></trkpt>
      <trkpt lat="41.939176" lon="9.213031"><ele>1922.2</ele></trkpt>
      <trkpt lat="41.939504" lon="9.213387"><ele>1920.4</ele></trkpt>
      <trkpt lat="41.939705" lon="9.213391"><ele>1922.1</ele></trkpt>
      <trkpt lat="41.939828" lon="9.213348"><ele>1924.3</ele></trkpt>
      <trkpt lat="41.939928" lon="9.213283"><ele>1926.7</ele></trkpt>
      <trkpt lat="41.940063" lon="9.213291"><ele>1928.1</ele></trkpt>
      <trkpt lat="41.940399" lon="9.213470"><ele>1926.0</ele></trkpt>
      <trkpt lat="41.940539" lon="9.213517"><ele>1925.4</ele></trkpt>
      <trkpt lat="41.940923" lon="9.213756"><ele>1923.9</ele></trkpt>
      <trkpt lat="41.941066" lon="9.213789"><ele>1924.0</ele></trkpt>
      <trkpt lat="41.941355" lon="9.213999"><ele>1923.6</ele></trkpt>
      <trkpt lat="41.941487" lon="9.214060"><ele>1922.9</ele></trkpt>
      <trkpt lat="41.941613" lon="9.214246"><ele>1923.7</ele></trkpt>
      <trkpt lat="41.941627" lon="9.214325"><ele>1924.5</ele></trkpt>
      <trkpt lat="41.941676" lon="9.214377"><ele>1924.9</ele></trkpt>
      <trkpt lat="41.941794" lon="9.214525"><ele>1926.2</ele></trkpt>
      <trkpt lat="41.941947" lon="9.214797"><ele>1929.2</ele></trkpt>
      <trkpt lat="41.941955" lon="9.214812"><ele>1929.3</ele></trkpt>
      <trkpt lat="41.942060" lon="9.214918"><ele>1929.0</ele></trkpt>
      <trkpt lat="41.942359" lon="9.215399"><ele>1928.3</ele></trkpt>
      <trkpt lat="41.942635" lon="9.215783"><ele>1926.2</ele></trkpt>
      <trkpt lat="41.942636" lon="9.215844"><ele>1926.9</ele></trkpt>
      <trkpt lat="41.942684" lon="9.215968"><ele>1927.5</ele></trkpt>
      <trkpt lat="41.942685" lon="9.216036"><ele>1928.0</ele></trkpt>
      <trkpt lat="41.942715" lon="9.216252"><ele>1928.7</ele></trkpt>
      <trkpt lat="41.942865" lon="9.216378"><ele>1928.6</ele></trkpt>
      <trkpt lat="41.942942" lon="9.216622"><ele>1928.2</ele></trkpt>
      <trkpt lat="41.943074" lon="9.216693"><ele>1927.6</ele></trkpt>
      <trkpt lat="41.943154" lon="9.216881"><ele>1927.7</ele></trkpt>
      <trkpt lat="41.943284" lon="9.217000"><ele>1927.7</ele></trkpt>
      <trkpt lat="41.943364" lon="9.217208"><ele>1928.3</ele></trkpt>
      <trkpt lat="41.943616" lon="9.217370"><ele>1928.3</ele></trkpt>
      <trkpt lat="41.943615" lon="9.217498"><ele>1929.9</ele></trkpt>
      <trkpt lat="41.943635" lon="9.217546"><ele>1930.4</ele></trkpt>
      <trkpt lat="41.943644" lon="9.217622"><ele>1931.2</ele></trkpt>
      <trkpt lat="41.943677" lon="9.217638"><ele>1931.3</ele></trkpt>
      <trkpt lat="41.943700" lon="9.217618"><ele>1930.9</ele></trkpt>
      <trkpt lat="41.943757" lon="9.217649"><ele>1931.0</ele></trkpt>
      <trkpt lat="41.943789" lon="9.217698"><ele>1931.4</ele></trkpt>
      <trkpt lat="41.943821" lon="9.217708"><ele>1931.3</ele></trkpt>
      <trkpt lat="41.943869" lon="9.217675"><ele>1930.3</ele></trkpt>
      <trkpt lat="41.943933" lon="9.217676"><ele>1929.5</ele></trkpt>
      <trkpt lat="41.944025" lon="9.217684"><ele>1928.3</ele></trkpt>
      <trkpt lat="41.944048" lon="9.217669"><ele>1927.7</ele></trkpt>
      <trkpt lat="41.944131" lon="9.217835"><ele>1929.6</ele></trkpt>
      <trkpt lat="41.944198" lon="9.217861"><ele>1928.9</ele></trkpt>
      <trkpt lat="41.944285" lon="9.217996"><ele>1930.1</ele></trkpt>
      <trkpt lat="41.944518" lon="9.218115"><ele>1928.0</ele></trkpt>
      <trkpt lat="41.944547" lon="9.218186"><ele>1928.9</ele></trkpt>
      <trkpt lat="41.944542" lon="9.218284"><ele>1931.2</ele></trkpt>
      <trkpt lat="41.944585" lon="9.218461"><ele>1934.2</ele></trkpt>
      <trkpt lat="41.944588" lon="9.218581"><ele>1936.5</ele></trkpt>
      <trkpt lat="41.944609" lon="9.218707"><ele>1938.5</ele></trkpt>
      <trkpt lat="41.944602" lon="9.218799"><ele>1940.1</ele></trkpt>
      <trkpt lat="41.944590" lon="9.218813"><ele>1940.4</ele></trkpt>
      <trkpt lat="41.944604" lon="9.218888"><ele>1941.3</ele></trkpt>
      <trkpt lat="41.944651" lon="9.218957"><ele>1942.0</ele></trkpt>
      <trkpt lat="41.944719" lon="9.219016"><ele>1942.6</ele></trkpt>
      <trkpt lat="41.944731" lon="9.219046"><ele>1943.0</ele></trkpt>
      <trkpt lat="41.944820" lon="9.219159"><ele>1944.2</ele></trkpt>
      <trkpt lat="41.944865" lon="9.219318"><ele>1946.5</ele></trkpt>
      <trkpt lat="41.944946" lon="9.219424"><ele>1948.3</ele></trkpt>
      <trkpt lat="41.945004" lon="9.219515"><ele>1949.5</ele></trkpt>
      <trkpt lat="41.945219" lon="9.219795"><ele>1952.1</ele></trkpt>
      <trkpt lat="41.945532" lon="9.220030"><ele>1950.9</ele></trkpt>
      <trkpt lat="41.945752" lon="9.220109"><ele>1946.2</ele></trkpt>
      <trkpt lat="41.945778" lon="9.220097"><ele>1945.3</ele></trkpt>
      <trkpt lat="41.945814" lon="9.219992"><ele>1942.8</ele></trkpt>
      <trkpt lat="41.945890" lon="9.220022"><ele>1940.4</ele></trkpt>
      <trkpt lat="41.945943" lon="9.220033"><ele>1938.5</ele></trkpt>
      <trkpt lat="41.946053" lon="9.220062"><ele>1934.3</ele></trkpt>
      <trkpt lat="41.946143" lon="9.220168"><ele>1932.3</ele></trkpt>
      <trkpt lat="41.946308" lon="9.220257"><ele>1926.9</ele></trkpt>
      <trkpt lat="41.946395" lon="9.220366"><ele>1925.2</ele></trkpt>
      <trkpt lat="41.946450" lon="9.220527"><ele>1925.5</ele></trkpt>
      <trkpt lat="41.946583" lon="9.220668"><ele>1923.1</ele></trkpt>
      <trkpt lat="41.946631" lon="9.220708"><ele>1922.1</ele></trkpt>
      <trkpt lat="41.946732" lon="9.220869"><ele>1921.7</ele></trkpt>
      <trkpt lat="41.946803" lon="9.221020"><ele>1922.5</ele></trkpt>
      <trkpt lat="41.946934" lon="9.221217"><ele>1922.8</ele></trkpt>
      <trkpt lat="41.947138" lon="9.221382"><ele>1921.1</ele></trkpt>
      <trkpt lat="41.947283" lon="9.221421"><ele>1918.5</ele></trkpt>
      <trkpt lat="41.947338" lon="9.221426"><ele>1917.3</ele></trkpt>
      <trkpt lat="41.947424" lon="9.221435"><ele>1915.3</ele></trkpt>
      <trkpt lat="41.947445" lon="9.221456"><ele>1915.1</ele></trkpt>
      <trkpt lat="41.947580" lon="9.221489"><ele>1912.1</ele></trkpt>
      <trkpt lat="41.947625" lon="9.221567"><ele>1912.4</ele></trkpt>
      <trkpt lat="41.947736" lon="9.221665"><ele>1910.9</ele></trkpt>
      <trkpt lat="41.947802" lon="9.221718"><ele>1909.9</ele></trkpt>
      <trkpt lat="41.947881" lon="9.221749"><ele>1908.3</ele></trkpt>
      <trkpt lat="41.947930" lon="9.221794"><ele>1907.9</ele></trkpt>
      <trkpt lat="41.947950" lon="9.221842"><ele>1908.3</ele></trkpt>
      <trkpt lat="41.948096" lon="9.222006"><ele>1908.3</ele></trkpt>
      <trkpt lat="41.948127" lon="9.222070"><ele>1908.8</ele></trkpt>
      <trkpt lat="41.948169" lon="9.222091"><ele>1908.6</ele></trkpt>
      <trkpt lat="41.948204" lon="9.222137"><ele>1908.7</ele></trkpt>
      <trkpt lat="41.948217" lon="9.222171"><ele>1908.9</ele></trkpt>
      <trkpt lat="41.948346" lon="9.222328"><ele>1909.2</ele></trkpt>
      <trkpt lat="41.948459" lon="9.222401"><ele>1909.6</ele></trkpt>
      <trkpt lat="41.948490" lon="9.222389"><ele>1909.7</ele></trkpt>
      <trkpt lat="41.948530" lon="9.222394"><ele>1909.9</ele></trkpt>
      <trkpt lat="41.948643" lon="9.222376"><ele>1910.5</ele></trkpt>
      <trkpt lat="41.948898" lon="9.222370"><ele>1913.5</ele></trkpt>
      <trkpt lat="41.948946" lon="9.222341"><ele>1914.1</ele></trkpt>
      <trkpt lat="41.949118" lon="9.222315"><ele>1916.1</ele></trkpt>
      <trkpt lat="41.949229" lon="9.222322"><ele>1917.4</ele></trkpt>
      <trkpt lat="41.949310" lon="9.222358"><ele>1918.7</ele></trkpt>
      <trkpt lat="41.949413" lon="9.222375"><ele>1919.7</ele></trkpt>
      <trkpt lat="41.949533" lon="9.222377"><ele>1920.3</ele></trkpt>
      <trkpt lat="41.949739" lon="9.222348"><ele>1919.3</ele></trkpt>
      <trkpt lat="41.949825" lon="9.222314"><ele>1917.9</ele></trkpt>
      <trkpt lat="41.950035" lon="9.222366"><ele>1916.5</ele></trkpt>
      <trkpt lat="41.950124" lon="9.222362"><ele>1915.2</ele></trkpt>
      <trkpt lat="41.950197" lon="9.222395"><ele>1914.6</ele></trkpt>
      <trkpt lat="41.950300" lon="9.222443"><ele>1913.4</ele></trkpt>
      <trkpt lat="41.950382" lon="9.222495"><ele>1912.5</ele></trkpt>
      <trkpt lat="41.950482" lon="9.222479"><ele>1910.0</ele></trkpt>
      <trkpt lat="41.950552" lon="9.222496"><ele>1908.5</ele></trkpt>
      <trkpt lat="41.950597" lon="9.222525"><ele>1907.6</ele></trkpt>
      <trkpt lat="41.950688" lon="9.222639"><ele>1906.1</ele></trkpt>
      <trkpt lat="41.950795" lon="9.222665"><ele>1903.2</ele></trkpt>
      <trkpt lat="41.950981" lon="9.222669"><ele>1897.6</ele></trkpt>
      <trkpt lat="41.951093" lon="9.222791"><ele>1894.4</ele></trkpt>
      <trkpt lat="41.951113" lon="9.222871"><ele>1894.0</ele></trkpt>
      <trkpt lat="41.951153" lon="9.222946"><ele>1892.6</ele></trkpt>
      <trkpt lat="41.951311" lon="9.223123"><ele>1886.5</ele></trkpt>
      <trkpt lat="41.951369" lon="9.223141"><ele>1884.1</ele></trkpt>
      <trkpt lat="41.951436" lon="9.223151"><ele>1881.2</ele></trkpt>
      <trkpt lat="41.951469" lon="9.223135"><ele>1879.7</ele></trkpt>
      <trkpt lat="41.951479" lon="9.222994"><ele>1878.9</ele></trkpt>
      <trkpt lat="41.951504" lon="9.222983"><ele>1877.7</ele></trkpt>
      <trkpt lat="41.951571" lon="9.223057"><ele>1874.8</ele></trkpt>
      <trkpt lat="41.951587" lon="9.223059"><ele>1874.0</ele></trkpt>
      <trkpt lat="41.951587" lon="9.222765"><ele>1871.9</ele></trkpt>
      <trkpt lat="41.951829" lon="9.223112"><ele>1861.7</ele></trkpt>
      <trkpt lat="41.951841" lon="9.223021"><ele>1860.4</ele></trkpt>
      <trkpt lat="41.951933" lon="9.223040"><ele>1855.3</ele></trkpt>
      <trkpt lat="41.951923" lon="9.222869"><ele>1854.3</ele></trkpt>
      <trkpt lat="41.951906" lon="9.222832"><ele>1854.9</ele></trkpt>
      <trkpt lat="41.951905" lon="9.222749"><ele>1853.8</ele></trkpt>
      <trkpt lat="41.951923" lon="9.222720"><ele>1852.4</ele></trkpt>
      <trkpt lat="41.951921" lon="9.222613"><ele>1850.7</ele></trkpt>
      <trkpt lat="41.951946" lon="9.222586"><ele>1848.7</ele></trkpt>
      <trkpt lat="41.951987" lon="9.222661"><ele>1847.5</ele></trkpt>
      <trkpt lat="41.952019" lon="9.222767"><ele>1847.3</ele></trkpt>
      <trkpt lat="41.952164" lon="9.222916"><ele>1840.3</ele></trkpt>
      <trkpt lat="41.952328" lon="9.223088"><ele>1831.7</ele></trkpt>
      <trkpt lat="41.952364" lon="9.223033"><ele>1828.9</ele></trkpt>
      <trkpt lat="41.952414" lon="9.223054"><ele>1825.9</ele></trkpt>
      <trkpt lat="41.952437" lon="9.223018"><ele>1824.1</ele></trkpt>
      <trkpt lat="41.952520" lon="9.223121"><ele>1819.7</ele></trkpt>
      <trkpt lat="41.952531" lon="9.223195"><ele>1819.3</ele></trkpt>
      <trkpt lat="41.952504" lon="9.223292"><ele>1821.2</ele></trkpt>
      <trkpt lat="41.952539" lon="9.223288"><ele>1818.9</ele></trkpt>
      <trkpt lat="41.952581" lon="9.223246"><ele>1816.1</ele></trkpt>
      <trkpt lat="41.952652" lon="9.223244"><ele>1811.6</ele></trkpt>
      <trkpt lat="41.952681" lon="9.223262"><ele>1809.8</ele></trkpt>
      <trkpt lat="41.952630" lon="9.223344"><ele>1812.7</ele></trkpt>
      <trkpt lat="41.952795" lon="9.223324"><ele>1802.5</ele></trkpt>
      <trkpt lat="41.952918" lon="9.223341"><ele>1795.3</ele></trkpt>
      <trkpt lat="41.953046" lon="9.223402"><ele>1788.2</ele></trkpt>
      <trkpt lat="41.953440" lon="9.223503"><ele>1771.8</ele></trkpt>
      <trkpt lat="41.953606" lon="9.223527"><ele>1767.3</ele></trkpt>
      <trkpt lat="41.953672" lon="9.223668"><ele>1764.9</ele></trkpt>
      <trkpt lat="41.953848" lon="9.223837"><ele>1761.0</ele></trkpt>
      <trkpt lat="41.953534" lon="9.223879"><ele>1765.0</ele></trkpt>
      <trkpt lat="41.953367" lon="9.224017"><ele>1766.5</ele></trkpt>
      <trkpt lat="41.953534" lon="9.224061"><ele>1761.6</ele></trkpt>
      <trkpt lat="41.953748" lon="9.224200"><ele>1755.7</ele></trkpt>
      <trkpt lat="41.953462" lon="9.224248"><ele>1758.7</ele></trkpt>
      <trkpt lat="41.953679" lon="9.224453"><ele>1749.9</ele></trkpt>
      <trkpt lat="41.953436" lon="9.224454"><ele>1753.7</ele></trkpt>
      <trkpt lat="41.953591" lon="9.224665"><ele>1744.6</ele></trkpt>
      <trkpt lat="41.953434" lon="9.224749"><ele>1745.0</ele></trkpt>
      <trkpt lat="41.953603" lon="9.225004"><ele>1733.6</ele></trkpt>
      <trkpt lat="41.953811" lon="9.225205"><ele>1723.6</ele></trkpt>
      <trkpt lat="41.953724" lon="9.225241"><ele>1723.4</ele></trkpt>
      <trkpt lat="41.953792" lon="9.225318"><ele>1719.3</ele></trkpt>
      <trkpt lat="41.954030" lon="9.225341"><ele>1715.9</ele></trkpt>
      <trkpt lat="41.954153" lon="9.225427"><ele>1711.1</ele></trkpt>
      <trkpt lat="41.954364" lon="9.225573"><ele>1702.1</ele></trkpt>
      <trkpt lat="41.954247" lon="9.225641"><ele>1700.0</ele></trkpt>
      <trkpt lat="41.954476" lon="9.225854"><ele>1687.4</ele></trkpt>
      <trkpt lat="41.954666" lon="9.225833"><ele>1688.2</ele></trkpt>
      <trkpt lat="41.954796" lon="9.226024"><ele>1678.9</ele></trkpt>
      <trkpt lat="41.955003" lon="9.226108"><ele>1675.8</ele></trkpt>
      <trkpt lat="41.955074" lon="9.226029"><ele>1680.1</ele></trkpt>
      <trkpt lat="41.955131" lon="9.226007"><ele>1681.3</ele></trkpt>
      <trkpt lat="41.955198" lon="9.225885"><ele>1686.9</ele></trkpt>
      <trkpt lat="41.955252" lon="9.225894"><ele>1686.5</ele></trkpt>
      <trkpt lat="41.955326" lon="9.225946"><ele>1684.2</ele></trkpt>
      <trkpt lat="41.955447" lon="9.225972"><ele>1683.1</ele></trkpt>
      <trkpt lat="41.955502" lon="9.225929"><ele>1685.0</ele></trkpt>
      <trkpt lat="41.955543" lon="9.225948"><ele>1684.2</ele></trkpt>
      <trkpt lat="41.955585" lon="9.225904"><ele>1686.1</ele></trkpt>
      <trkpt lat="41.955681" lon="9.225888"><ele>1686.8</ele></trkpt>
      <trkpt lat="41.955777" lon="9.226033"><ele>1680.6</ele></trkpt>
      <trkpt lat="41.955851" lon="9.226088"><ele>1678.0</ele></trkpt>
      <trkpt lat="41.955891" lon="9.226155"><ele>1674.8</ele></trkpt>
      <trkpt lat="41.955935" lon="9.226183"><ele>1673.4</ele></trkpt>
      <trkpt lat="41.955984" lon="9.226173"><ele>1673.5</ele></trkpt>
      <trkpt lat="41.956029" lon="9.226209"><ele>1671.5</ele></trkpt>
      <trkpt lat="41.956046" lon="9.226259"><ele>1669.1</ele></trkpt>
      <trkpt lat="41.956125" lon="9.226230"><ele>1669.4</ele></trkpt>
      <trkpt lat="41.956207" lon="9.226352"><ele>1662.5</ele></trkpt>
      <trkpt lat="41.956297" lon="9.226233"><ele>1666.0</ele></trkpt>
      <trkpt lat="41.956331" lon="9.226290"><ele>1662.5</ele></trkpt>
      <trkpt lat="41.956409" lon="9.226287"><ele>1660.4</ele></trkpt>
      <trkpt lat="41.956418" lon="9.226477"><ele>1651.2</ele></trkpt>
      <trkpt lat="41.956390" lon="9.226620"><ele>1646.1</ele></trkpt>
      <trkpt lat="41.956403" lon="9.226736"><ele>1641.0</ele></trkpt>
      <trkpt lat="41.956486" lon="9.226832"><ele>1634.7</ele></trkpt>
      <trkpt lat="41.956574" lon="9.226439"><ele>1648.0</ele></trkpt>
      <trkpt lat="41.956748" lon="9.226133"><ele>1657.3</ele></trkpt>
      <trkpt lat="41.956990" lon="9.225946"><ele>1658.4</ele></trkpt>
      <trkpt lat="41.957479" lon="9.225908"><ele>1645.6</ele></trkpt>
      <trkpt lat="41.957501" lon="9.226000"><ele>1640.5</ele></trkpt>
      <trkpt lat="41.957568" lon="9.225959"><ele>1641.5</ele></trkpt>
      <trkpt lat="41.957728" lon="9.225991"><ele>1637.8</ele></trkpt>
      <trkpt lat="41.957851" lon="9.225944"><ele>1638.4</ele></trkpt>
      <trkpt lat="41.958658" lon="9.226084"><ele>1620.0</ele></trkpt>
      <trkpt lat="41.958728" lon="9.226150"><ele>1616.3</ele></trkpt>
      <trkpt lat="41.958860" lon="9.226119"><ele>1616.6</ele></trkpt>
      <trkpt lat="41.959099" lon="9.226258"><ele>1610.6</ele></trkpt>
      <trkpt lat="41.959213" lon="9.226288"><ele>1609.6</ele></trkpt>
      <trkpt lat="41.959529" lon="9.226316"><ele>1606.3</ele></trkpt>
      <trkpt lat="41.959823" lon="9.226255"><ele>1599.2</ele></trkpt>
      <trkpt lat="41.959920" lon="9.226093"><ele>1598.2</ele></trkpt>
      <trkpt lat="41.959939" lon="9.226114"><ele>1597.2</ele></trkpt>
      <trkpt lat="41.959881" lon="9.226355"><ele>1595.2</ele></trkpt>
      <trkpt lat="41.959803" lon="9.226590"><ele>1592.5</ele></trkpt>
      <trkpt lat="41.959789" lon="9.226660"><ele>1591.1</ele></trkpt>
      <trkpt lat="41.959918" lon="9.226610"><ele>1588.3</ele></trkpt>
      <trkpt lat="41.959979" lon="9.226638"><ele>1585.4</ele></trkpt>
      <trkpt lat="41.960015" lon="9.226714"><ele>1582.1</ele></trkpt>
      <trkpt lat="41.960314" lon="9.226476"><ele>1574.2</ele></trkpt>
      <trkpt lat="41.960374" lon="9.226354"><ele>1574.0</ele></trkpt>
      <trkpt lat="41.960399" lon="9.226233"><ele>1575.7</ele></trkpt>
      <trkpt lat="41.960590" lon="9.225979"><ele>1571.9</ele></trkpt>
      <trkpt lat="41.960842" lon="9.225634"><ele>1565.2</ele></trkpt>
      <trkpt lat="41.961027" lon="9.225209"><ele>1559.0</ele></trkpt>
      <trkpt lat="41.961057" lon="9.225193"><ele>1557.7</ele></trkpt>
      <trkpt lat="41.961094" lon="9.225227"><ele>1556.0</ele></trkpt>
      <trkpt lat="41.961113" lon="9.225218"><ele>1555.2</ele></trkpt>
      <trkpt lat="41.961131" lon="9.225237"><ele>1554.4</ele></trkpt>
      <trkpt lat="41.961126" lon="9.225346"><ele>1554.0</ele></trkpt>
      <trkpt lat="41.961295" lon="9.225308"><ele>1546.8</ele></trkpt>
      <trkpt lat="41.961401" lon="9.225294"><ele>1542.5</ele></trkpt>
      <trkpt lat="41.961519" lon="9.225217"><ele>1538.5</ele></trkpt>
      <trkpt lat="41.961615" lon="9.225246"><ele>1534.1</ele></trkpt>
      <trkpt lat="41.961800" lon="9.225161"><ele>1527.8</ele></trkpt>
      <trkpt lat="41.961838" lon="9.225145"><ele>1526.5</ele></trkpt>
      <trkpt lat="41.961899" lon="9.225160"><ele>1523.6</ele></trkpt>
      <trkpt lat="41.961953" lon="9.225089"><ele>1522.7</ele></trkpt>
      <trkpt lat="41.962075" lon="9.224922"><ele>1521.0</ele></trkpt>
      <trkpt lat="41.962122" lon="9.224727"><ele>1523.0</ele></trkpt>
      <trkpt lat="41.962218" lon="9.224472"><ele>1522.9</ele></trkpt>
      <trkpt lat="41.962364" lon="9.224303"><ele>1520.0</ele></trkpt>
      <trkpt lat="41.962651" lon="9.224172"><ele>1514.3</ele></trkpt>
      <trkpt lat="41.962897" lon="9.224189"><ele>1510.1</ele></trkpt>
      <trkpt lat="41.963093" lon="9.224263"><ele>1506.3</ele></trkpt>
      <trkpt lat="41.963247" lon="9.224203"><ele>1506.0</ele></trkpt>
      <trkpt lat="41.963363" lon="9.224078"><ele>1507.4</ele></trkpt>
      <trkpt lat="41.963444" lon="9.224094"><ele>1506.8</ele></trkpt>
      <trkpt lat="41.963622" lon="9.224140"><ele>1505.4</ele></trkpt>
      <trkpt lat="41.963745" lon="9.224107"><ele>1505.6</ele></trkpt>
      <trkpt lat="41.963881" lon="9.224138"><ele>1505.2</ele></trkpt>
      <trkpt lat="41.963881" lon="9.224057"><ele>1506.0</ele></trkpt>
      <trkpt lat="41.963987" lon="9.224087"><ele>1505.6</ele></trkpt>
      <trkpt lat="41.964049" lon="9.224153"><ele>1505.1</ele></trkpt>
      <trkpt lat="41.964066" lon="9.224063"><ele>1505.5</ele></trkpt>
      <trkpt lat="41.964219" lon="9.224037"><ele>1505.0</ele></trkpt>
      <trkpt lat="41.964534" lon="9.224156"><ele>1502.4</ele></trkpt>
      <trkpt lat="41.964664" lon="9.224137"><ele>1501.8</ele></trkpt>
      <trkpt lat="41.964763" lon="9.224159"><ele>1501.4</ele></trkpt>
      <trkpt lat="41.964846" lon="9.224224"><ele>1500.8</ele></trkpt>
      <trkpt lat="41.964909" lon="9.224251"><ele>1500.6</ele></trkpt>
      <trkpt lat="41.965043" lon="9.224225"><ele>1501.5</ele></trkpt>
      <trkpt lat="41.965162" lon="9.224122"><ele>1503.1</ele></trkpt>
      <trkpt lat="41.965301" lon="9.223873"><ele>1504.6</ele></trkpt>
      <trkpt lat="41.965412" lon="9.223828"><ele>1506.2</ele></trkpt>
      <trkpt lat="41.965428" lon="9.223807"><ele>1506.4</ele></trkpt>
      <trkpt lat="41.965434" lon="9.223777"><ele>1506.3</ele></trkpt>
      <trkpt lat="41.965485" lon="9.223735"><ele>1507.0</ele></trkpt>
      <trkpt lat="41.965553" lon="9.223724"><ele>1508.4</ele></trkpt>
      <trkpt lat="41.965591" lon="9.223690"><ele>1509.0</ele></trkpt>
      <trkpt lat="41.965661" lon="9.223709"><ele>1511.0</ele></trkpt>
      <trkpt lat="41.965712" lon="9.223748"><ele>1512.5</ele></trkpt>
      <trkpt lat="41.965756" lon="9.223769"><ele>1513.8</ele></trkpt>
      <trkpt lat="41.965773" lon="9.223801"><ele>1514.3</ele></trkpt>
      <trkpt lat="41.965787" lon="9.223878"><ele>1514.6</ele></trkpt>
      <trkpt lat="41.965821" lon="9.223918"><ele>1515.5</ele></trkpt>
      <trkpt lat="41.965859" lon="9.223934"><ele>1516.6</ele></trkpt>
      <trkpt lat="41.965983" lon="9.223979"><ele>1520.1</ele></trkpt>
      <trkpt lat="41.966567" lon="9.223835"><ele>1536.7</ele></trkpt>
      <trkpt lat="41.966861" lon="9.223891"><ele>1543.0</ele></trkpt>
      <trkpt lat="41.967584" lon="9.224366"><ele>1554.4</ele></trkpt>
      <trkpt lat="41.967628" lon="9.224378"><ele>1554.8</ele></trkpt>
      <trkpt lat="41.967723" lon="9.224376"><ele>1555.6</ele></trkpt>
      <trkpt lat="41.967772" lon="9.224409"><ele>1555.9</ele></trkpt>
      <trkpt lat="41.967867" lon="9.224452"><ele>1556.4</ele></trkpt>
      <trkpt lat="41.967944" lon="9.224435"><ele>1556.7</ele></trkpt>
      <trkpt lat="41.967989" lon="9.224440"><ele>1556.8</ele></trkpt>
      <trkpt lat="41.968014" lon="9.224432"><ele>1556.9</ele></trkpt>
      <trkpt lat="41.968146" lon="9.224444"><ele>1556.8</ele></trkpt>
      <trkpt lat="41.968196" lon="9.224482"><ele>1556.8</ele></trkpt>
      <trkpt lat="41.968305" lon="9.224596"><ele>1557.2</ele></trkpt>
      <trkpt lat="41.968905" lon="9.224606"><ele>1563.2</ele></trkpt>
      <trkpt lat="41.968974" lon="9.224632"><ele>1564.5</ele></trkpt>
      <trkpt lat="41.969089" lon="9.224601"><ele>1565.7</ele></trkpt>
      <trkpt lat="41.969133" lon="9.224593"><ele>1566.1</ele></trkpt>
      <trkpt lat="41.969192" lon="9.224616"><ele>1567.5</ele></trkpt>
      <trkpt lat="41.969263" lon="9.224593"><ele>1568.1</ele></trkpt>
      <trkpt lat="41.969402" lon="9.224531"><ele>1568.6</ele></trkpt>
      <trkpt lat="41.969433" lon="9.224507"><ele>1568.4</ele></trkpt>
      <trkpt lat="41.969462" lon="9.224507"><ele>1568.7</ele></trkpt>
      <trkpt lat="41.969518" lon="9.224494"><ele>1569.0</ele></trkpt>
      <trkpt lat="41.969603" lon="9.224479"><ele>1569.6</ele></trkpt>
      <trkpt lat="41.969689" lon="9.224484"><ele>1570.7</ele></trkpt>
      <trkpt lat="41.969767" lon="9.224499"><ele>1572.2</ele></trkpt>
      <trkpt lat="41.969870" lon="9.224561"><ele>1575.6</ele></trkpt>
      <trkpt lat="41.969991" lon="9.224601"><ele>1578.8</ele></trkpt>
      <trkpt lat="41.970080" lon="9.224656"><ele>1582.2</ele></trkpt>
      <trkpt lat="41.970158" lon="9.224664"><ele>1584.1</ele></trkpt>
      <trkpt lat="41.970227" lon="9.224673"><ele>1585.9</ele></trkpt>
      <trkpt lat="41.970304" lon="9.224700"><ele>1588.8</ele></trkpt>
      <trkpt lat="41.970331" lon="9.224716"><ele>1590.0</ele></trkpt>
      <trkpt lat="41.970354" lon="9.224704"><ele>1590.3</ele></trkpt>
      <trkpt lat="41.970407" lon="9.224712"><ele>1592.1</ele></trkpt>
      <trkpt lat="41.970522" lon="9.224735"><ele>1596.4</ele></trkpt>
      <trkpt lat="41.970597" lon="9.224735"><ele>1598.8</ele></trkpt>
      <trkpt lat="41.970832" lon="9.224685"><ele>1605.5</ele></trkpt>
      <trkpt lat="41.970904" lon="9.224681"><ele>1607.9</ele></trkpt>
      <trkpt lat="41.970938" lon="9.224651"><ele>1608.1</ele></trkpt>
      <trkpt lat="41.971146" lon="9.224618"><ele>1613.8</ele></trkpt>
      <trkpt lat="41.971192" lon="9.224635"><ele>1615.9</ele></trkpt>
      <trkpt lat="41.971226" lon="9.224602"><ele>1616.0</ele></trkpt>
      <trkpt lat="41.971261" lon="9.224594"><ele>1616.9</ele></trkpt>
      <trkpt lat="41.971385" lon="9.224549"><ele>1619.4</ele></trkpt>
      <trkpt lat="41.971430" lon="9.224551"><ele>1620.9</ele></trkpt>
      <trkpt lat="41.971495" lon="9.224533"><ele>1622.3</ele></trkpt>
      <trkpt lat="41.971543" lon="9.224496"><ele>1622.5</ele></trkpt>
      <trkpt lat="41.971745" lon="9.224360"><ele>1623.4</ele></trkpt>
      <trkpt lat="41.971840" lon="9.224323"><ele>1624.4</ele></trkpt>
      <trkpt lat="41.971892" lon="9.224275"><ele>1624.1</ele></trkpt>
      <trkpt lat="41.971953" lon="9.224213"><ele>1623.4</ele></trkpt>
      <trkpt lat="41.972020" lon="9.224182"><ele>1623.9</ele></trkpt>
      <trkpt lat="41.972064" lon="9.224129"><ele>1623.4</ele></trkpt>
      <trkpt lat="41.972115" lon="9.224090"><ele>1623.4</ele></trkpt>
      <trkpt lat="41.972183" lon="9.224059"><ele>1624.2</ele></trkpt>
      <trkpt lat="41.972242" lon="9.224023"><ele>1624.7</ele></trkpt>
      <trkpt lat="41.972293" lon="9.223972"><ele>1624.8</ele></trkpt>
      <trkpt lat="41.972364" lon="9.223957"><ele>1626.2</ele></trkpt>
      <trkpt lat="41.972479" lon="9.223865"><ele>1627.6</ele></trkpt>
      <trkpt lat="41.972614" lon="9.223733"><ele>1629.4</ele></trkpt>
      <trkpt lat="41.972724" lon="9.223641"><ele>1631.1</ele></trkpt>
      <trkpt lat="41.972924" lon="9.223515"><ele>1633.6</ele></trkpt>
      <trkpt lat="41.973001" lon="9.223441"><ele>1634.3</ele></trkpt>
      <trkpt lat="41.973024" lon="9.223371"><ele>1634.2</ele></trkpt>
      <trkpt lat="41.973155" lon="9.223221"><ele>1635.2</ele></trkpt>
      <trkpt lat="41.973201" lon="9.223204"><ele>1635.7</ele></trkpt>
      <trkpt lat="41.973288" lon="9.223253"><ele>1636.7</ele></trkpt>
      <trkpt lat="41.973307" lon="9.223289"><ele>1636.9</ele></trkpt>
      <trkpt lat="41.973327" lon="9.223307"><ele>1637.0</ele></trkpt>
      <trkpt lat="41.973391" lon="9.223289"><ele>1637.2</ele></trkpt>
      <trkpt lat="41.973468" lon="9.223238"><ele>1637.3</ele></trkpt>
      <trkpt lat="41.974258" lon="9.222478"><ele>1632.3</ele></trkpt>
      <trkpt lat="41.974332" lon="9.222432"><ele>1631.6</ele></trkpt>
      <trkpt lat="41.974470" lon="9.222407"><ele>1629.4</ele></trkpt>
      <trkpt lat="41.974582" lon="9.222333"><ele>1628.6</ele></trkpt>
      <trkpt lat="41.974702" lon="9.222258"><ele>1627.8</ele></trkpt>
      <trkpt lat="41.974774" lon="9.222270"><ele>1626.0</ele></trkpt>
      <trkpt lat="41.974824" lon="9.222265"><ele>1624.9</ele></trkpt>
      <trkpt lat="41.974965" lon="9.222200"><ele>1623.4</ele></trkpt>
      <trkpt lat="41.974990" lon="9.222174"><ele>1623.5</ele></trkpt>
      <trkpt lat="41.975096" lon="9.222140"><ele>1622.0</ele></trkpt>
      <trkpt lat="41.975139" lon="9.222151"><ele>1620.7</ele></trkpt>
      <trkpt lat="41.975225" lon="9.222121"><ele>1619.8</ele></trkpt>
      <trkpt lat="41.975282" lon="9.222116"><ele>1618.9</ele></trkpt>
      <trkpt lat="41.975337" lon="9.222094"><ele>1618.5</ele></trkpt>
      <trkpt lat="41.975398" lon="9.222088"><ele>1617.7</ele></trkpt>
      <trkpt lat="41.975482" lon="9.222039"><ele>1617.9</ele></trkpt>
      <trkpt lat="41.975533" lon="9.221986"><ele>1618.7</ele></trkpt>
      <trkpt lat="41.975677" lon="9.221921"><ele>1618.5</ele></trkpt>
      <trkpt lat="41.975707" lon="9.221879"><ele>1619.2</ele></trkpt>
      <trkpt lat="41.975812" lon="9.221840"><ele>1618.8</ele></trkpt>
      <trkpt lat="41.975866" lon="9.221850"><ele>1617.9</ele></trkpt>
      <trkpt lat="41.975901" lon="9.221832"><ele>1617.8</ele></trkpt>
      <trkpt lat="41.975931" lon="9.221841"><ele>1617.2</ele></trkpt>
      <trkpt lat="41.975964" lon="9.221826"><ele>1617.1</ele></trkpt>
      <trkpt lat="41.975999" lon="9.221826"><ele>1616.7</ele></trkpt>
      <trkpt lat="41.976024" lon="9.221783"><ele>1617.3</ele></trkpt>
      <trkpt lat="41.976057" lon="9.221765"><ele>1617.2</ele></trkpt>
      <trkpt lat="41.976200" lon="9.221734"><ele>1615.8</ele></trkpt>
      <trkpt lat="41.976314" lon="9.221677"><ele>1615.1</ele></trkpt>
      <trkpt lat="41.976363" lon="9.221687"><ele>1614.3</ele></trkpt>
      <trkpt lat="41.976408" lon="9.221657"><ele>1614.1</ele></trkpt>
      <trkpt lat="41.976527" lon="9.221536"><ele>1614.1</ele></trkpt>
      <trkpt lat="41.976609" lon="9.221508"><ele>1613.6</ele></trkpt>
      <trkpt lat="41.976712" lon="9.221428"><ele>1613.9</ele></trkpt>
      <trkpt lat="41.976748" lon="9.221381"><ele>1614.4</ele></trkpt>
      <trkpt lat="41.976830" lon="9.221331"><ele>1614.9</ele></trkpt>
      <trkpt lat="41.976947" lon="9.221311"><ele>1615.1</ele></trkpt>
      <trkpt lat="41.976996" lon="9.221225"><ele>1616.5</ele></trkpt>
      <trkpt lat="41.977056" lon="9.221173"><ele>1617.2</ele></trkpt>
      <trkpt lat="41.977170" lon="9.221146"><ele>1617.2</ele></trkpt>
      <trkpt lat="41.977341" lon="9.221142"><ele>1616.6</ele></trkpt>
      <trkpt lat="41.977446" lon="9.221170"><ele>1615.8</ele></trkpt>
      <trkpt lat="41.977576" lon="9.221237"><ele>1614.5</ele></trkpt>
      <trkpt lat="41.977662" lon="9.221305"><ele>1613.4</ele></trkpt>
      <trkpt lat="41.977818" lon="9.221491"><ele>1611.5</ele></trkpt>
      <trkpt lat="41.977891" lon="9.221571"><ele>1610.8</ele></trkpt>
      <trkpt lat="41.977988" lon="9.221629"><ele>1610.7</ele></trkpt>
      <trkpt lat="41.978044" lon="9.221641"><ele>1611.0</ele></trkpt>
      <trkpt lat="41.978134" lon="9.221625"><ele>1612.1</ele></trkpt>
      <trkpt lat="41.978243" lon="9.221578"><ele>1613.7</ele></trkpt>
      <trkpt lat="41.978311" lon="9.221566"><ele>1614.4</ele></trkpt>
      <trkpt lat="41.978411" lon="9.221507"><ele>1615.4</ele></trkpt>
      <trkpt lat="41.978559" lon="9.221428"><ele>1616.1</ele></trkpt>
      <trkpt lat="41.978610" lon="9.221417"><ele>1616.2</ele></trkpt>
      <trkpt lat="41.978650" lon="9.221380"><ele>1616.2</ele></trkpt>
      <trkpt lat="41.978748" lon="9.221339"><ele>1616.1</ele></trkpt>
      <trkpt lat="41.978816" lon="9.221286"><ele>1615.8</ele></trkpt>
      <trkpt lat="41.978871" lon="9.221250"><ele>1615.6</ele></trkpt>
      <trkpt lat="41.978929" lon="9.221240"><ele>1615.7</ele></trkpt>
      <trkpt lat="41.979089" lon="9.221249"><ele>1616.6</ele></trkpt>
      <trkpt lat="41.979247" lon="9.221139"><ele>1615.8</ele></trkpt>
      <trkpt lat="41.979723" lon="9.221229"><ele>1625.7</ele></trkpt>
      <trkpt lat="41.979754" lon="9.221258"><ele>1626.9</ele></trkpt>
      <trkpt lat="41.979787" lon="9.221263"><ele>1627.7</ele></trkpt>
      <trkpt lat="41.979810" lon="9.221298"><ele>1628.8</ele></trkpt>
      <trkpt lat="41.979827" lon="9.221310"><ele>1629.3</ele></trkpt>
      <trkpt lat="41.979895" lon="9.221303"><ele>1630.7</ele></trkpt>
      <trkpt lat="41.979963" lon="9.221286"><ele>1632.0</ele></trkpt>
      <trkpt lat="41.980027" lon="9.221272"><ele>1633.2</ele></trkpt>
      <trkpt lat="41.980110" lon="9.221321"><ele>1636.0</ele></trkpt>
      <trkpt lat="41.980149" lon="9.221397"><ele>1637.8</ele></trkpt>
      <trkpt lat="41.980204" lon="9.221432"><ele>1639.3</ele></trkpt>
      <trkpt lat="41.980255" lon="9.221484"><ele>1640.7</ele></trkpt>
      <trkpt lat="41.980290" lon="9.221516"><ele>1641.5</ele></trkpt>
      <trkpt lat="41.980333" lon="9.221528"><ele>1642.4</ele></trkpt>
      <trkpt lat="41.980382" lon="9.221533"><ele>1643.3</ele></trkpt>
      <trkpt lat="41.980439" lon="9.221551"><ele>1644.4</ele></trkpt>
      <trkpt lat="41.980505" lon="9.221534"><ele>1645.5</ele></trkpt>
      <trkpt lat="41.980621" lon="9.221512"><ele>1647.6</ele></trkpt>
      <trkpt lat="41.980672" lon="9.221512"><ele>1648.8</ele></trkpt>
      <trkpt lat="41.980713" lon="9.221459"><ele>1649.5</ele></trkpt>
      <trkpt lat="41.980762" lon="9.221459"><ele>1650.8</ele></trkpt>
      <trkpt lat="41.980796" lon="9.221471"><ele>1651.8</ele></trkpt>
      <trkpt lat="41.980957" lon="9.221424"><ele>1656.8</ele></trkpt>
      <trkpt lat="41.981006" lon="9.221357"><ele>1658.7</ele></trkpt>
      <trkpt lat="41.981061" lon="9.221219"><ele>1660.6</ele></trkpt>
      <trkpt lat="41.981133" lon="9.221086"><ele>1663.2</ele></trkpt>
      <trkpt lat="41.981297" lon="9.220922"><ele>1670.3</ele></trkpt>
      <trkpt lat="41.981414" lon="9.220777"><ele>1674.0</ele></trkpt>
      <trkpt lat="41.981558" lon="9.220472"><ele>1674.1</ele></trkpt>
      <trkpt lat="41.981782" lon="9.220425"><ele>1678.7</ele></trkpt>
      <trkpt lat="41.981926" lon="9.220397"><ele>1679.8</ele></trkpt>
      <trkpt lat="41.981978" lon="9.220346"><ele>1679.0</ele></trkpt>
      <trkpt lat="41.982057" lon="9.220275"><ele>1677.6</ele></trkpt>
      <trkpt lat="41.982066" lon="9.220185"><ele>1675.8</ele></trkpt>
      <trkpt lat="41.982097" lon="9.220114"><ele>1674.4</ele></trkpt>
      <trkpt lat="41.982137" lon="9.220067"><ele>1673.6</ele></trkpt>
      <trkpt lat="41.982259" lon="9.219942"><ele>1672.2</ele></trkpt>
      <trkpt lat="41.982332" lon="9.219854"><ele>1671.8</ele></trkpt>
      <trkpt lat="41.982329" lon="9.219793"><ele>1671.4</ele></trkpt>
      <trkpt lat="41.982351" lon="9.219706"><ele>1671.4</ele></trkpt>
      <trkpt lat="41.982344" lon="9.219644"><ele>1671.0</ele></trkpt>
      <trkpt lat="41.982369" lon="9.219608"><ele>1671.2</ele></trkpt>
      <trkpt lat="41.982459" lon="9.219507"><ele>1672.1</ele></trkpt>
      <trkpt lat="41.982519" lon="9.219407"><ele>1672.2</ele></trkpt>
      <trkpt lat="41.982615" lon="9.219395"><ele>1673.4</ele></trkpt>
      <trkpt lat="41.982687" lon="9.219408"><ele>1674.4</ele></trkpt>
      <trkpt lat="41.982733" lon="9.219395"><ele>1674.6</ele></trkpt>
      <trkpt lat="41.982777" lon="9.219381"><ele>1674.8</ele></trkpt>
      <trkpt lat="41.982813" lon="9.219389"><ele>1675.1</ele></trkpt>
      <trkpt lat="41.982861" lon="9.219420"><ele>1675.8</ele></trkpt>
      <trkpt lat="41.982989" lon="9.219536"><ele>1677.4</ele></trkpt>
      <trkpt lat="41.983103" lon="9.219620"><ele>1678.4</ele></trkpt>
      <trkpt lat="41.983168" lon="9.219611"><ele>1679.1</ele></trkpt>
      <trkpt lat="41.983223" lon="9.219595"><ele>1679.9</ele></trkpt>
      <trkpt lat="41.983325" lon="9.219599"><ele>1681.2</ele></trkpt>
      <trkpt lat="41.983396" lon="9.219568"><ele>1682.4</ele></trkpt>
      <trkpt lat="41.983496" lon="9.219589"><ele>1684.2</ele></trkpt>
      <trkpt lat="41.983525" lon="9.219573"><ele>1684.8</ele></trkpt>
      <trkpt lat="41.983533" lon="9.219513"><ele>1684.7</ele></trkpt>
      <trkpt lat="41.983541" lon="9.219461"><ele>1684.5</ele></trkpt>
      <trkpt lat="41.983624" lon="9.219443"><ele>1686.2</ele></trkpt>
      <trkpt lat="41.983676" lon="9.219387"><ele>1686.8</ele></trkpt>
      <trkpt lat="41.983746" lon="9.219279"><ele>1686.6</ele></trkpt>
      <trkpt lat="41.983834" lon="9.219190"><ele>1687.0</ele></trkpt>
      <trkpt lat="41.983916" lon="9.219165"><ele>1689.1</ele></trkpt>
      <trkpt lat="41.984002" lon="9.219192"><ele>1692.8</ele></trkpt>
      <trkpt lat="41.984072" lon="9.219192"><ele>1695.2</ele></trkpt>
      <trkpt lat="41.984214" lon="9.219254"><ele>1702.1</ele></trkpt>
      <trkpt lat="41.984278" lon="9.219278"><ele>1705.0</ele></trkpt>
      <trkpt lat="41.984328" lon="9.219309"><ele>1707.4</ele></trkpt>
      <trkpt lat="41.984467" lon="9.219298"><ele>1711.6</ele></trkpt>
      <trkpt lat="41.984711" lon="9.219230"><ele>1716.7</ele></trkpt>
      <trkpt lat="41.984904" lon="9.219096"><ele>1717.7</ele></trkpt>
      <trkpt lat="41.984979" lon="9.219069"><ele>1718.7</ele></trkpt>
      <trkpt lat="41.985014" lon="9.219034"><ele>1718.4</ele></trkpt>
      <trkpt lat="41.985046" lon="9.219018"><ele>1718.6</ele></trkpt>
      <trkpt lat="41.985068" lon="9.219038"><ele>1719.8</ele></trkpt>
      <trkpt lat="41.985070" lon="9.219128"><ele>1722.4</ele></trkpt>
      <trkpt lat="41.985083" lon="9.219156"><ele>1723.4</ele></trkpt>
      <trkpt lat="41.985113" lon="9.219155"><ele>1724.0</ele></trkpt>
      <trkpt lat="41.985144" lon="9.219168"><ele>1725.1</ele></trkpt>
      <trkpt lat="41.985158" lon="9.219214"><ele>1726.4</ele></trkpt>
      <trkpt lat="41.985168" lon="9.219279"><ele>1727.7</ele></trkpt>
      <trkpt lat="41.985183" lon="9.219309"><ele>1728.4</ele></trkpt>
      <trkpt lat="41.985199" lon="9.219371"><ele>1729.4</ele></trkpt>
      <trkpt lat="41.985228" lon="9.219389"><ele>1730.0</ele></trkpt>
      <trkpt lat="41.985242" lon="9.219443"><ele>1730.5</ele></trkpt>
      <trkpt lat="41.985268" lon="9.219502"><ele>1731.1</ele></trkpt>
      <trkpt lat="41.985302" lon="9.219529"><ele>1731.6</ele></trkpt>
      <trkpt lat="41.985320" lon="9.219561"><ele>1731.8</ele></trkpt>
      <trkpt lat="41.985334" lon="9.219544"><ele>1732.0</ele></trkpt>
      <trkpt lat="41.985354" lon="9.219520"><ele>1732.4</ele></trkpt>
      <trkpt lat="41.985423" lon="9.219518"><ele>1733.8</ele></trkpt>
      <trkpt lat="41.985470" lon="9.219490"><ele>1735.0</ele></trkpt>
      <trkpt lat="41.985501" lon="9.219494"><ele>1735.7</ele></trkpt>
      <trkpt lat="41.985521" lon="9.219509"><ele>1736.1</ele></trkpt>
      <trkpt lat="41.985536" lon="9.219491"><ele>1736.6</ele></trkpt>
      <trkpt lat="41.985540" lon="9.219443"><ele>1736.9</ele></trkpt>
      <trkpt lat="41.985556" lon="9.219377"><ele>1737.6</ele></trkpt>
      <trkpt lat="41.985574" lon="9.219326"><ele>1738.1</ele></trkpt>
      <trkpt lat="41.985581" lon="9.219295"><ele>1738.3</ele></trkpt>
      <trkpt lat="41.985605" lon="9.219239"><ele>1738.9</ele></trkpt>
      <trkpt lat="41.985599" lon="9.219194"><ele>1738.4</ele></trkpt>
      <trkpt lat="41.985613" lon="9.219152"><ele>1738.5</ele></trkpt>
      <trkpt lat="41.985649" lon="9.219106"><ele>1739.3</ele></trkpt>
      <trkpt lat="41.985659" lon="9.219086"><ele>1739.5</ele></trkpt>
      <trkpt lat="41.985695" lon="9.219008"><ele>1739.9</ele></trkpt>
      <trkpt lat="41.985710" lon="9.218967"><ele>1740.0</ele></trkpt>
      <trkpt lat="41.985730" lon="9.218952"><ele>1740.7</ele></trkpt>
      <trkpt lat="41.985772" lon="9.218982"><ele>1742.8</ele></trkpt>
      <trkpt lat="41.985815" lon="9.218950"><ele>1744.1</ele></trkpt>
      <trkpt lat="41.985881" lon="9.218933"><ele>1746.5</ele></trkpt>
      <trkpt lat="41.985903" lon="9.218909"><ele>1747.1</ele></trkpt>
      <trkpt lat="41.985974" lon="9.218904"><ele>1749.7</ele></trkpt>
      <trkpt lat="41.986234" lon="9.218969"><ele>1758.6</ele></trkpt>
      <trkpt lat="41.986373" lon="9.218834"><ele>1761.1</ele></trkpt>
      <trkpt lat="41.986587" lon="9.218941"><ele>1767.5</ele></trkpt>
      <trkpt lat="41.986717" lon="9.219130"><ele>1771.9</ele></trkpt>
      <trkpt lat="41.986835" lon="9.219265"><ele>1775.4</ele></trkpt>
      <trkpt lat="41.987018" lon="9.219333"><ele>1780.4</ele></trkpt>
      <trkpt lat="41.987311" lon="9.219361"><ele>1786.7</ele></trkpt>
      <trkpt lat="41.987474" lon="9.219526"><ele>1789.2</ele></trkpt>
      <trkpt lat="41.987752" lon="9.219738"><ele>1793.8</ele></trkpt>
      <trkpt lat="41.987921" lon="9.219887"><ele>1798.9</ele></trkpt>
      <trkpt lat="41.988121" lon="9.219888"><ele>1807.0</ele></trkpt>
      <trkpt lat="41.988323" lon="9.219863"><ele>1817.9</ele></trkpt>
      <trkpt lat="41.988975" lon="9.219454"><ele>1854.4</ele></trkpt>
      <trkpt lat="41.989288" lon="9.219414"><ele>1872.6</ele></trkpt>
      <trkpt lat="41.989463" lon="9.219272"><ele>1878.2</ele></trkpt>
      <trkpt lat="41.989594" lon="9.219081"><ele>1879.7</ele></trkpt>
      <trkpt lat="41.989730" lon="9.218943"><ele>1882.8</ele></trkpt>
      <trkpt lat="41.989847" lon="9.218728"><ele>1881.5</ele></trkpt>
      <trkpt lat="41.990197" lon="9.218523"><ele>1882.8</ele></trkpt>
      <trkpt lat="41.990503" lon="9.218350"><ele>1881.8</ele></trkpt>
      <trkpt lat="41.990555" lon="9.218339"><ele>1882.3</ele></trkpt>
      <trkpt lat="41.990622" lon="9.218404"><ele>1885.4</ele></trkpt>
      <trkpt lat="41.990750" lon="9.218448"><ele>1888.4</ele></trkpt>
      <trkpt lat="41.990792" lon="9.218481"><ele>1889.8</ele></trkpt>
      <trkpt lat="41.990845" lon="9.218506"><ele>1891.0</ele></trkpt>
      <trkpt lat="41.990891" lon="9.218507"><ele>1891.5</ele></trkpt>
      <trkpt lat="41.990934" lon="9.218524"><ele>1892.3</ele></trkpt>
      <trkpt lat="41.990970" lon="9.218524"><ele>1892.7</ele></trkpt>
      <trkpt lat="41.990998" lon="9.218546"><ele>1893.6</ele></trkpt>
      <trkpt lat="41.991029" lon="9.218551"><ele>1894.1</ele></trkpt>
      <trkpt lat="41.991054" lon="9.218586"><ele>1895.1</ele></trkpt>
      <trkpt lat="41.991086" lon="9.218598"><ele>1895.8</ele></trkpt>
      <trkpt lat="41.991103" lon="9.218616"><ele>1896.4</ele></trkpt>
      <trkpt lat="41.991139" lon="9.218629"><ele>1897.1</ele></trkpt>
      <trkpt lat="41.991173" lon="9.218649"><ele>1897.9</ele></trkpt>
      <trkpt lat="41.991197" lon="9.218642"><ele>1898.1</ele></trkpt>
      <trkpt lat="41.991253" lon="9.218607"><ele>1898.4</ele></trkpt>
      <trkpt lat="41.991283" lon="9.218581"><ele>1898.5</ele></trkpt>
      <trkpt lat="41.991320" lon="9.218530"><ele>1898.4</ele></trkpt>
      <trkpt lat="41.991363" lon="9.218486"><ele>1898.6</ele></trkpt>
      <trkpt lat="41.991395" lon="9.218438"><ele>1898.7</ele></trkpt>
      <trkpt lat="41.991447" lon="9.218428"><ele>1899.6</ele></trkpt>
      <trkpt lat="41.991529" lon="9.218389"><ele>1901.0</ele></trkpt>
      <trkpt lat="41.991600" lon="9.218370"><ele>1902.4</ele></trkpt>
      <trkpt lat="41.991658" lon="9.218340"><ele>1903.4</ele></trkpt>
      <trkpt lat="41.991700" lon="9.218339"><ele>1904.2</ele></trkpt>
      <trkpt lat="41.991740" lon="9.218356"><ele>1904.8</ele></trkpt>
      <trkpt lat="41.991778" lon="9.218329"><ele>1905.5</ele></trkpt>
      <trkpt lat="41.991871" lon="9.218283"><ele>1906.9</ele></trkpt>
      <trkpt lat="41.991952" lon="9.218213"><ele>1908.3</ele></trkpt>
      <trkpt lat="41.991968" lon="9.218170"><ele>1908.7</ele></trkpt>
      <trkpt lat="41.991995" lon="9.218080"><ele>1909.7</ele></trkpt>
      <trkpt lat="41.992038" lon="9.218019"><ele>1910.7</ele></trkpt>
      <trkpt lat="41.992081" lon="9.217997"><ele>1911.4</ele></trkpt>
      <trkpt lat="41.992110" lon="9.217954"><ele>1912.1</ele></trkpt>
      <trkpt lat="41.992128" lon="9.217854"><ele>1913.3</ele></trkpt>
      <trkpt lat="41.992163" lon="9.217790"><ele>1914.4</ele></trkpt>
      <trkpt lat="41.992179" lon="9.217758"><ele>1914.9</ele></trkpt>
      <trkpt lat="41.992194" lon="9.217749"><ele>1915.1</ele></trkpt>
      <trkpt lat="41.992215" lon="9.217750"><ele>1915.2</ele></trkpt>
      <trkpt lat="41.992230" lon="9.217740"><ele>1915.4</ele></trkpt>
      <trkpt lat="41.992243" lon="9.217745"><ele>1915.4</ele></trkpt>
      <trkpt lat="41.992266" lon="9.217751"><ele>1915.4</ele></trkpt>
      <trkpt lat="41.992282" lon="9.217743"><ele>1915.6</ele></trkpt>
      <trkpt lat="41.992300" lon="9.217740"><ele>1915.6</ele></trkpt>
      <trkpt lat="41.992429" lon="9.217709"><ele>1915.8</ele></trkpt>
      <trkpt lat="41.992486" lon="9.217701"><ele>1915.6</ele></trkpt>
      <trkpt lat="41.992562" lon="9.217666"><ele>1915.7</ele></trkpt>
      <trkpt lat="41.992610" lon="9.217665"><ele>1915.4</ele></trkpt>
      <trkpt lat="41.992717" lon="9.217587"><ele>1916.1</ele></trkpt>
      <trkpt lat="41.992863" lon="9.217461"><ele>1918.0</ele></trkpt>
      <trkpt lat="41.992958" lon="9.217380"><ele>1919.4</ele></trkpt>
      <trkpt lat="41.993012" lon="9.217296"><ele>1920.8</ele></trkpt>
      <trkpt lat="41.993061" lon="9.217275"><ele>1921.2</ele></trkpt>
      <trkpt lat="41.993112" lon="9.217262"><ele>1921.4</ele></trkpt>
      <trkpt lat="41.993164" lon="9.217284"><ele>1921.1</ele></trkpt>
      <trkpt lat="41.993272" lon="9.217304"><ele>1920.8</ele></trkpt>
      <trkpt lat="41.993372" lon="9.217301"><ele>1920.8</ele></trkpt>
      <trkpt lat="41.993448" lon="9.217319"><ele>1920.7</ele></trkpt>
      <trkpt lat="41.993491" lon="9.217351"><ele>1920.2</ele></trkpt>
      <trkpt lat="41.993640" lon="9.217379"><ele>1920.6</ele></trkpt>
      <trkpt lat="41.993710" lon="9.217413"><ele>1920.8</ele></trkpt>
      <trkpt lat="41.993783" lon="9.217426"><ele>1921.6</ele></trkpt>
      <trkpt lat="41.993847" lon="9.217404"><ele>1923.1</ele></trkpt>
      <trkpt lat="41.993887" lon="9.217401"><ele>1924.0</ele></trkpt>
      <trkpt lat="41.993901" lon="9.217416"><ele>1924.0</ele></trkpt>
      <trkpt lat="41.993922" lon="9.217445"><ele>1923.9</ele></trkpt>
      <trkpt lat="41.993983" lon="9.217460"><ele>1925.1</ele></trkpt>
      <trkpt lat="41.994024" lon="9.217516"><ele>1925.1</ele></trkpt>
      <trkpt lat="41.994106" lon="9.217607"><ele>1925.6</ele></trkpt>
      <trkpt lat="41.994214" lon="9.217568"><ele>1929.6</ele></trkpt>
      <trkpt lat="41.994301" lon="9.217594"><ele>1932.0</ele></trkpt>
      <trkpt lat="41.994343" lon="9.217619"><ele>1933.0</ele></trkpt>
      <trkpt lat="41.994380" lon="9.217700"><ele>1932.6</ele></trkpt>
      <trkpt lat="41.994396" lon="9.217720"><ele>1932.7</ele></trkpt>
      <trkpt lat="41.994424" lon="9.217716"><ele>1933.9</ele></trkpt>
      <trkpt lat="41.994443" lon="9.217708"><ele>1934.8</ele></trkpt>
      <trkpt lat="41.994451" lon="9.217740"><ele>1934.4</ele></trkpt>
      <trkpt lat="41.994484" lon="9.217766"><ele>1935.1</ele></trkpt>
      <trkpt lat="41.994517" lon="9.217767"><ele>1936.5</ele></trkpt>
      <trkpt lat="41.994550" lon="9.217731"><ele>1938.8</ele></trkpt>
      <trkpt lat="41.994596" lon="9.217732"><ele>1940.8</ele></trkpt>
      <trkpt lat="41.994625" lon="9.217759"><ele>1941.5</ele></trkpt>
      <trkpt lat="41.994651" lon="9.217753"><ele>1942.9</ele></trkpt>
      <trkpt lat="41.994675" lon="9.217762"><ele>1943.8</ele></trkpt>
      <trkpt lat="41.994712" lon="9.217816"><ele>1944.4</ele></trkpt>
      <trkpt lat="41.994749" lon="9.217856"><ele>1945.4</ele></trkpt>
      <trkpt lat="41.994796" lon="9.217893"><ele>1946.9</ele></trkpt>
      <trkpt lat="41.994845" lon="9.217900"><ele>1949.3</ele></trkpt>
      <trkpt lat="41.994896" lon="9.217943"><ele>1950.8</ele></trkpt>
      <trkpt lat="41.994941" lon="9.217973"><ele>1952.3</ele></trkpt>
      <trkpt lat="41.995008" lon="9.218058"><ele>1953.3</ele></trkpt>
      <trkpt lat="41.995040" lon="9.218072"><ele>1954.4</ele></trkpt>
      <trkpt lat="41.995078" lon="9.218068"><ele>1956.3</ele></trkpt>
      <trkpt lat="41.995084" lon="9.218100"><ele>1955.6</ele></trkpt>
      <trkpt lat="41.995103" lon="9.218134"><ele>1955.4</ele></trkpt>
      <trkpt lat="41.995136" lon="9.218156"><ele>1956.3</ele></trkpt>
      <trkpt lat="41.995175" lon="9.218127"><ele>1958.9</ele></trkpt>
      <trkpt lat="41.995192" lon="9.218058"><ele>1961.9</ele></trkpt>
      <trkpt lat="41.995188" lon="9.217993"><ele>1963.6</ele></trkpt>
      <trkpt lat="41.995199" lon="9.217937"><ele>1965.7</ele></trkpt>
      <trkpt lat="41.995241" lon="9.217933"><ele>1967.8</ele></trkpt>
      <trkpt lat="41.995283" lon="9.217948"><ele>1969.1</ele></trkpt>
      <trkpt lat="41.995302" lon="9.217944"><ele>1970.1</ele></trkpt>
      <trkpt lat="41.995332" lon="9.217892"><ele>1972.7</ele></trkpt>
      <trkpt lat="41.995373" lon="9.217844"><ele>1975.7</ele></trkpt>
      <trkpt lat="41.995409" lon="9.217824"><ele>1977.5</ele></trkpt>
      <trkpt lat="41.995434" lon="9.217806"><ele>1978.9</ele></trkpt>
      <trkpt lat="41.995470" lon="9.217771"><ele>1981.0</ele></trkpt>
      <trkpt lat="41.995535" lon="9.217771"><ele>1983.0</ele></trkpt>
      <trkpt lat="41.995563" lon="9.217814"><ele>1982.8</ele></trkpt>
      <trkpt lat="41.995638" lon="9.217819"><ele>1984.7</ele></trkpt>
      <trkpt lat="41.995710" lon="9.217874"><ele>1985.0</ele></trkpt>
      <trkpt lat="41.995778" lon="9.217963"><ele>1984.3</ele></trkpt>
      <trkpt lat="41.995802" lon="9.217969"><ele>1984.5</ele></trkpt>
      <trkpt lat="41.995859" lon="9.217949"><ele>1985.8</ele></trkpt>
      <trkpt lat="41.995888" lon="9.217980"><ele>1985.5</ele></trkpt>
      <trkpt lat="41.995965" lon="9.218066"><ele>1984.3</ele></trkpt>
      <trkpt lat="41.996088" lon="9.218119"><ele>1983.4</ele></trkpt>
      <trkpt lat="41.996156" lon="9.218146"><ele>1982.7</ele></trkpt>
      <trkpt lat="41.996313" lon="9.218130"><ele>1981.7</ele></trkpt>
      <trkpt lat="41.996533" lon="9.218004"><ele>1978.1</ele></trkpt>
      <trkpt lat="41.996532" lon="9.217934"><ele>1978.9</ele></trkpt>
      <trkpt lat="41.996474" lon="9.217775"><ele>1982.1</ele></trkpt>
      <trkpt lat="41.996494" lon="9.217651"><ele>1982.7</ele></trkpt>
      <trkpt lat="41.996512" lon="9.217567"><ele>1982.8</ele></trkpt>
      <trkpt lat="41.996479" lon="9.217482"><ele>1984.2</ele></trkpt>
      <trkpt lat="41.996544" lon="9.217379"><ele>1982.6</ele></trkpt>
      <trkpt lat="41.996556" lon="9.217317"><ele>1982.3</ele></trkpt>
      <trkpt lat="41.996585" lon="9.217300"><ele>1981.4</ele></trkpt>
      <trkpt lat="41.996721" lon="9.217209"><ele>1977.3</ele></trkpt>
      <trkpt lat="41.996739" lon="9.217133"><ele>1976.8</ele></trkpt>
      <trkpt lat="41.996764" lon="9.217071"><ele>1975.9</ele></trkpt>
      <trkpt lat="41.996796" lon="9.216998"><ele>1974.7</ele></trkpt>
      <trkpt lat="41.996884" lon="9.216832"><ele>1970.9</ele></trkpt>
      <trkpt lat="41.997139" lon="9.216610"><ele>1962.0</ele></trkpt>
      <trkpt lat="41.997171" lon="9.216634"><ele>1961.3</ele></trkpt>
      <trkpt lat="41.997266" lon="9.216681"><ele>1959.0</ele></trkpt>
      <trkpt lat="41.997366" lon="9.216633"><ele>1956.6</ele></trkpt>
      <trkpt lat="41.997438" lon="9.216594"><ele>1955.2</ele></trkpt>
      <trkpt lat="41.997570" lon="9.216561"><ele>1952.8</ele></trkpt>
      <trkpt lat="41.997744" lon="9.216488"><ele>1950.4</ele></trkpt>
      <trkpt lat="41.997844" lon="9.216435"><ele>1949.7</ele></trkpt>
      <trkpt lat="41.997973" lon="9.216333"><ele>1949.7</ele></trkpt>
      <trkpt lat="41.998078" lon="9.216217"><ele>1950.9</ele></trkpt>
      <trkpt lat="41.998305" lon="9.216002"><ele>1953.6</ele></trkpt>
      <trkpt lat="41.998406" lon="9.215913"><ele>1954.2</ele></trkpt>
      <trkpt lat="41.998471" lon="9.215995"><ele>1953.1</ele></trkpt>
      <trkpt lat="41.998664" lon="9.215978"><ele>1952.7</ele></trkpt>
      <trkpt lat="41.998931" lon="9.215900"><ele>1951.9</ele></trkpt>
      <trkpt lat="41.999119" lon="9.215955"><ele>1949.9</ele></trkpt>
      <trkpt lat="41.999486" lon="9.215827"><ele>1948.6</ele></trkpt>
      <trkpt lat="41.999586" lon="9.215757"><ele>1947.7</ele></trkpt>
      <trkpt lat="41.999725" lon="9.215806"><ele>1945.7</ele></trkpt>
      <trkpt lat="41.999724" lon="9.215882"><ele>1945.0</ele></trkpt>
      <trkpt lat="41.999821" lon="9.215919"><ele>1942.9</ele></trkpt>
      <trkpt lat="42.000081" lon="9.215977"><ele>1936.9</ele></trkpt>
      <trkpt lat="42.000149" lon="9.216133"><ele>1931.9</ele></trkpt>
      <trkpt lat="42.000229" lon="9.216163"><ele>1929.4</ele></trkpt>
      <trkpt lat="42.000324" lon="9.216169"><ele>1927.3</ele></trkpt>
      <trkpt lat="42.000349" lon="9.216125"><ele>1927.9</ele></trkpt>
      <trkpt lat="42.000434" lon="9.216103"><ele>1926.5</ele></trkpt>
      <trkpt lat="42.000530" lon="9.216173"><ele>1922.7</ele></trkpt>
      <trkpt lat="42.000540" lon="9.216143"><ele>1923.1</ele></trkpt>
      <trkpt lat="42.000664" lon="9.216268"><ele>1917.2</ele></trkpt>
      <trkpt lat="42.000744" lon="9.216281"><ele>1915.2</ele></trkpt>
      <trkpt lat="42.000750" lon="9.216203"><ele>1917.0</ele></trkpt>
      <trkpt lat="42.000880" lon="9.216125"><ele>1915.9</ele></trkpt>
      <trkpt lat="42.000965" lon="9.216145"><ele>1914.0</ele></trkpt>
      <trkpt lat="42.001007" lon="9.216090"><ele>1914.1</ele></trkpt>
      <trkpt lat="42.001043" lon="9.216097"><ele>1913.4</ele></trkpt>
      <trkpt lat="42.001035" lon="9.216017"><ele>1914.3</ele></trkpt>
      <trkpt lat="42.001049" lon="9.216001"><ele>1914.2</ele></trkpt>
      <trkpt lat="42.001159" lon="9.216031"><ele>1912.3</ele></trkpt>
      <trkpt lat="42.001188" lon="9.216070"><ele>1911.6</ele></trkpt>
      <trkpt lat="42.001232" lon="9.216063"><ele>1911.2</ele></trkpt>
      <trkpt lat="42.001235" lon="9.216022"><ele>1911.5</ele></trkpt>
      <trkpt lat="42.001274" lon="9.215987"><ele>1911.3</ele></trkpt>
      <trkpt lat="42.001470" lon="9.216059"><ele>1910.0</ele></trkpt>
      <trkpt lat="42.001518" lon="9.216149"><ele>1909.4</ele></trkpt>
      <trkpt lat="42.001672" lon="9.216159"><ele>1909.8</ele></trkpt>
      <trkpt lat="42.001812" lon="9.216079"><ele>1910.8</ele></trkpt>
      <trkpt lat="42.001799" lon="9.215820"><ele>1909.6</ele></trkpt>
      <trkpt lat="42.001766" lon="9.215743"><ele>1908.8</ele></trkpt>
      <trkpt lat="42.001927" lon="9.215677"><ele>1908.8</ele></trkpt>
      <trkpt lat="42.002083" lon="9.215452"><ele>1905.8</ele></trkpt>
      <trkpt lat="42.002384" lon="9.214980"><ele>1896.6</ele></trkpt>
      <trkpt lat="42.002468" lon="9.214954"><ele>1895.7</ele></trkpt>
      <trkpt lat="42.002556" lon="9.214991"><ele>1895.7</ele></trkpt>
      <trkpt lat="42.002812" lon="9.214802"><ele>1888.2</ele></trkpt>
      <trkpt lat="42.002970" lon="9.214674"><ele>1882.7</ele></trkpt>
      <trkpt lat="42.003092" lon="9.214434"><ele>1875.7</ele></trkpt>
      <trkpt lat="42.003220" lon="9.214449"><ele>1873.6</ele></trkpt>
      <trkpt lat="42.003344" lon="9.214214"><ele>1866.9</ele></trkpt>
      <trkpt lat="42.003485" lon="9.214285"><ele>1865.7</ele></trkpt>
      <trkpt lat="42.003624" lon="9.214231"><ele>1861.9</ele></trkpt>
      <trkpt lat="42.003764" lon="9.214370"><ele>1861.8</ele></trkpt>
      <trkpt lat="42.003942" lon="9.214335"><ele>1857.4</ele></trkpt>
      <trkpt lat="42.004133" lon="9.214251"><ele>1851.7</ele></trkpt>
      <trkpt lat="42.004398" lon="9.214023"><ele>1844.0</ele></trkpt>
      <trkpt lat="42.004873" lon="9.214023"><ele>1841.6</ele></trkpt>
      <trkpt lat="42.005118" lon="9.213937"><ele>1841.5</ele></trkpt>
      <trkpt lat="42.005535" lon="9.213962"><ele>1841.3</ele></trkpt>
      <trkpt lat="42.005688" lon="9.214163"><ele>1840.3</ele></trkpt>
      <trkpt lat="42.005834" lon="9.214410"><ele>1837.9</ele></trkpt>
      <trkpt lat="42.006039" lon="9.214552"><ele>1834.9</ele></trkpt>
      <trkpt lat="42.006242" lon="9.214619"><ele>1832.7</ele></trkpt>
      <trkpt lat="42.006401" lon="9.214626"><ele>1831.5</ele></trkpt>
      <trkpt lat="42.006547" lon="9.214681"><ele>1830.5</ele></trkpt>
      <trkpt lat="42.006750" lon="9.214873"><ele>1829.0</ele></trkpt>
      <trkpt lat="42.006867" lon="9.215015"><ele>1828.7</ele></trkpt>
      <trkpt lat="42.006874" lon="9.215156"><ele>1828.0</ele></trkpt>
      <trkpt lat="42.007016" lon="9.215367"><ele>1827.7</ele></trkpt>
      <trkpt lat="42.007223" lon="9.215756"><ele>1827.5</ele></trkpt>
      <trkpt lat="42.007443" lon="9.216108"><ele>1827.5</ele></trkpt>
      <trkpt lat="42.007614" lon="9.216431"><ele>1825.7</ele></trkpt>
      <trkpt lat="42.007629" lon="9.216564"><ele>1824.1</ele></trkpt>
      <trkpt lat="42.007713" lon="9.216809"><ele>1822.2</ele></trkpt>
      <trkpt lat="42.007889" lon="9.217159"><ele>1819.7</ele></trkpt>
      <trkpt lat="42.008130" lon="9.217521"><ele>1816.6</ele></trkpt>
      <trkpt lat="42.008274" lon="9.217630"><ele>1816.7</ele></trkpt>
      <trkpt lat="42.008395" lon="9.217765"><ele>1816.1</ele></trkpt>
      <trkpt lat="42.008433" lon="9.217870"><ele>1814.7</ele></trkpt>
      <trkpt lat="42.008547" lon="9.218225"><ele>1810.8</ele></trkpt>
    </trkseg></trk></gpx>