<?xml version='1.0' encoding='UTF-8'?>
<gpx xmlns="http://www.topografix.com/GPX/1/1" version="1.1" creator="merge.py"><trk><name>day5-petra-piana-ciottulu</name><trkseg><trkpt lat="42.197955" lon="9.051329"><ele>1857.0</ele></trkpt>
      <trkpt lat="42.198022" lon="9.051537"><ele>1855.6</ele></trkpt>
      <trkpt lat="42.198058" lon="9.051533"><ele>1856.9</ele></trkpt>
      <trkpt lat="42.198118" lon="9.051531"><ele>1858.8</ele></trkpt>
      <trkpt lat="42.198168" lon="9.051438"><ele>1862.5</ele></trkpt>
      <trkpt lat="42.198318" lon="9.051356"><ele>1868.2</ele></trkpt>
      <trkpt lat="42.198433" lon="9.051402"><ele>1868.3</ele></trkpt>
      <trkpt lat="42.198536" lon="9.051289"><ele>1874.4</ele></trkpt>
      <trkpt lat="42.198568" lon="9.051107"><ele>1881.8</ele></trkpt>
      <trkpt lat="42.198696" lon="9.050848"><ele>1892.3</ele></trkpt>
      <trkpt lat="42.198740" lon="9.050566"><ele>1901.0</ele></trkpt>
      <trkpt lat="42.198765" lon="9.050507"><ele>1903.3</ele></trkpt>
      <trkpt lat="42.198737" lon="9.050418"><ele>1904.2</ele></trkpt>
      <trkpt lat="42.198679" lon="9.050340"><ele>1903.7</ele></trkpt>
      <trkpt lat="42.198679" lon="9.050287"><ele>1904.8</ele></trkpt>
      <trkpt lat="42.198838" lon="9.050002"><ele>1916.5</ele></trkpt>
      <trkpt lat="42.198987" lon="9.049572"><ele>1931.2</ele></trkpt>
      <trkpt lat="42.199018" lon="9.049222"><ele>1940.9</ele></trkpt>
      <trkpt lat="42.198982" lon="9.048955"><ele>1947.4</ele></trkpt>
      <trkpt lat="42.199102" lon="9.048667"><ele>1960.5</ele></trkpt>
      <trkpt lat="42.198872" lon="9.048471"><ele>1958.9</ele></trkpt>
      <trkpt lat="42.198896" lon="9.048400"><ele>1961.7</ele></trkpt>
      <trkpt lat="42.198944" lon="9.048336"><ele>1965.0</ele></trkpt>
      <trkpt lat="42.199007" lon="9.048312"><ele>1967.8</ele></trkpt>
      <trkpt lat="42.199188" lon="9.048251"><ele>1975.7</ele></trkpt>
      <trkpt lat="42.199221" lon="9.048103"><ele>1980.6</ele></trkpt>
      <trkpt lat="42.199221" lon="9.047999"><ele>1982.9</ele></trkpt>
      <trkpt lat="42.199199" lon="9.047794"><ele>1986.0</ele></trkpt>
      <trkpt lat="42.199243" lon="9.047796"><ele>1987.4</ele></trkpt>
      <trkpt lat="42.199289" lon="9.047751"><ele>1989.5</ele></trkpt>
      <trkpt lat="42.199279" lon="9.047603"><ele>1991.1</ele></trkpt>
      <trkpt lat="42.199235" lon="9.047481"><ele>1991.3</ele></trkpt>
      <trkpt lat="42.199235" lon="9.047398"><ele>1992.2</ele></trkpt>
      <trkpt lat="42.199259" lon="9.047353"><ele>1993.3</ele></trkpt>
      <trkpt lat="42.199329" lon="9.047329"><ele>1995.3</ele></trkpt>
      <trkpt lat="42.199562" lon="9.047273"><ele>2003.6</ele></trkpt>
      <trkpt lat="42.199566" lon="9.047209"><ele>2004.2</ele></trkpt>
      <trkpt lat="42.199645" lon="9.047181"><ele>2007.6</ele></trkpt>
      <trkpt lat="42.199890" lon="9.047168"><ele>2019.7</ele></trkpt>
      <trkpt lat="42.199948" lon="9.047160"><ele>2022.7</ele></trkpt>
      <trkpt lat="42.199935" lon="9.047086"><ele>2022.4</ele></trkpt>
      <trkpt lat="42.200095" lon="9.046989"><ele>2031.1</ele></trkpt>
      <trkpt lat="42.199982" lon="9.046678"><ele>2026.6</ele></trkpt>
      <trkpt lat="42.199978" lon="9.046618"><ele>2026.6</ele></trkpt>
      <trkpt lat="42.199970" lon="9.046477"><ele>2026.3</ele></trkpt>
      <trkpt lat="42.200042" lon="9.046240"><ele>2029.8</ele></trkpt>
      <trkpt lat="42.200268" lon="9.046042"><ele>2041.6</ele></trkpt>
      <trkpt lat="42.200472" lon="9.045728"><ele>2050.5</ele></trkpt>
      <trkpt lat="42.200585" lon="9.045716"><ele>2056.9</ele></trkpt>
      <trkpt lat="42.200672" lon="9.045668"><ele>2061.1</ele></trkpt>
      <trkpt lat="42.200704" lon="9.045615"><ele>2061.8</ele></trkpt>
      <trkpt lat="42.200764" lon="9.045616"><ele>2065.1</ele></trkpt>
      <trkpt lat="42.200820" lon="9.045570"><ele>2067.1</ele></trkpt>
      <trkpt lat="42.200851" lon="9.045553"><ele>2068.3</ele></trkpt>
      <trkpt lat="42.200883" lon="9.045543"><ele>2069.8</ele></trkpt>
      <trkpt lat="42.201012" lon="9.045343"><ele>2070.9</ele></trkpt>
      <trkpt lat="42.201402" lon="9.045022"><ele>2079.6</ele></trkpt>
      <trkpt lat="42.201554" lon="9.044910"><ele>2082.9</ele></trkpt>
      <trkpt lat="42.201764" lon="9.044714"><ele>2084.8</ele></trkpt>
      <trkpt lat="42.201822" lon="9.044705"><ele>2087.4</ele></trkpt>
      <trkpt lat="42.201852" lon="9.044670"><ele>2087.1</ele></trkpt>
      <trkpt lat="42.202063" lon="9.044541"><ele>2090.8</ele></trkpt>
      <trkpt lat="42.202152" lon="9.044439"><ele>2090.0</ele></trkpt>
      <trkpt lat="42.202206" lon="9.044398"><ele>2090.6</ele></trkpt>
      <trkpt lat="42.202274" lon="9.044404"><ele>2094.5</ele></trkpt>
      <trkpt lat="42.202309" lon="9.044346"><ele>2093.3</ele></trkpt>
      <trkpt lat="42.202811" lon="9.044091"><ele>2108.0</ele></trkpt>
      <trkpt lat="42.202855" lon="9.044054"><ele>2108.8</ele></trkpt>
      <trkpt lat="42.202961" lon="9.044062"><ele>2115.4</ele></trkpt>
      <trkpt lat="42.203023" lon="9.043984"><ele>2115.7</ele></trkpt>
      <trkpt lat="42.203183" lon="9.043785"><ele>2117.4</ele></trkpt>
      <trkpt lat="42.203264" lon="9.043598"><ele>2115.0</ele></trkpt>
      <trkpt lat="42.203394" lon="9.043501"><ele>2119.4</ele></trkpt>
      <trkpt lat="42.203505" lon="9.043473"><ele>2125.1</ele></trkpt>
      <trkpt lat="42.203653" lon="9.043245"><ele>2125.9</ele></trkpt>
      <trkpt lat="42.203726" lon="9.043154"><ele>2126.5</ele></trkpt>
      <trkpt lat="42.203888" lon="9.043112"><ele>2133.2</ele></trkpt>
      <trkpt lat="42.204001" lon="9.042933"><ele>2132.0</ele></trkpt>
      <trkpt lat="42.204012" lon="9.042830"><ele>2129.0</ele></trkpt>
      <trkpt lat="42.204056" lon="9.042797"><ele>2130.2</ele></trkpt>
      <trkpt lat="42.204139" lon="9.042658"><ele>2130.7</ele></trkpt>
      <trkpt lat="42.204218" lon="9.042564"><ele>2133.1</ele></trkpt>
      <trkpt lat="42.204494" lon="9.041885"><ele>2140.3</ele></trkpt>
      <trkpt lat="42.204565" lon="9.041696"><ele>2143.8</ele></trkpt>
      <trkpt lat="42.204646" lon="9.041342"><ele>2146.1</ele></trkpt>
      <trkpt lat="42.204699" lon="9.041244"><ele>2148.3</ele></trkpt>
      <trkpt lat="42.204757" lon="9.041030"><ele>2148.7</ele></trkpt>
      <trkpt lat="42.204817" lon="9.040942"><ele>2151.1</ele></trkpt>
      <trkpt lat="42.204931" lon="9.040854"><ele>2157.1</ele></trkpt>
      <trkpt lat="42.205001" lon="9.040685"><ele>2158.6</ele></trkpt>
      <trkpt lat="42.205118" lon="9.040498"><ele>2163.0</ele></trkpt>
      <trkpt lat="42.205169" lon="9.040528"><ele>2167.1</ele></trkpt>
      <trkpt lat="42.205353" lon="9.040204"><ele>2171.6</ele></trkpt>
      <trkpt lat="42.205404" lon="9.040179"><ele>2174.0</ele></trkpt>
      <trkpt lat="42.205876" lon="9.039280"><ele>2178.1</ele></trkpt>
      <trkpt lat="42.206188" lon="9.038948"><ele>2187.1</ele></trkpt>
      <trkpt lat="42.206334" lon="9.038751"><ele>2189.6</ele></trkpt>
      <trkpt lat="42.206375" lon="9.038744"><ele>2190.9</ele></trkpt>
      <trkpt lat="42.206479" lon="9.038493"><ele>2191.3</ele></trkpt>
      <trkpt lat="42.206583" lon="9.038242"><ele>2191.3</ele></trkpt>
      <trkpt lat="42.206647" lon="9.037960"><ele>2190.4</ele></trkpt>
      <trkpt lat="42.206711" lon="9.037936"><ele>2190.5</ele></trkpt>
      <trkpt lat="42.206751" lon="9.037818"><ele>2190.3</ele></trkpt>
      <trkpt lat="42.206724" lon="9.037710"><ele>2190.6</ele></trkpt>
      <trkpt lat="42.206764" lon="9.037554"><ele>2191.5</ele></trkpt>
      <trkpt lat="42.206829" lon="9.037484"><ele>2191.9</ele></trkpt>
      <trkpt lat="42.206914" lon="9.037412"><ele>2192.0</ele></trkpt>
      <trkpt lat="42.207038" lon="9.037111"><ele>2194.0</ele></trkpt>
      <trkpt lat="42.207163" lon="9.036915"><ele>2193.2</ele></trkpt>
      <trkpt lat="42.207349" lon="9.036534"><ele>2191.8</ele></trkpt>
      <trkpt lat="42.207460" lon="9.036421"><ele>2188.2</ele></trkpt>
      <trkpt lat="42.207629" lon="9.036116"><ele>2181.4</ele></trkpt>
      <trkpt lat="42.207647" lon="9.035982"><ele>2180.8</ele></trkpt>
      <trkpt lat="42.207766" lon="9.035914"><ele>2173.1</ele></trkpt>
      <trkpt lat="42.207796" lon="9.035814"><ele>2171.3</ele></trkpt>
      <trkpt lat="42.207844" lon="9.035538"><ele>2168.4</ele></trkpt>
      <trkpt lat="42.207876" lon="9.035349"><ele>2166.3</ele></trkpt>
      <trkpt lat="42.207881" lon="9.034938"><ele>2166.6</ele></trkpt>
      <trkpt lat="42.207867" lon="9.034600"><ele>2168.1</ele></trkpt>
      <trkpt lat="42.207819" lon="9.034494"><ele>2172.0</ele></trkpt>
      <trkpt lat="42.207840" lon="9.034339"><ele>2169.8</ele></trkpt>
      <trkpt lat="42.207923" lon="9.034040"><ele>2161.7</ele></trkpt>
      <trkpt lat="42.207976" lon="9.033529"><ele>2156.5</ele></trkpt>
      <trkpt lat="42.208052" lon="9.033395"><ele>2151.0</ele></trkpt>
      <trkpt lat="42.208059" lon="9.033302"><ele>2150.6</ele></trkpt>
      <trkpt lat="42.207980" lon="9.032857"><ele>2157.0</ele></trkpt>
      <trkpt lat="42.207986" lon="9.032693"><ele>2156.5</ele></trkpt>
      <trkpt lat="42.208076" lon="9.032501"><ele>2150.5</ele></trkpt>
      <trkpt lat="42.208135" lon="9.032171"><ele>2147.1</ele></trkpt>
      <trkpt lat="42.208141" lon="9.031861"><ele>2147.9</ele></trkpt>
      <trkpt lat="42.208212" lon="9.031508"><ele>2147.5</ele></trkpt>
      <trkpt lat="42.208190" lon="9.030917"><ele>2152.9</ele></trkpt>
      <trkpt lat="42.208300" lon="9.030639"><ele>2148.2</ele></trkpt>
      <trkpt lat="42.208377" lon="9.030151"><ele>2141.3</ele></trkpt>
      <trkpt lat="42.208528" lon="9.029983"><ele>2134.0</ele></trkpt>
      <trkpt lat="42.208717" lon="9.029773"><ele>2123.4</ele></trkpt>
      <trkpt lat="42.208739" lon="9.029747"><ele>2122.2</ele></trkpt>
      <trkpt lat="42.208768" lon="9.029644"><ele>2119.3</ele></trkpt>
      <trkpt lat="42.208816" lon="9.029606"><ele>2116.8</ele></trkpt>
      <trkpt lat="42.208834" lon="9.029544"><ele>2114.8</ele></trkpt>
      <trkpt lat="42.209016" lon="9.029473"><ele>2106.5</ele></trkpt>
      <trkpt lat="42.209102" lon="9.029379"><ele>2100.8</ele></trkpt>
      <trkpt lat="42.209134" lon="9.029323"><ele>2098.1</ele></trkpt>
      <trkpt lat="42.209084" lon="9.029250"><ele>2097.9</ele></trkpt>
      <trkpt lat="42.209146" lon="9.029145"><ele>2092.3</ele></trkpt>
      <trkpt lat="42.209071" lon="9.029096"><ele>2093.6</ele></trkpt>
      <trkpt lat="42.209086" lon="9.029034"><ele>2090.8</ele></trkpt>
      <trkpt lat="42.209118" lon="9.028998"><ele>2088.3</ele></trkpt>
      <trkpt lat="42.209043" lon="9.028962"><ele>2089.8</ele></trkpt>
      <trkpt lat="42.209033" lon="9.028913"><ele>2088.2</ele></trkpt>
      <trkpt lat="42.209024" lon="9.028864"><ele>2086.5</ele></trkpt>
      <trkpt lat="42.209033" lon="9.028819"><ele>2084.2</ele></trkpt>
      <trkpt lat="42.209122" lon="9.028794"><ele>2079.7</ele></trkpt>
      <trkpt lat="42.209139" lon="9.028725"><ele>2076.0</ele></trkpt>
      <trkpt lat="42.209214" lon="9.028653"><ele>2069.8</ele></trkpt>
      <trkpt lat="42.209206" lon="9.028622"><ele>2068.6</ele></trkpt>
      <trkpt lat="42.209260" lon="9.028599"><ele>2065.4</ele></trkpt>
      <trkpt lat="42.209258" lon="9.028527"><ele>2062.0</ele></trkpt>
      <trkpt lat="42.209277" lon="9.028485"><ele>2059.1</ele></trkpt>
      <trkpt lat="42.209305" lon="9.028455"><ele>2056.4</ele></trkpt>
      <trkpt lat="42.209089" lon="9.028272"><ele>2055.6</ele></trkpt>
      <trkpt lat="42.208955" lon="9.028194"><ele>2056.1</ele></trkpt>
      <trkpt lat="42.208840" lon="9.028111"><ele>2055.1</ele></trkpt>
      <trkpt lat="42.208656" lon="9.027948"><ele>2051.2</ele></trkpt>
      <trkpt lat="42.208487" lon="9.028025"><ele>2060.6</ele></trkpt>
      <trkpt lat="42.207990" lon="9.027745"><ele>2058.0</ele></trkpt>
      <trkpt lat="42.207855" lon="9.027627"><ele>2055.8</ele></trkpt>
      <trkpt lat="42.207629" lon="9.027633"><ele>2062.8</ele></trkpt>
      <trkpt lat="42.207566" lon="9.027532"><ele>2060.3</ele></trkpt>
      <trkpt lat="42.207450" lon="9.027482"><ele>2062.2</ele></trkpt>
      <trkpt lat="42.207312" lon="9.027157"><ele>2053.5</ele></trkpt>
      <trkpt lat="42.207248" lon="9.026994"><ele>2049.3</ele></trkpt>
      <trkpt lat="42.207162" lon="9.026888"><ele>2048.7</ele></trkpt>
      <trkpt lat="42.207093" lon="9.026707"><ele>2044.5</ele></trkpt>
      <trkpt lat="42.207028" lon="9.026552"><ele>2040.9</ele></trkpt>
      <trkpt lat="42.206914" lon="9.026476"><ele>2042.1</ele></trkpt>
      <trkpt lat="42.206846" lon="9.025982"><ele>2024.7</ele></trkpt>
      <trkpt lat="42.206804" lon="9.025921"><ele>2023.8</ele></trkpt>
      <trkpt lat="42.206682" lon="9.025808"><ele>2023.8</ele></trkpt>
      <trkpt lat="42.206553" lon="9.025594"><ele>2019.4</ele></trkpt>
      <trkpt lat="42.206358" lon="9.025593"><ele>2025.3</ele></trkpt>
      <trkpt lat="42.206171" lon="9.025613"><ele>2031.4</ele></trkpt>
      <trkpt lat="42.206016" lon="9.025593"><ele>2034.7</ele></trkpt>
      <trkpt lat="42.205987" lon="9.025630"><ele>2037.1</ele></trkpt>
      <trkpt lat="42.205958" lon="9.025602"><ele>2036.6</ele></trkpt>
      <trkpt lat="42.205830" lon="9.025574"><ele>2038.8</ele></trkpt>
      <trkpt lat="42.205497" lon="9.025369"><ele>2039.1</ele></trkpt>
      <trkpt lat="42.205481" lon="9.025337"><ele>2038.1</ele></trkpt>
      <trkpt lat="42.205364" lon="9.025251"><ele>2037.7</ele></trkpt>
      <trkpt lat="42.205192" lon="9.025117"><ele>2037.7</ele></trkpt>
      <trkpt lat="42.205095" lon="9.025011"><ele>2036.7</ele></trkpt>
      <trkpt lat="42.204942" lon="9.024824"><ele>2035.1</ele></trkpt>
      <trkpt lat="42.204852" lon="9.024720"><ele>2034.6</ele></trkpt>
      <trkpt lat="42.204790" lon="9.024712"><ele>2037.2</ele></trkpt>
      <trkpt lat="42.204770" lon="9.024702"><ele>2037.6</ele></trkpt>
      <trkpt lat="42.204751" lon="9.024664"><ele>2036.8</ele></trkpt>
      <trkpt lat="42.204615" lon="9.024628"><ele>2041.6</ele></trkpt>
      <trkpt lat="42.204582" lon="9.024617"><ele>2042.7</ele></trkpt>
      <trkpt lat="42.204531" lon="9.024460"><ele>2038.3</ele></trkpt>
      <trkpt lat="42.204442" lon="9.024359"><ele>2038.3</ele></trkpt>
      <trkpt lat="42.204438" lon="9.024317"><ele>2036.7</ele></trkpt>
      <trkpt lat="42.204357" lon="9.024253"><ele>2037.6</ele></trkpt>
      <trkpt lat="42.204239" lon="9.024063"><ele>2034.5</ele></trkpt>
      <trkpt lat="42.204140" lon="9.023936"><ele>2032.8</ele></trkpt>
      <trkpt lat="42.204093" lon="9.023814"><ele>2029.9</ele></trkpt>
      <trkpt lat="42.203957" lon="9.023696"><ele>2029.8</ele></trkpt>
      <trkpt lat="42.203703" lon="9.023516"><ele>2030.9</ele></trkpt>
      <trkpt lat="42.203613" lon="9.023416"><ele>2030.5</ele></trkpt>
      <trkpt lat="42.203596" lon="9.023157"><ele>2025.2</ele></trkpt>
      <trkpt lat="42.203674" lon="9.023091"><ele>2021.8</ele></trkpt>
      <trkpt lat="42.203617" lon="9.023059"><ele>2022.7</ele></trkpt>
      <trkpt lat="42.203565" lon="9.022981"><ele>2022.5</ele></trkpt>
      <trkpt lat="42.203560" lon="9.022811"><ele>2019.5</ele></trkpt>
      <trkpt lat="42.203540" lon="9.022756"><ele>2019.1</ele></trkpt>
      <trkpt lat="42.203411" lon="9.022649"><ele>2020.4</ele></trkpt>
      <trkpt lat="42.203375" lon="9.022565"><ele>2020.0</ele></trkpt>
      <trkpt lat="42.203328" lon="9.022491"><ele>2019.9</ele></trkpt>
      <trkpt lat="42.203307" lon="9.022417"><ele>2019.3</ele></trkpt>
      <trkpt lat="42.203263" lon="9.022392"><ele>2019.8</ele></trkpt>
      <trkpt lat="42.203248" lon="9.022339"><ele>2019.4</ele></trkpt>
      <trkpt lat="42.203191" lon="9.022322"><ele>2020.1</ele></trkpt>
      <trkpt lat="42.203185" lon="9.022165"><ele>2018.5</ele></trkpt>
      <trkpt lat="42.203137" lon="9.022105"><ele>2018.6</ele></trkpt>
      <trkpt lat="42.203118" lon="9.022015"><ele>2017.8</ele></trkpt>
      <trkpt lat="42.203046" lon="9.021966"><ele>2018.2</ele></trkpt>
      <trkpt lat="42.203044" lon="9.021865"><ele>2017.1</ele></trkpt>
      <trkpt lat="42.203105" lon="9.021769"><ele>2015.0</ele></trkpt>
      <trkpt lat="42.203226" lon="9.021698"><ele>2012.0</ele></trkpt>
      <trkpt lat="42.203445" lon="9.021557"><ele>2006.7</ele></trkpt>
      <trkpt lat="42.203556" lon="9.021497"><ele>2004.2</ele></trkpt>
      <trkpt lat="42.203656" lon="9.021305"><ele>2000.7</ele></trkpt>
      <trkpt lat="42.203777" lon="9.021254"><ele>1998.5</ele></trkpt>
      <trkpt lat="42.203854" lon="9.021100"><ele>1996.5</ele></trkpt>
      <trkpt lat="42.203851" lon="9.021040"><ele>1996.3</ele></trkpt>
      <trkpt lat="42.203852" lon="9.020985"><ele>1996.0</ele></trkpt>
      <trkpt lat="42.203896" lon="9.020901"><ele>1995.6</ele></trkpt>
      <trkpt lat="42.203895" lon="9.020858"><ele>1995.5</ele></trkpt>
      <trkpt lat="42.203914" lon="9.020780"><ele>1995.6</ele></trkpt>
      <trkpt lat="42.203937" lon="9.020658"><ele>1995.9</ele></trkpt>
      <trkpt lat="42.204027" lon="9.020530"><ele>1997.1</ele></trkpt>
      <trkpt lat="42.203997" lon="9.020463"><ele>1997.2</ele></trkpt>
      <trkpt lat="42.204004" lon="9.020430"><ele>1997.4</ele></trkpt>
      <trkpt lat="42.204051" lon="9.020349"><ele>1998.5</ele></trkpt>
      <trkpt lat="42.204037" lon="9.020330"><ele>1998.5</ele></trkpt>
      <trkpt lat="42.204117" lon="9.020121"><ele>2001.4</ele></trkpt>
      <trkpt lat="42.204198" lon="9.019993"><ele>2003.9</ele></trkpt>
      <trkpt lat="42.204223" lon="9.019926"><ele>2004.9</ele></trkpt>
      <trkpt lat="42.204230" lon="9.019852"><ele>2005.6</ele></trkpt>
      <trkpt lat="42.204218" lon="9.019767"><ele>2006.0</ele></trkpt>
      <trkpt lat="42.204338" lon="9.019582"><ele>2007.2</ele></trkpt>
      <trkpt lat="42.204387" lon="9.019516"><ele>2007.0</ele></trkpt>
      <trkpt lat="42.204386" lon="9.019445"><ele>2007.1</ele></trkpt>
      <trkpt lat="42.204464" lon="9.019280"><ele>2007.0</ele></trkpt>
      <trkpt lat="42.204461" lon="9.019210"><ele>2007.2</ele></trkpt>
      <trkpt lat="42.204515" lon="9.018938"><ele>2008.0</ele></trkpt>
      <trkpt lat="42.204548" lon="9.018877"><ele>2008.1</ele></trkpt>
      <trkpt lat="42.204583" lon="9.018673"><ele>2007.9</ele></trkpt>
      <trkpt lat="42.204604" lon="9.018641"><ele>2007.7</ele></trkpt>
      <trkpt lat="42.204604" lon="9.018596"><ele>2007.5</ele></trkpt>
      <trkpt lat="42.204685" lon="9.018451"><ele>2006.4</ele></trkpt>
      <trkpt lat="42.204731" lon="9.018301"><ele>2005.5</ele></trkpt>
      <trkpt lat="42.204863" lon="9.018239"><ele>2004.8</ele></trkpt>
      <trkpt lat="42.204887" lon="9.018172"><ele>2004.8</ele></trkpt>
      <trkpt lat="42.204941" lon="9.017970"><ele>2005.5</ele></trkpt>
      <trkpt lat="42.204986" lon="9.017906"><ele>2005.8</ele></trkpt>
      <trkpt lat="42.205019" lon="9.017899"><ele>2005.9</ele></trkpt>
      <trkpt lat="42.205081" lon="9.017791"><ele>2006.5</ele></trkpt>
      <trkpt lat="42.205085" lon="9.017749"><ele>2006.6</ele></trkpt>
      <trkpt lat="42.205182" lon="9.017611"><ele>2007.5</ele></trkpt>
      <trkpt lat="42.205231" lon="9.017518"><ele>2008.0</ele></trkpt>
      <trkpt lat="42.205224" lon="9.017456"><ele>2007.7</ele></trkpt>
      <trkpt lat="42.205331" lon="9.017404"><ele>2008.8</ele></trkpt>
      <trkpt lat="42.205367" lon="9.017305"><ele>2008.8</ele></trkpt>
      <trkpt lat="42.205505" lon="9.017189"><ele>2010.2</ele></trkpt>
      <trkpt lat="42.205550" lon="9.017113"><ele>2010.6</ele></trkpt>
      <trkpt lat="42.205578" lon="9.016931"><ele>2010.1</ele></trkpt>
      <trkpt lat="42.205569" lon="9.016802"><ele>2008.9</ele></trkpt>
      <trkpt lat="42.205593" lon="9.016753"><ele>2009.0</ele></trkpt>
      <trkpt lat="42.205756" lon="9.016684"><ele>2011.9</ele></trkpt>
      <trkpt lat="42.205885" lon="9.016566"><ele>2013.5</ele></trkpt>
      <trkpt lat="42.205942" lon="9.016403"><ele>2013.6</ele></trkpt>
      <trkpt lat="42.206003" lon="9.016349"><ele>2014.3</ele></trkpt>
      <trkpt lat="42.206046" lon="9.016340"><ele>2014.9</ele></trkpt>
      <trkpt lat="42.206060" lon="9.016307"><ele>2015.0</ele></trkpt>
      <trkpt lat="42.206094" lon="9.016144"><ele>2014.6</ele></trkpt>
      <trkpt lat="42.206092" lon="9.016098"><ele>2014.1</ele></trkpt>
      <trkpt lat="42.206105" lon="9.016031"><ele>2013.7</ele></trkpt>
      <trkpt lat="42.206139" lon="9.016016"><ele>2014.2</ele></trkpt>
      <trkpt lat="42.206179" lon="9.015943"><ele>2014.2</ele></trkpt>
      <trkpt lat="42.206363" lon="9.015889"><ele>2017.5</ele></trkpt>
      <trkpt lat="42.206411" lon="9.015900"><ele>2018.5</ele></trkpt>
      <trkpt lat="42.206460" lon="9.015876"><ele>2019.3</ele></trkpt>
      <trkpt lat="42.206488" lon="9.015899"><ele>2019.9</ele></trkpt>
      <trkpt lat="42.206509" lon="9.015896"><ele>2020.2</ele></trkpt>
      <trkpt lat="42.206528" lon="9.015857"><ele>2020.5</ele></trkpt>
      <trkpt lat="42.206602" lon="9.015810"><ele>2021.8</ele></trkpt>
      <trkpt lat="42.206651" lon="9.015769"><ele>2022.8</ele></trkpt>
      <trkpt lat="42.206682" lon="9.015715"><ele>2023.6</ele></trkpt>
      <trkpt lat="42.206767" lon="9.015649"><ele>2025.7</ele></trkpt>
      <trkpt lat="42.206779" lon="9.015572"><ele>2026.4</ele></trkpt>
      <trkpt lat="42.206807" lon="9.015517"><ele>2027.5</ele></trkpt>
      <trkpt lat="42.206859" lon="9.015495"><ele>2029.0</ele></trkpt>
      <trkpt lat="42.206870" lon="9.015456"><ele>2029.6</ele></trkpt>
      <trkpt lat="42.206927" lon="9.015401"><ele>2031.5</ele></trkpt>
      <trkpt lat="42.207012" lon="9.015270"><ele>2034.9</ele></trkpt>
      <trkpt lat="42.207143" lon="9.015126"><ele>2039.3</ele></trkpt>
      <trkpt lat="42.207136" lon="9.015096"><ele>2039.3</ele></trkpt>
      <trkpt lat="42.207146" lon="9.015060"><ele>2039.8</ele></trkpt>
      <trkpt lat="42.207172" lon="9.015078"><ele>2040.4</ele></trkpt>
      <trkpt lat="42.207215" lon="9.015059"><ele>2041.6</ele></trkpt>
      <trkpt lat="42.207225" lon="9.015030"><ele>2042.0</ele></trkpt>
      <trkpt lat="42.207257" lon="9.014955"><ele>2043.3</ele></trkpt>
      <trkpt lat="42.207329" lon="9.014845"><ele>2046.2</ele></trkpt>
      <trkpt lat="42.207420" lon="9.014799"><ele>2049.6</ele></trkpt>
      <trkpt lat="42.207440" lon="9.014688"><ele>2051.7</ele></trkpt>
      <trkpt lat="42.207467" lon="9.014499"><ele>2054.7</ele></trkpt>
      <trkpt lat="42.207506" lon="9.014467"><ele>2056.5</ele></trkpt>
      <trkpt lat="42.207507" lon="9.014436"><ele>2056.8</ele></trkpt>
      <trkpt lat="42.207587" lon="9.014345"><ele>2060.5</ele></trkpt>
      <trkpt lat="42.207678" lon="9.014261"><ele>2063.8</ele></trkpt>
      <trkpt lat="42.207743" lon="9.014139"><ele>2065.6</ele></trkpt>
      <trkpt lat="42.207768" lon="9.014047"><ele>2065.6</ele></trkpt>
      <trkpt lat="42.207805" lon="9.013978"><ele>2065.9</ele></trkpt>
      <trkpt lat="42.207847" lon="9.013816"><ele>2066.0</ele></trkpt>
      <trkpt lat="42.207875" lon="9.013785"><ele>2066.5</ele></trkpt>
      <trkpt lat="42.207867" lon="9.013756"><ele>2066.2</ele></trkpt>
      <trkpt lat="42.207918" lon="9.013673"><ele>2067.1</ele></trkpt>
      <trkpt lat="42.207945" lon="9.013655"><ele>2067.6</ele></trkpt>
      <trkpt lat="42.207954" lon="9.013581"><ele>2067.9</ele></trkpt>
      <trkpt lat="42.208006" lon="9.013503"><ele>2069.2</ele></trkpt>
      <trkpt lat="42.208024" lon="9.013411"><ele>2070.0</ele></trkpt>
      <trkpt lat="42.208065" lon="9.013326"><ele>2071.1</ele></trkpt>
      <trkpt lat="42.208101" lon="9.013281"><ele>2071.6</ele></trkpt>
      <trkpt lat="42.208075" lon="9.013218"><ele>2071.5</ele></trkpt>
      <trkpt lat="42.208110" lon="9.013156"><ele>2072.0</ele></trkpt>
      <trkpt lat="42.208092" lon="9.013138"><ele>2071.9</ele></trkpt>
      <trkpt lat="42.208102" lon="9.013093"><ele>2072.0</ele></trkpt>
      <trkpt lat="42.208090" lon="9.013052"><ele>2072.0</ele></trkpt>
      <trkpt lat="42.208128" lon="9.012952"><ele>2072.1</ele></trkpt>
      <trkpt lat="42.208119" lon="9.012851"><ele>2071.7</ele></trkpt>
      <trkpt lat="42.208149" lon="9.012692"><ele>2071.1</ele></trkpt>
      <trkpt lat="42.208066" lon="9.012592"><ele>2070.8</ele></trkpt>
      <trkpt lat="42.208012" lon="9.012551"><ele>2070.6</ele></trkpt>
      <trkpt lat="42.208047" lon="9.012470"><ele>2070.8</ele></trkpt>
      <trkpt lat="42.208109" lon="9.012396"><ele>2071.1</ele></trkpt>
      <trkpt lat="42.208165" lon="9.012258"><ele>2071.5</ele></trkpt>
      <trkpt lat="42.208170" lon="9.012159"><ele>2071.9</ele></trkpt>
      <trkpt lat="42.208187" lon="9.012012"><ele>2072.5</ele></trkpt>
      <trkpt lat="42.208209" lon="9.011729"><ele>2073.9</ele></trkpt>
      <trkpt lat="42.208311" lon="9.011585"><ele>2073.5</ele></trkpt>
      <trkpt lat="42.208313" lon="9.011517"><ele>2074.0</ele></trkpt>
      <trkpt lat="42.208356" lon="9.011464"><ele>2073.3</ele></trkpt>
      <trkpt lat="42.208405" lon="9.011475"><ele>2071.4</ele></trkpt>
      <trkpt lat="42.208500" lon="9.011258"><ele>2069.9</ele></trkpt>
      <trkpt lat="42.208491" lon="9.011105"><ele>2072.4</ele></trkpt>
      <trkpt lat="42.208528" lon="9.011016"><ele>2072.4</ele></trkpt>
      <trkpt lat="42.208526" lon="9.010945"><ele>2073.8</ele></trkpt>
      <trkpt lat="42.208474" lon="9.010406"><ele>2086.1</ele></trkpt>
      <trkpt lat="42.208503" lon="9.010245"><ele>2089.4</ele></trkpt>
      <trkpt lat="42.208564" lon="9.010097"><ele>2092.5</ele></trkpt>
      <trkpt lat="42.208569" lon="9.009980"><ele>2096.5</ele></trkpt>
      <trkpt lat="42.208593" lon="9.009861"><ele>2100.8</ele></trkpt>
      <trkpt lat="42.208576" lon="9.009614"><ele>2111.4</ele></trkpt>
      <trkpt lat="42.208736" lon="9.009420"><ele>2118.6</ele></trkpt>
      <trkpt lat="42.208807" lon="9.009084"><ele>2131.7</ele></trkpt>
      <trkpt lat="42.208997" lon="9.008759"><ele>2143.2</ele></trkpt>
      <trkpt lat="42.209050" lon="9.008525"><ele>2153.3</ele></trkpt>
      <trkpt lat="42.209086" lon="9.008385"><ele>2160.3</ele></trkpt>
      <trkpt lat="42.209224" lon="9.008153"><ele>2172.5</ele></trkpt>
      <trkpt lat="42.209230" lon="9.007958"><ele>2183.4</ele></trkpt>
      <trkpt lat="42.209741" lon="9.007458"><ele>2199.8</ele></trkpt>
      <trkpt lat="42.209860" lon="9.007191"><ele>2207.1</ele></trkpt>
      <trkpt lat="42.210040" lon="9.007049"><ele>2206.9</ele></trkpt>
      <trkpt lat="42.210298" lon="9.006909"><ele>2205.1</ele></trkpt>
      <trkpt lat="42.210865" lon="9.006806"><ele>2202.6</ele></trkpt>
      <trkpt lat="42.211386" lon="9.006328"><ele>2210.2</ele></trkpt>
      <trkpt lat="42.211544" lon="9.006063"><ele>2211.2</ele></trkpt>
      <trkpt lat="42.211595" lon="9.005905"><ele>2210.4</ele></trkpt>
      <trkpt lat="42.211604" lon="9.005335"><ele>2199.2</ele></trkpt>
      <trkpt lat="42.211810" lon="9.004618"><ele>2175.5</ele></trkpt>
      <trkpt lat="42.211931" lon="9.004402"><ele>2167.7</ele></trkpt>
      <trkpt lat="42.211943" lon="9.004276"><ele>2162.4</ele></trkpt>
      <trkpt lat="42.211807" lon="9.004118"><ele>2154.1</ele></trkpt>
      <trkpt lat="42.211804" lon="9.003923"><ele>2145.2</ele></trkpt>
      <trkpt lat="42.211678" lon="9.003862"><ele>2142.0</ele></trkpt>
      <trkpt lat="42.211855" lon="9.003562"><ele>2129.2</ele></trkpt>
      <trkpt lat="42.211817" lon="9.003497"><ele>2126.0</ele></trkpt>
      <trkpt lat="42.211701" lon="9.003466"><ele>2124.2</ele></trkpt>
      <trkpt lat="42.211700" lon="9.003330"><ele>2118.4</ele></trkpt>
      <trkpt lat="42.211760" lon="9.003174"><ele>2111.6</ele></trkpt>
      <trkpt lat="42.212169" lon="9.002604"><ele>2089.7</ele></trkpt>
      <trkpt lat="42.212160" lon="9.002482"><ele>2084.8</ele></trkpt>
      <trkpt lat="42.212309" lon="9.002293"><ele>2082.1</ele></trkpt>
      <trkpt lat="42.212307" lon="9.002049"><ele>2073.7</ele></trkpt>
      <trkpt lat="42.212409" lon="9.001754"><ele>2069.9</ele></trkpt>
      <trkpt lat="42.212321" lon="9.001607"><ele>2061.9</ele></trkpt>
      <trkpt lat="42.212344" lon="9.001217"><ele>2053.9</ele></trkpt>
      <trkpt lat="42.212411" lon="9.000650"><ele>2046.9</ele></trkpt>
      <trkpt lat="42.212381" lon="9.000426"><ele>2041.4</ele></trkpt>
      <trkpt lat="42.212400" lon="9.000200"><ele>2039.2</ele></trkpt>
      <trkpt lat="42.212372" lon="8.999823"><ele>2032.2</ele></trkpt>
      <trkpt lat="42.212224" lon="8.999708"><ele>2020.6</ele></trkpt>
      <trkpt lat="42.212119" lon="8.999375"><ele>2010.1</ele></trkpt>
      <trkpt lat="42.211997" lon="8.999285"><ele>2001.5</ele></trkpt>
      <trkpt lat="42.211905" lon="8.999171"><ele>1995.1</ele></trkpt>
      <trkpt lat="42.211884" lon="8.998999"><ele>1991.3</ele></trkpt>
      <trkpt lat="42.211786" lon="8.998829"><ele>1981.2</ele></trkpt>
      <trkpt lat="42.211729" lon="8.998828"><ele>1979.6</ele></trkpt>
      <trkpt lat="42.211612" lon="8.998826"><ele>1980.3</ele></trkpt>
      <trkpt lat="42.211528" lon="8.998718"><ele>1979.9</ele></trkpt>
      <trkpt lat="42.211546" lon="8.998306"><ele>1976.8</ele></trkpt>
      <trkpt lat="42.211392" lon="8.997929"><ele>1972.9</ele></trkpt>
      <trkpt lat="42.211458" lon="8.997621"><ele>1971.2</ele></trkpt>
      <trkpt lat="42.211438" lon="8.997308"><ele>1968.0</ele></trkpt>
      <trkpt lat="42.211660" lon="8.996800"><ele>1969.5</ele></trkpt>
      <trkpt lat="42.211722" lon="8.996711"><ele>1971.4</ele></trkpt>
      <trkpt lat="42.211760" lon="8.996326"><ele>1972.3</ele></trkpt>
      <trkpt lat="42.211522" lon="8.995228"><ele>1964.1</ele></trkpt>
      <trkpt lat="42.211207" lon="8.994376"><ele>1945.9</ele></trkpt>
      <trkpt lat="42.211226" lon="8.994125"><ele>1942.0</ele></trkpt>
      <trkpt lat="42.211055" lon="8.993586"><ele>1921.3</ele></trkpt>
      <trkpt lat="42.210907" lon="8.993295"><ele>1901.7</ele></trkpt>
      <trkpt lat="42.210881" lon="8.992585"><ele>1899.3</ele></trkpt>
      <trkpt lat="42.210806" lon="8.992130"><ele>1888.8</ele></trkpt>
      <trkpt lat="42.210677" lon="8.991837"><ele>1880.1</ele></trkpt>
      <trkpt lat="42.210725" lon="8.991496"><ele>1873.3</ele></trkpt>
      <trkpt lat="42.211071" lon="8.990524"><ele>1852.4</ele></trkpt>
      <trkpt lat="42.211005" lon="8.989531"><ele>1820.0</ele></trkpt>
      <trkpt lat="42.210868" lon="8.989285"><ele>1807.9</ele></trkpt>
      <trkpt lat="42.211004" lon="8.988938"><ele>1801.0</ele></trkpt>
      <trkpt lat="42.211291" lon="8.988757"><ele>1802.7</ele></trkpt>
      <trkpt lat="42.211353" lon="8.988318"><ele>1795.3</ele></trkpt>
      <trkpt lat="42.212274" lon="8.987586"><ele>1788.6</ele></trkpt>
      <trkpt lat="42.212382" lon="8.987297"><ele>1784.8</ele></trkpt>
      <trkpt lat="42.212429" lon="8.986864"><ele>1780.1</ele></trkpt>
      <trkpt lat="42.212512" lon="8.986622"><ele>1779.6</ele></trkpt>
      <trkpt lat="42.212938" lon="8.985844"><ele>1777.0</ele></trkpt>
      <trkpt lat="42.213150" lon="8.985654"><ele>1775.4</ele></trkpt>
      <trkpt lat="42.213274" lon="8.985353"><ele>1772.1</ele></trkpt>
      <trkpt lat="42.213237" lon="8.985057"><ele>1770.3</ele></trkpt>
      <trkpt lat="42.213587" lon="8.984876"><ele>1762.8</ele></trkpt>
      <trkpt lat="42.213802" lon="8.984623"><ele>1754.4</ele></trkpt>
      <trkpt lat="42.213910" lon="8.984443"><ele>1748.2</ele></trkpt>
      <trkpt lat="42.214077" lon="8.984360"><ele>1741.4</ele></trkpt>
      <trkpt lat="42.214170" lon="8.984273"><ele>1736.6</ele></trkpt>
      <trkpt lat="42.214452" lon="8.984200"><ele>1723.3</ele></trkpt>
      <trkpt lat="42.214556" lon="8.984137"><ele>1716.3</ele></trkpt>
      <trkpt lat="42.214813" lon="8.984226"><ele>1711.1</ele></trkpt>
      <trkpt lat="42.214935" lon="8.984076"><ele>1701.7</ele></trkpt>
      <trkpt lat="42.215088" lon="8.984049"><ele>1696.4</ele></trkpt>
      <trkpt lat="42.215193" lon="8.984153"><ele>1696.5</ele></trkpt>
      <trkpt lat="42.215332" lon="8.984070"><ele>1690.0</ele></trkpt>
      <trkpt lat="42.215532" lon="8.984083"><ele>1684.2</ele></trkpt>
      <trkpt lat="42.215770" lon="8.983885"><ele>1671.9</ele></trkpt>
      <trkpt lat="42.215961" lon="8.983671"><ele>1663.5</ele></trkpt>
      <trkpt lat="42.216167" lon="8.983592"><ele>1658.4</ele></trkpt>
      <trkpt lat="42.216641" lon="8.983513"><ele>1652.1</ele></trkpt>
      <trkpt lat="42.217088" lon="8.983109"><ele>1642.2</ele></trkpt>
      <trkpt lat="42.217967" lon="8.982558"><ele>1633.5</ele></trkpt>
      <trkpt lat="42.218365" lon="8.982463"><ele>1630.0</ele></trkpt>
      <trkpt lat="42.218611" lon="8.982174"><ele>1623.7</ele></trkpt>
      <trkpt lat="42.218837" lon="8.982107"><ele>1617.9</ele></trkpt>
      <trkpt lat="42.218999" lon="8.982011"><ele>1611.7</ele></trkpt>
      <trkpt lat="42.219402" lon="8.981825"><ele>1599.0</ele></trkpt>
      <trkpt lat="42.219721" lon="8.981604"><ele>1599.4</ele></trkpt>
      <trkpt lat="42.219682" lon="8.981487"><ele>1596.0</ele></trkpt>
      <trkpt lat="42.219665" lon="8.981456"><ele>1595.4</ele></trkpt>
      <trkpt lat="42.219642" lon="8.981410"><ele>1594.9</ele></trkpt>
      <trkpt lat="42.219625" lon="8.981323"><ele>1594.9</ele></trkpt>
      <trkpt lat="42.219598" lon="8.981239"><ele>1595.5</ele></trkpt>
      <trkpt lat="42.219639" lon="8.981192"><ele>1595.4</ele></trkpt>
      <trkpt lat="42.219660" lon="8.980977"><ele>1595.1</ele></trkpt>
      <trkpt lat="42.219754" lon="8.980842"><ele>1593.5</ele></trkpt>
      <trkpt lat="42.219821" lon="8.980712"><ele>1591.7</ele></trkpt>
      <trkpt lat="42.219823" lon="8.980611"><ele>1590.5</ele></trkpt>
      <trkpt lat="42.219848" lon="8.980574"><ele>1589.8</ele></trkpt>
      <trkpt lat="42.219879" lon="8.980557"><ele>1589.3</ele></trkpt>
      <trkpt lat="42.219891" lon="8.980346"><ele>1586.9</ele></trkpt>
      <trkpt lat="42.220001" lon="8.980436"><ele>1586.5</ele></trkpt>
      <trkpt lat="42.220104" lon="8.980623"><ele>1587.6</ele></trkpt>
      <trkpt lat="42.220224" lon="8.980683"><ele>1587.2</ele></trkpt>
      <trkpt lat="42.220260" lon="8.980731"><ele>1587.8</ele></trkpt>
      <trkpt lat="42.220296" lon="8.980809"><ele>1589.0</ele></trkpt>
    <trkpt lat="42.220304" lon="8.980823"><ele>1589.3</ele></trkpt>
      <trkpt lat="42.220324" lon="8.980837"><ele>1589.6</ele></trkpt>
      <trkpt lat="42.220343" lon="8.980838"><ele>1589.6</ele></trkpt>
      <trkpt lat="42.220387" lon="8.980849"><ele>1589.9</ele></trkpt>
      <trkpt lat="42.220576" lon="8.980568"><ele>1584.3</ele></trkpt>
      <trkpt lat="42.220757" lon="8.980374"><ele>1580.2</ele></trkpt>
      <trkpt lat="42.220852" lon="8.980322"><ele>1579.2</ele></trkpt>
      <trkpt lat="42.221089" lon="8.980266"><ele>1578.9</ele></trkpt>
      <trkpt lat="42.221152" lon="8.980222"><ele>1578.1</ele></trkpt>
      <trkpt lat="42.221346" lon="8.980084"><ele>1575.5</ele></trkpt>
      <trkpt lat="42.221507" lon="8.979960"><ele>1573.0</ele></trkpt>
      <trkpt lat="42.221770" lon="8.979889"><ele>1573.3</ele></trkpt>
      <trkpt lat="42.222332" lon="8.979710"><ele>1570.0</ele></trkpt>
      <trkpt lat="42.222639" lon="8.979681"><ele>1570.2</ele></trkpt>
      <trkpt lat="42.222881" lon="8.979590"><ele>1568.4</ele></trkpt>
      <trkpt lat="42.223843" lon="8.979718"><ele>1582.4</ele></trkpt>
      <trkpt lat="42.224041" lon="8.979829"><ele>1586.7</ele></trkpt>
      <trkpt lat="42.224239" lon="8.979611"><ele>1581.8</ele></trkpt>
      <trkpt lat="42.224396" lon="8.979533"><ele>1580.5</ele></trkpt>
      <trkpt lat="42.224663" lon="8.979481"><ele>1580.4</ele></trkpt>
      <trkpt lat="42.225060" lon="8.979236"><ele>1575.9</ele></trkpt>
      <trkpt lat="42.225276" lon="8.979148"><ele>1574.9</ele></trkpt>
      <trkpt lat="42.225425" lon="8.979155"><ele>1575.1</ele></trkpt>
      <trkpt lat="42.225525" lon="8.979097"><ele>1574.5</ele></trkpt>
      <trkpt lat="42.225615" lon="8.979046"><ele>1574.0</ele></trkpt>
      <trkpt lat="42.225905" lon="8.978834"><ele>1571.7</ele></trkpt>
      <trkpt lat="42.225930" lon="8.978806"><ele>1571.4</ele></trkpt>
      <trkpt lat="42.226142" lon="8.978565"><ele>1569.7</ele></trkpt>
      <trkpt lat="42.226236" lon="8.978550"><ele>1568.9</ele></trkpt>
      <trkpt lat="42.226359" lon="8.978531"><ele>1567.7</ele></trkpt>
      <trkpt lat="42.226476" lon="8.978505"><ele>1566.5</ele></trkpt>
      <trkpt lat="42.226637" lon="8.978508"><ele>1564.8</ele></trkpt>
      <trkpt lat="42.226809" lon="8.978326"><ele>1563.2</ele></trkpt>
      <trkpt lat="42.226997" lon="8.978261"><ele>1561.0</ele></trkpt>
      <trkpt lat="42.227104" lon="8.978213"><ele>1559.8</ele></trkpt>
      <trkpt lat="42.227168" lon="8.978088"><ele>1559.6</ele></trkpt>
      <trkpt lat="42.227295" lon="8.978020"><ele>1558.2</ele></trkpt>
      <trkpt lat="42.227437" lon="8.977985"><ele>1556.7</ele></trkpt>
      <trkpt lat="42.227578" lon="8.977906"><ele>1555.7</ele></trkpt>
      <trkpt lat="42.227742" lon="8.977873"><ele>1554.0</ele></trkpt>
      <trkpt lat="42.227922" lon="8.977812"><ele>1552.2</ele></trkpt>
      <trkpt lat="42.228110" lon="8.977802"><ele>1549.9</ele></trkpt>
      <trkpt lat="42.228489" lon="8.977836"><ele>1546.1</ele></trkpt>
      <trkpt lat="42.229355" lon="8.977679"><ele>1543.9</ele></trkpt>
      <trkpt lat="42.230214" lon="8.977772"><ele>1542.6</ele></trkpt>
      <trkpt lat="42.230709" lon="8.977492"><ele>1544.4</ele></trkpt>
      <trkpt lat="42.230887" lon="8.977350"><ele>1545.1</ele></trkpt>
      <trkpt lat="42.231353" lon="8.977187"><ele>1542.4</ele></trkpt>
      <trkpt lat="42.232328" lon="8.976405"><ele>1539.4</ele></trkpt>
      <trkpt lat="42.233426" lon="8.976121"><ele>1541.3</ele></trkpt>
      <trkpt lat="42.233579" lon="8.976061"><ele>1541.6</ele></trkpt>
      <trkpt lat="42.233916" lon="8.975841"><ele>1542.6</ele></trkpt>
      <trkpt lat="42.234208" lon="8.975725"><ele>1543.0</ele></trkpt>
      <trkpt lat="42.234519" lon="8.975522"><ele>1544.4</ele></trkpt>
      <trkpt lat="42.234915" lon="8.975358"><ele>1549.3</ele></trkpt>
      <trkpt lat="42.234991" lon="8.975308"><ele>1550.8</ele></trkpt>
      <trkpt lat="42.235137" lon="8.975105"><ele>1555.2</ele></trkpt>
      <trkpt lat="42.235232" lon="8.975051"><ele>1557.6</ele></trkpt>
      <trkpt lat="42.235330" lon="8.975036"><ele>1559.7</ele></trkpt>
      <trkpt lat="42.235471" lon="8.974898"><ele>1564.2</ele></trkpt>
      <trkpt lat="42.235669" lon="8.974754"><ele>1570.2</ele></trkpt>
      <trkpt lat="42.235796" lon="8.974705"><ele>1573.2</ele></trkpt>
      <trkpt lat="42.235884" lon="8.974759"><ele>1574.5</ele></trkpt>
      <trkpt lat="42.236005" lon="8.974765"><ele>1576.5</ele></trkpt>
      <trkpt lat="42.236079" lon="8.974772"><ele>1577.6</ele></trkpt>
      <trkpt lat="42.236162" lon="8.974754"><ele>1578.9</ele></trkpt>
      <trkpt lat="42.236220" lon="8.974658"><ele>1580.6</ele></trkpt>
      <trkpt lat="42.236253" lon="8.974647"><ele>1581.2</ele></trkpt>
      <trkpt lat="42.236319" lon="8.974592"><ele>1582.6</ele></trkpt>
      <trkpt lat="42.236449" lon="8.974425"><ele>1585.9</ele></trkpt>
      <trkpt lat="42.236675" lon="8.974372"><ele>1589.0</ele></trkpt>
      <trkpt lat="42.236797" lon="8.974343"><ele>1590.5</ele></trkpt>
      <trkpt lat="42.236929" lon="8.974304"><ele>1592.7</ele></trkpt>
      <trkpt lat="42.237050" lon="8.974326"><ele>1594.2</ele></trkpt>
      <trkpt lat="42.237124" lon="8.974394"><ele>1594.2</ele></trkpt>
      <trkpt lat="42.237191" lon="8.974552"><ele>1593.2</ele></trkpt>
      <trkpt lat="42.237240" lon="8.974669"><ele>1592.2</ele></trkpt>
      <trkpt lat="42.237334" lon="8.974695"><ele>1592.4</ele></trkpt>
      <trkpt lat="42.237642" lon="8.974394"><ele>1596.9</ele></trkpt>
      <trkpt lat="42.237797" lon="8.974275"><ele>1598.0</ele></trkpt>
      <trkpt lat="42.238048" lon="8.974134"><ele>1597.7</ele></trkpt>
      <trkpt lat="42.238244" lon="8.973945"><ele>1598.1</ele></trkpt>
      <trkpt lat="42.238367" lon="8.973853"><ele>1597.8</ele></trkpt>
      <trkpt lat="42.238818" lon="8.973574"><ele>1596.4</ele></trkpt>
      <trkpt lat="42.239285" lon="8.973089"><ele>1599.6</ele></trkpt>
      <trkpt lat="42.239322" lon="8.973018"><ele>1600.4</ele></trkpt>
      <trkpt lat="42.239548" lon="8.972930"><ele>1598.9</ele></trkpt>
      <trkpt lat="42.239622" lon="8.972863"><ele>1598.8</ele></trkpt>
      <trkpt lat="42.240165" lon="8.972086"><ele>1601.2</ele></trkpt>
      <trkpt lat="42.240476" lon="8.971656"><ele>1602.9</ele></trkpt>
      <trkpt lat="42.240817" lon="8.971322"><ele>1602.8</ele></trkpt>
      <trkpt lat="42.241332" lon="8.970790"><ele>1602.2</ele></trkpt>
      <trkpt lat="42.241560" lon="8.970440"><ele>1603.2</ele></trkpt>
      <trkpt lat="42.241658" lon="8.970317"><ele>1603.2</ele></trkpt>
      <trkpt lat="42.241775" lon="8.970210"><ele>1602.5</ele></trkpt>
      <trkpt lat="42.241860" lon="8.970087"><ele>1602.4</ele></trkpt>
      <trkpt lat="42.241964" lon="8.969726"><ele>1604.5</ele></trkpt>
      <trkpt lat="42.242127" lon="8.969518"><ele>1603.1</ele></trkpt>
      <trkpt lat="42.242442" lon="8.968861"><ele>1603.2</ele></trkpt>
      <trkpt lat="42.242872" lon="8.968302"><ele>1600.2</ele></trkpt>
      <trkpt lat="42.242956" lon="8.968237"><ele>1599.1</ele></trkpt>
      <trkpt lat="42.243129" lon="8.968151"><ele>1596.8</ele></trkpt>
      <trkpt lat="42.243472" lon="8.967748"><ele>1595.9</ele></trkpt>
      <trkpt lat="42.243783" lon="8.967117"><ele>1597.2</ele></trkpt>
      <trkpt lat="42.243924" lon="8.966867"><ele>1597.9</ele></trkpt>
      <trkpt lat="42.244012" lon="8.966766"><ele>1598.5</ele></trkpt>
      <trkpt lat="42.244362" lon="8.966427"><ele>1599.6</ele></trkpt>
      <trkpt lat="42.244451" lon="8.966208"><ele>1600.7</ele></trkpt>
      <trkpt lat="42.244652" lon="8.965996"><ele>1601.4</ele></trkpt>
      <trkpt lat="42.244868" lon="8.965761"><ele>1601.8</ele></trkpt>
      <trkpt lat="42.245013" lon="8.965701"><ele>1601.9</ele></trkpt>
      <trkpt lat="42.245067" lon="8.965672"><ele>1601.9</ele></trkpt>
      <trkpt lat="42.245264" lon="8.965543"><ele>1602.7</ele></trkpt>
      <trkpt lat="42.245325" lon="8.965460"><ele>1603.2</ele></trkpt>
      <trkpt lat="42.245423" lon="8.965196"><ele>1605.0</ele></trkpt>
      <trkpt lat="42.245519" lon="8.964770"><ele>1607.4</ele></trkpt>
      <trkpt lat="42.245563" lon="8.964669"><ele>1607.5</ele></trkpt>
      <trkpt lat="42.245691" lon="8.964504"><ele>1608.0</ele></trkpt>
      <trkpt lat="42.245929" lon="8.964147"><ele>1610.1</ele></trkpt>
      <trkpt lat="42.246061" lon="8.963868"><ele>1611.4</ele></trkpt>
      <trkpt lat="42.246107" lon="8.963799"><ele>1611.8</ele></trkpt>
      <trkpt lat="42.246227" lon="8.963680"><ele>1612.2</ele></trkpt>
      <trkpt lat="42.246376" lon="8.963476"><ele>1612.3</ele></trkpt>
      <trkpt lat="42.246578" lon="8.963027"><ele>1616.2</ele></trkpt>
      <trkpt lat="42.246676" lon="8.962896"><ele>1618.8</ele></trkpt>
      <trkpt lat="42.247080" lon="8.962701"><ele>1626.3</ele></trkpt>
      <trkpt lat="42.247323" lon="8.962651"><ele>1627.6</ele></trkpt>
      <trkpt lat="42.247437" lon="8.962561"><ele>1629.5</ele></trkpt>
      <trkpt lat="42.247611" lon="8.962383"><ele>1635.3</ele></trkpt>
      <trkpt lat="42.247745" lon="8.962290"><ele>1639.3</ele></trkpt>
      <trkpt lat="42.247893" lon="8.962232"><ele>1643.0</ele></trkpt>
      <trkpt lat="42.247955" lon="8.962181"><ele>1644.8</ele></trkpt>
      <trkpt lat="42.248022" lon="8.962056"><ele>1646.9</ele></trkpt>
      <trkpt lat="42.248175" lon="8.961956"><ele>1649.6</ele></trkpt>
      <trkpt lat="42.248322" lon="8.961768"><ele>1654.4</ele></trkpt>
      <trkpt lat="42.248562" lon="8.961851"><ele>1657.0</ele></trkpt>
      <trkpt lat="42.248693" lon="8.961812"><ele>1659.7</ele></trkpt>
      <trkpt lat="42.248841" lon="8.961781"><ele>1662.7</ele></trkpt>
      <trkpt lat="42.248958" lon="8.961824"><ele>1664.4</ele></trkpt>
      <trkpt lat="42.249142" lon="8.961940"><ele>1665.6</ele></trkpt>
      <trkpt lat="42.249202" lon="8.961948"><ele>1666.5</ele></trkpt>
      <trkpt lat="42.249367" lon="8.961912"><ele>1670.2</ele></trkpt>
      <trkpt lat="42.249462" lon="8.961959"><ele>1670.7</ele></trkpt>
      <trkpt lat="42.249599" lon="8.962126"><ele>1668.4</ele></trkpt>
      <trkpt lat="42.249664" lon="8.962157"><ele>1669.0</ele></trkpt>
      <trkpt lat="42.249942" lon="8.962163"><ele>1674.7</ele></trkpt>
      <trkpt lat="42.250082" lon="8.962136"><ele>1678.5</ele></trkpt>
      <trkpt lat="42.250223" lon="8.961988"><ele>1686.7</ele></trkpt>
      <trkpt lat="42.250778" lon="8.961592"><ele>1698.9</ele></trkpt>
      <trkpt lat="42.250878" lon="8.961459"><ele>1700.2</ele></trkpt>
      <trkpt lat="42.250969" lon="8.961256"><ele>1702.7</ele></trkpt>
      <trkpt lat="42.251080" lon="8.960913"><ele>1707.0</ele></trkpt>
      <trkpt lat="42.251347" lon="8.960512"><ele>1713.1</ele></trkpt>
      <trkpt lat="42.251430" lon="8.960319"><ele>1715.9</ele></trkpt>
      <trkpt lat="42.251456" lon="8.960248"><ele>1716.7</ele></trkpt>
      <trkpt lat="42.251658" lon="8.960160"><ele>1715.8</ele></trkpt>
      <trkpt lat="42.251827" lon="8.959988"><ele>1716.7</ele></trkpt>
      <trkpt lat="42.251938" lon="8.959885"><ele>1717.1</ele></trkpt>
      <trkpt lat="42.252467" lon="8.959320"><ele>1720.3</ele></trkpt>
      <trkpt lat="42.252552" lon="8.959206"><ele>1721.0</ele></trkpt>
      <trkpt lat="42.252633" lon="8.959128"><ele>1721.4</ele></trkpt>
      <trkpt lat="42.252761" lon="8.958820"><ele>1723.0</ele></trkpt>
      <trkpt lat="42.252944" lon="8.958423"><ele>1725.5</ele></trkpt>
      <trkpt lat="42.253034" lon="8.958323"><ele>1725.8</ele></trkpt>
      <trkpt lat="42.253290" lon="8.957968"><ele>1726.9</ele></trkpt>
      <trkpt lat="42.253550" lon="8.957672"><ele>1728.8</ele></trkpt>
      <trkpt lat="42.253693" lon="8.957580"><ele>1729.0</ele></trkpt>
      <trkpt lat="42.253842" lon="8.957542"><ele>1729.4</ele></trkpt>
      <trkpt lat="42.253955" lon="8.957458"><ele>1731.8</ele></trkpt>
      <trkpt lat="42.253962" lon="8.957672"><ele>1730.7</ele></trkpt>
      <trkpt lat="42.254104" lon="8.957660"><ele>1734.1</ele></trkpt>
      <trkpt lat="42.254288" lon="8.957692"><ele>1738.3</ele></trkpt>
      <trkpt lat="42.254432" lon="8.957665"><ele>1740.0</ele></trkpt>
      <trkpt lat="42.254550" lon="8.957656"><ele>1741.3</ele></trkpt>
      <trkpt lat="42.254612" lon="8.957655"><ele>1742.0</ele></trkpt>
      <trkpt lat="42.254670" lon="8.957693"><ele>1742.5</ele></trkpt>
      <trkpt lat="42.254687" lon="8.957701"><ele>1742.6</ele></trkpt>
      <trkpt lat="42.254698" lon="8.957751"><ele>1742.6</ele></trkpt>
      <trkpt lat="42.254713" lon="8.957761"><ele>1742.7</ele></trkpt>
      <trkpt lat="42.254764" lon="8.957795"><ele>1743.3</ele></trkpt>
      <trkpt lat="42.254835" lon="8.957835"><ele>1744.2</ele></trkpt>
      <trkpt lat="42.254869" lon="8.957983"><ele>1744.5</ele></trkpt>
      <trkpt lat="42.254902" lon="8.958059"><ele>1744.9</ele></trkpt>
      <trkpt lat="42.254954" lon="8.958101"><ele>1745.5</ele></trkpt>
      <trkpt lat="42.254978" lon="8.958153"><ele>1745.7</ele></trkpt>
      <trkpt lat="42.255114" lon="8.958306"><ele>1747.1</ele></trkpt>
      <trkpt lat="42.255226" lon="8.958498"><ele>1748.3</ele></trkpt>
      <trkpt lat="42.255265" lon="8.958523"><ele>1748.6</ele></trkpt>
      <trkpt lat="42.255286" lon="8.958571"><ele>1748.8</ele></trkpt>
      <trkpt lat="42.255347" lon="8.958571"><ele>1749.2</ele></trkpt>
      <trkpt lat="42.255412" lon="8.958612"><ele>1749.7</ele></trkpt>
      <trkpt lat="42.255454" lon="8.958605"><ele>1750.0</ele></trkpt>
      <trkpt lat="42.255486" lon="8.958629"><ele>1750.3</ele></trkpt>
      <trkpt lat="42.255542" lon="8.958638"><ele>1750.7</ele></trkpt>
      <trkpt lat="42.255572" lon="8.958707"><ele>1751.0</ele></trkpt>
      <trkpt lat="42.255637" lon="8.958770"><ele>1751.6</ele></trkpt>
      <trkpt lat="42.255677" lon="8.958770"><ele>1751.9</ele></trkpt>
      <trkpt lat="42.255752" lon="8.958723"><ele>1752.3</ele></trkpt>
      <trkpt lat="42.255804" lon="8.958676"><ele>1752.6</ele></trkpt>
      <trkpt lat="42.255843" lon="8.958621"><ele>1752.8</ele></trkpt>
      <trkpt lat="42.255973" lon="8.958474"><ele>1753.5</ele></trkpt>
      <trkpt lat="42.256042" lon="8.958296"><ele>1754.1</ele></trkpt>
      <trkpt lat="42.256041" lon="8.958130"><ele>1754.5</ele></trkpt>
      <trkpt lat="42.256062" lon="8.958030"><ele>1755.0</ele></trkpt>
      <trkpt lat="42.256089" lon="8.957784"><ele>1756.1</ele></trkpt>
      <trkpt lat="42.256075" lon="8.957687"><ele>1756.2</ele></trkpt>
      <trkpt lat="42.256049" lon="8.957629"><ele>1756.1</ele></trkpt>
      <trkpt lat="42.255964" lon="8.957552"><ele>1755.5</ele></trkpt>
      <trkpt lat="42.255892" lon="8.957442"><ele>1755.1</ele></trkpt>
      <trkpt lat="42.255805" lon="8.957311"><ele>1754.5</ele></trkpt>
      <trkpt lat="42.255694" lon="8.957210"><ele>1753.7</ele></trkpt>
      <trkpt lat="42.255571" lon="8.957087"><ele>1752.9</ele></trkpt>
      <trkpt lat="42.255447" lon="8.956892"><ele>1752.6</ele></trkpt>
      <trkpt lat="42.255387" lon="8.956746"><ele>1752.4</ele></trkpt>
      <trkpt lat="42.255355" lon="8.956741"><ele>1752.1</ele></trkpt>
      <trkpt lat="42.255319" lon="8.956734"><ele>1751.8</ele></trkpt>
      <trkpt lat="42.255285" lon="8.956717"><ele>1751.4</ele></trkpt>
      <trkpt lat="42.255260" lon="8.956686"><ele>1751.2</ele></trkpt>
      <trkpt lat="42.255228" lon="8.956621"><ele>1751.0</ele></trkpt>
      <trkpt lat="42.255123" lon="8.956556"><ele>1750.3</ele></trkpt>
      <trkpt lat="42.255039" lon="8.956490"><ele>1749.9</ele></trkpt>
      <trkpt lat="42.254997" lon="8.956436"><ele>1749.9</ele></trkpt>
      <trkpt lat="42.254887" lon="8.956318"><ele>1749.9</ele></trkpt>
      <trkpt lat="42.254755" lon="8.956114"><ele>1751.0</ele></trkpt>
      <trkpt lat="42.254624" lon="8.955952"><ele>1752.1</ele></trkpt>
      <trkpt lat="42.254548" lon="8.955778"><ele>1753.4</ele></trkpt>
      <trkpt lat="42.254432" lon="8.955585"><ele>1754.7</ele></trkpt>
      <trkpt lat="42.254394" lon="8.955443"><ele>1755.8</ele></trkpt>
      <trkpt lat="42.254340" lon="8.955326"><ele>1756.3</ele></trkpt>
      <trkpt lat="42.254283" lon="8.955223"><ele>1756.7</ele></trkpt>
      <trkpt lat="42.254224" lon="8.955105"><ele>1757.0</ele></trkpt>
      <trkpt lat="42.254161" lon="8.954964"><ele>1757.2</ele></trkpt>
      <trkpt lat="42.254084" lon="8.954839"><ele>1756.9</ele></trkpt>
      <trkpt lat="42.253998" lon="8.954635"><ele>1756.6</ele></trkpt>
      <trkpt lat="42.253964" lon="8.954460"><ele>1756.5</ele></trkpt>
      <trkpt lat="42.253843" lon="8.954236"><ele>1754.6</ele></trkpt>
      <trkpt lat="42.253760" lon="8.954128"><ele>1753.3</ele></trkpt>
      <trkpt lat="42.253676" lon="8.953935"><ele>1752.4</ele></trkpt>
      <trkpt lat="42.253622" lon="8.953878"><ele>1751.8</ele></trkpt>
      <trkpt lat="42.253576" lon="8.953722"><ele>1751.7</ele></trkpt>
      <trkpt lat="42.253474" lon="8.953506"><ele>1751.1</ele></trkpt>
      <trkpt lat="42.253414" lon="8.953406"><ele>1750.8</ele></trkpt>
      <trkpt lat="42.253344" lon="8.953203"><ele>1750.8</ele></trkpt>
      <trkpt lat="42.253307" lon="8.952998"><ele>1751.0</ele></trkpt>
      <trkpt lat="42.253260" lon="8.952604"><ele>1750.5</ele></trkpt>
      <trkpt lat="42.253259" lon="8.952119"><ele>1749.5</ele></trkpt>
      <trkpt lat="42.253231" lon="8.951819"><ele>1748.3</ele></trkpt>
      <trkpt lat="42.253252" lon="8.951422"><ele>1747.3</ele></trkpt>
      <trkpt lat="42.253232" lon="8.951243"><ele>1746.7</ele></trkpt>
      <trkpt lat="42.253195" lon="8.951095"><ele>1746.5</ele></trkpt>
      <trkpt lat="42.253071" lon="8.950760"><ele>1746.2</ele></trkpt>
      <trkpt lat="42.253022" lon="8.950516"><ele>1746.3</ele></trkpt>
      <trkpt lat="42.252965" lon="8.950015"><ele>1748.0</ele></trkpt>
      <trkpt lat="42.252916" lon="8.949836"><ele>1748.6</ele></trkpt>
      <trkpt lat="42.252760" lon="8.949453"><ele>1749.5</ele></trkpt>
      <trkpt lat="42.252631" lon="8.949028"><ele>1749.8</ele></trkpt>
      <trkpt lat="42.252568" lon="8.948700"><ele>1749.1</ele></trkpt>
      <trkpt lat="42.252561" lon="8.948625"><ele>1749.1</ele></trkpt>
      <trkpt lat="42.252536" lon="8.948327"><ele>1748.8</ele></trkpt>
      <trkpt lat="42.252520" lon="8.947963"><ele>1748.5</ele></trkpt>
      <trkpt lat="42.252546" lon="8.947566"><ele>1748.9</ele></trkpt>
      <trkpt lat="42.252713" lon="8.946850"><ele>1748.5</ele></trkpt>
      <trkpt lat="42.252776" lon="8.946663"><ele>1748.4</ele></trkpt>
      <trkpt lat="42.252920" lon="8.946416"><ele>1748.9</ele></trkpt>
      <trkpt lat="42.252956" lon="8.946209"><ele>1747.2</ele></trkpt>
      <trkpt lat="42.253041" lon="8.946086"><ele>1746.8</ele></trkpt>
      <trkpt lat="42.253180" lon="8.945908"><ele>1747.0</ele></trkpt>
      <trkpt lat="42.253327" lon="8.945685"><ele>1748.6</ele></trkpt>
      <trkpt lat="42.253537" lon="8.945341"><ele>1750.3</ele></trkpt>
      <trkpt lat="42.253616" lon="8.944818"><ele>1746.5</ele></trkpt>
      <trkpt lat="42.253758" lon="8.944505"><ele>1747.9</ele></trkpt>
      <trkpt lat="42.254079" lon="8.943799"><ele>1749.6</ele></trkpt>
      <trkpt lat="42.254146" lon="8.943714"><ele>1750.1</ele></trkpt>
      <trkpt lat="42.254234" lon="8.943531"><ele>1750.0</ele></trkpt>
      <trkpt lat="42.254265" lon="8.943357"><ele>1749.3</ele></trkpt>
      <trkpt lat="42.254349" lon="8.943076"><ele>1749.0</ele></trkpt>
      <trkpt lat="42.254408" lon="8.942986"><ele>1748.9</ele></trkpt>
      <trkpt lat="42.254492" lon="8.942895"><ele>1749.0</ele></trkpt>
      <trkpt lat="42.254556" lon="8.942756"><ele>1748.5</ele></trkpt>
      <trkpt lat="42.254676" lon="8.942635"><ele>1748.1</ele></trkpt>
      <trkpt lat="42.254886" lon="8.942497"><ele>1748.3</ele></trkpt>
      <trkpt lat="42.255013" lon="8.942474"><ele>1749.0</ele></trkpt>
      <trkpt lat="42.255179" lon="8.942287"><ele>1747.4</ele></trkpt>
      <trkpt lat="42.255590" lon="8.942040"><ele>1748.8</ele></trkpt>
      <trkpt lat="42.255874" lon="8.941736"><ele>1750.7</ele></trkpt>
      <trkpt lat="42.255955" lon="8.941672"><ele>1751.6</ele></trkpt>
      <trkpt lat="42.256110" lon="8.941508"><ele>1752.7</ele></trkpt>
      <trkpt lat="42.256227" lon="8.941305"><ele>1752.6</ele></trkpt>
      <trkpt lat="42.256386" lon="8.940951"><ele>1752.6</ele></trkpt>
      <trkpt lat="42.256422" lon="8.940709"><ele>1751.8</ele></trkpt>
      <trkpt lat="42.256495" lon="8.940578"><ele>1752.2</ele></trkpt>
      <trkpt lat="42.256561" lon="8.940444"><ele>1753.2</ele></trkpt>
      <trkpt lat="42.256620" lon="8.940122"><ele>1753.2</ele></trkpt>
      <trkpt lat="42.256636" lon="8.939955"><ele>1752.7</ele></trkpt>
      <trkpt lat="42.256739" lon="8.939666"><ele>1752.9</ele></trkpt>
      <trkpt lat="42.256972" lon="8.939253"><ele>1753.3</ele></trkpt>
      <trkpt lat="42.256982" lon="8.939167"><ele>1752.8</ele></trkpt>
      <trkpt lat="42.256928" lon="8.939097"><ele>1751.9</ele></trkpt>
      <trkpt lat="42.256874" lon="8.938931"><ele>1750.7</ele></trkpt>
      <trkpt lat="42.256727" lon="8.938418"><ele>1749.3</ele></trkpt>
      <trkpt lat="42.256698" lon="8.938329"><ele>1749.4</ele></trkpt>
      <trkpt lat="42.256707" lon="8.938207"><ele>1749.7</ele></trkpt>
      <trkpt lat="42.256694" lon="8.937963"><ele>1750.6</ele></trkpt>
      <trkpt lat="42.256738" lon="8.937865"><ele>1750.9</ele></trkpt>
      <trkpt lat="42.256767" lon="8.937717"><ele>1751.5</ele></trkpt>
      <trkpt lat="42.256771" lon="8.937614"><ele>1751.9</ele></trkpt>
      <trkpt lat="42.256729" lon="8.937527"><ele>1752.6</ele></trkpt>
      <trkpt lat="42.256629" lon="8.937476"><ele>1754.1</ele></trkpt>
      <trkpt lat="42.256494" lon="8.937368"><ele>1756.3</ele></trkpt>
      <trkpt lat="42.256389" lon="8.937352"><ele>1757.1</ele></trkpt>
      <trkpt lat="42.256329" lon="8.937303"><ele>1757.8</ele></trkpt>
      <trkpt lat="42.256293" lon="8.937200"><ele>1759.0</ele></trkpt>
      <trkpt lat="42.256241" lon="8.937106"><ele>1760.3</ele></trkpt>
      <trkpt lat="42.256206" lon="8.937024"><ele>1761.2</ele></trkpt>
      <trkpt lat="42.256173" lon="8.936968"><ele>1762.0</ele></trkpt>
      <trkpt lat="42.256007" lon="8.936891"><ele>1764.7</ele></trkpt>
      <trkpt lat="42.255975" lon="8.936856"><ele>1765.5</ele></trkpt>
      <trkpt lat="42.255938" lon="8.936758"><ele>1767.1</ele></trkpt>
      <trkpt lat="42.255869" lon="8.936623"><ele>1769.6</ele></trkpt>
      <trkpt lat="42.255646" lon="8.936429"><ele>1775.8</ele></trkpt>
      <trkpt lat="42.255589" lon="8.936192"><ele>1778.8</ele></trkpt>
      <trkpt lat="42.255492" lon="8.935711"><ele>1787.2</ele></trkpt>
      <trkpt lat="42.255479" lon="8.935538"><ele>1790.8</ele></trkpt>
      <trkpt lat="42.255329" lon="8.935435"><ele>1796.6</ele></trkpt>
      <trkpt lat="42.255468" lon="8.935237"><ele>1797.4</ele></trkpt>
      <trkpt lat="42.255531" lon="8.935131"><ele>1797.6</ele></trkpt>
      <trkpt lat="42.255539" lon="8.934985"><ele>1800.6</ele></trkpt>
      <trkpt lat="42.255353" lon="8.935039"><ele>1805.1</ele></trkpt>
      <trkpt lat="42.255447" lon="8.934713"><ele>1810.2</ele></trkpt>
      <trkpt lat="42.255525" lon="8.934475"><ele>1813.1</ele></trkpt>
      <trkpt lat="42.255601" lon="8.934408"><ele>1811.7</ele></trkpt>
      <trkpt lat="42.255618" lon="8.934246"><ele>1814.3</ele></trkpt>
      <trkpt lat="42.255587" lon="8.934215"><ele>1816.1</ele></trkpt>
      <trkpt lat="42.255450" lon="8.934260"><ele>1820.0</ele></trkpt>
      <trkpt lat="42.255369" lon="8.934186"><ele>1823.8</ele></trkpt>
      <trkpt lat="42.255395" lon="8.933956"><ele>1827.2</ele></trkpt>
      <trkpt lat="42.255384" lon="8.933761"><ele>1831.0</ele></trkpt>
      <trkpt lat="42.255136" lon="8.933801"><ele>1835.2</ele></trkpt>
      <trkpt lat="42.255115" lon="8.933457"><ele>1840.5</ele></trkpt>
      <trkpt lat="42.255198" lon="8.933184"><ele>1842.2</ele></trkpt>
      <trkpt lat="42.255146" lon="8.932781"><ele>1843.7</ele></trkpt>
      <trkpt lat="42.255088" lon="8.932452"><ele>1843.4</ele></trkpt>
      <trkpt lat="42.254949" lon="8.932200"><ele>1845.1</ele></trkpt>
      <trkpt lat="42.254738" lon="8.931460"><ele>1846.9</ele></trkpt>
      <trkpt lat="42.254826" lon="8.930886"><ele>1847.0</ele></trkpt>
      <trkpt lat="42.254838" lon="8.930322"><ele>1848.9</ele></trkpt>
      <trkpt lat="42.254782" lon="8.929400"><ele>1854.8</ele></trkpt>
      <trkpt lat="42.254655" lon="8.928509"><ele>1861.8</ele></trkpt>
      <trkpt lat="42.254556" lon="8.927951"><ele>1866.5</ele></trkpt>
      <trkpt lat="42.254413" lon="8.927393"><ele>1871.3</ele></trkpt>
      <trkpt lat="42.254302" lon="8.926932"><ele>1876.4</ele></trkpt>
      <trkpt lat="42.254335" lon="8.926553"><ele>1880.3</ele></trkpt>
      <trkpt lat="42.254281" lon="8.926110"><ele>1878.7</ele></trkpt>
      <trkpt lat="42.254210" lon="8.925527"><ele>1873.9</ele></trkpt>
      <trkpt lat="42.254228" lon="8.924824"><ele>1867.0</ele></trkpt>
      <trkpt lat="42.254468" lon="8.923617"><ele>1853.6</ele></trkpt>
      <trkpt lat="42.254627" lon="8.922769"><ele>1842.9</ele></trkpt>
      <trkpt lat="42.254869" lon="8.921916"><ele>1841.1</ele></trkpt>
      <trkpt lat="42.255298" lon="8.921085"><ele>1852.9</ele></trkpt>
      <trkpt lat="42.255540" lon="8.919769"><ele>1845.4</ele></trkpt>
      <trkpt lat="42.255596" lon="8.919078"><ele>1831.7</ele></trkpt>
      <trkpt lat="42.255575" lon="8.918247"><ele>1817.5</ele></trkpt>
      <trkpt lat="42.255723" lon="8.918113"><ele>1815.2</ele></trkpt>
      <trkpt lat="42.255756" lon="8.918083"><ele>1814.3</ele></trkpt>
      <trkpt lat="42.255485" lon="8.918072"><ele>1813.0</ele></trkpt>
      <trkpt lat="42.255572" lon="8.917564"><ele>1801.1</ele></trkpt>
      <trkpt lat="42.255411" lon="8.917727"><ele>1804.5</ele></trkpt>
      <trkpt lat="42.255430" lon="8.917438"><ele>1798.3</ele></trkpt>
      <trkpt lat="42.255319" lon="8.917510"><ele>1799.4</ele></trkpt>
      <trkpt lat="42.255344" lon="8.917067"><ele>1793.1</ele></trkpt>
      <trkpt lat="42.255282" lon="8.915916"><ele>1789.0</ele></trkpt>
      <trkpt lat="42.255383" lon="8.915818"><ele>1786.7</ele></trkpt>
      <trkpt lat="42.255403" lon="8.915598"><ele>1784.4</ele></trkpt>
      <trkpt lat="42.255303" lon="8.915159"><ele>1782.6</ele></trkpt>
      <trkpt lat="42.255227" lon="8.914421"><ele>1772.2</ele></trkpt>
      <trkpt lat="42.255148" lon="8.913950"><ele>1766.3</ele></trkpt>
      <trkpt lat="42.255193" lon="8.913394"><ele>1760.7</ele></trkpt>
      <trkpt lat="42.255223" lon="8.912991"><ele>1757.7</ele></trkpt>
      <trkpt lat="42.255301" lon="8.912370"><ele>1754.3</ele></trkpt>
      <trkpt lat="42.255376" lon="8.911845"><ele>1751.1</ele></trkpt>
      <trkpt lat="42.255478" lon="8.911372"><ele>1747.2</ele></trkpt>
      <trkpt lat="42.255466" lon="8.910959"><ele>1744.1</ele></trkpt>
      <trkpt lat="42.255462" lon="8.910797"><ele>1742.2</ele></trkpt>
      <trkpt lat="42.255405" lon="8.910534"><ele>1741.5</ele></trkpt>
      <trkpt lat="42.255394" lon="8.910513"><ele>1741.8</ele></trkpt>
      <trkpt lat="42.255073" lon="8.909883"><ele>1753.4</ele></trkpt>
      <trkpt lat="42.255067" lon="8.909415"><ele>1752.3</ele></trkpt>
      <trkpt lat="42.255024" lon="8.909139"><ele>1753.2</ele></trkpt>
      <trkpt lat="42.255148" lon="8.908604"><ele>1743.8</ele></trkpt>
      <trkpt lat="42.255172" lon="8.908454"><ele>1740.6</ele></trkpt>
      <trkpt lat="42.255189" lon="8.907969"><ele>1734.1</ele></trkpt>
      <trkpt lat="42.255096" lon="8.907552"><ele>1735.8</ele></trkpt>
      <trkpt lat="42.255074" lon="8.907345"><ele>1736.2</ele></trkpt>
      <trkpt lat="42.255470" lon="8.907795"><ele>1717.1</ele></trkpt>
      <trkpt lat="42.255457" lon="8.907604"><ele>1716.6</ele></trkpt>
      <trkpt lat="42.255384" lon="8.907356"><ele>1719.3</ele></trkpt>
      <trkpt lat="42.254993" lon="8.906577"><ele>1738.4</ele></trkpt>
      <trkpt lat="42.255295" lon="8.906742"><ele>1722.5</ele></trkpt>
      <trkpt lat="42.255887" lon="8.907327"><ele>1692.0</ele></trkpt>
      <trkpt lat="42.255889" lon="8.907156"><ele>1691.3</ele></trkpt>
      <trkpt lat="42.255779" lon="8.906976"><ele>1696.8</ele></trkpt>
      <trkpt lat="42.255663" lon="8.906687"><ele>1701.7</ele></trkpt>
      <trkpt lat="42.255578" lon="8.906477"><ele>1705.2</ele></trkpt>
      <trkpt lat="42.255576" lon="8.906254"><ele>1703.7</ele></trkpt>
      <trkpt lat="42.255611" lon="8.905976"><ele>1699.5</ele></trkpt>
      <trkpt lat="42.255708" lon="8.905887"><ele>1693.1</ele></trkpt>
      <trkpt lat="42.255845" lon="8.906394"><ele>1689.4</ele></trkpt>
      <trkpt lat="42.255932" lon="8.906508"><ele>1685.7</ele></trkpt>
      <trkpt lat="42.255930" lon="8.906256"><ele>1683.4</ele></trkpt>
      <trkpt lat="42.255988" lon="8.905751"><ele>1676.3</ele></trkpt>
      <trkpt lat="42.255966" lon="8.905345"><ele>1674.3</ele></trkpt>
      <trkpt lat="42.255970" lon="8.905054"><ele>1673.1</ele></trkpt>
      <trkpt lat="42.256087" lon="8.904661"><ele>1667.7</ele></trkpt>
      <trkpt lat="42.256132" lon="8.904202"><ele>1673.5</ele></trkpt>
      <trkpt lat="42.256270" lon="8.903873"><ele>1674.0</ele></trkpt>
      <trkpt lat="42.256569" lon="8.903537"><ele>1667.5</ele></trkpt>
      <trkpt lat="42.256761" lon="8.903325"><ele>1663.9</ele></trkpt>
      <trkpt lat="42.257043" lon="8.903169"><ele>1655.7</ele></trkpt>
      <trkpt lat="42.257066" lon="8.903071"><ele>1658.0</ele></trkpt>
      <trkpt lat="42.257140" lon="8.902918"><ele>1659.7</ele></trkpt>
      <trkpt lat="42.257273" lon="8.902824"><ele>1656.9</ele></trkpt>
      <trkpt lat="42.257497" lon="8.902584"><ele>1653.9</ele></trkpt>
      <trkpt lat="42.257904" lon="8.902391"><ele>1637.4</ele></trkpt>
      <trkpt lat="42.257995" lon="8.902313"><ele>1633.7</ele></trkpt>
      <trkpt lat="42.258060" lon="8.902237"><ele>1631.5</ele></trkpt>
      <trkpt lat="42.258110" lon="8.901967"><ele>1633.8</ele></trkpt>
      <trkpt lat="42.258183" lon="8.901591"><ele>1636.0</ele></trkpt>
      <trkpt lat="42.258172" lon="8.901464"><ele>1637.7</ele></trkpt>
      <trkpt lat="42.258218" lon="8.901259"><ele>1635.9</ele></trkpt>
      <trkpt lat="42.258293" lon="8.901011"><ele>1631.6</ele></trkpt>
      <trkpt lat="42.258362" lon="8.900853"><ele>1627.3</ele></trkpt>
      <trkpt lat="42.258593" lon="8.900270"><ele>1612.8</ele></trkpt>
      <trkpt lat="42.258824" lon="8.899537"><ele>1597.3</ele></trkpt>
      <trkpt lat="42.258860" lon="8.899411"><ele>1595.1</ele></trkpt>
      <trkpt lat="42.258997" lon="8.899309"><ele>1591.4</ele></trkpt>
      <trkpt lat="42.259135" lon="8.899071"><ele>1586.6</ele></trkpt>
      <trkpt lat="42.259213" lon="8.898813"><ele>1583.2</ele></trkpt>
      <trkpt lat="42.259324" lon="8.898558"><ele>1579.8</ele></trkpt>
      <trkpt lat="42.259338" lon="8.898387"><ele>1577.4</ele></trkpt>
      <trkpt lat="42.259374" lon="8.898245"><ele>1574.8</ele></trkpt>
      <trkpt lat="42.259493" lon="8.898172"><ele>1572.7</ele></trkpt>
      <trkpt lat="42.259513" lon="8.898051"><ele>1570.5</ele></trkpt>
      <trkpt lat="42.259529" lon="8.897958"><ele>1568.8</ele></trkpt>
      <trkpt lat="42.259640" lon="8.897823"><ele>1565.5</ele></trkpt>
      <trkpt lat="42.259755" lon="8.897619"><ele>1561.2</ele></trkpt>
      <trkpt lat="42.259898" lon="8.897461"><ele>1557.2</ele></trkpt>
      <trkpt lat="42.259967" lon="8.897306"><ele>1554.3</ele></trkpt>
      <trkpt lat="42.259953" lon="8.897239"><ele>1553.5</ele></trkpt>
      <trkpt lat="42.259940" lon="8.897190"><ele>1553.0</ele></trkpt>
      <trkpt lat="42.259957" lon="8.897139"><ele>1552.2</ele></trkpt>
      <trkpt lat="42.260035" lon="8.897134"><ele>1551.4</ele></trkpt>
      <trkpt lat="42.260145" lon="8.897085"><ele>1549.2</ele></trkpt>
      <trkpt lat="42.260053" lon="8.896905"><ele>1548.4</ele></trkpt>
      <trkpt lat="42.259902" lon="8.896811"><ele>1548.1</ele></trkpt>
      <trkpt lat="42.259913" lon="8.896775"><ele>1547.6</ele></trkpt>
      <trkpt lat="42.260265" lon="8.896485"><ele>1539.6</ele></trkpt>
      <trkpt lat="42.260389" lon="8.896384"><ele>1535.5</ele></trkpt>
      <trkpt lat="42.260398" lon="8.896315"><ele>1534.4</ele></trkpt>
      <trkpt lat="42.260285" lon="8.895953"><ele>1532.7</ele></trkpt>
      <trkpt lat="42.260293" lon="8.895915"><ele>1532.1</ele></trkpt>
      <trkpt lat="42.260337" lon="8.895899"><ele>1531.1</ele></trkpt>
      <trkpt lat="42.260438" lon="8.895922"><ele>1529.3</ele></trkpt>
      <trkpt lat="42.260575" lon="8.895899"><ele>1526.1</ele></trkpt>
      <trkpt lat="42.260670" lon="8.895955"><ele>1524.2</ele></trkpt>
      <trkpt lat="42.260706" lon="8.895939"><ele>1523.2</ele></trkpt>
      <trkpt lat="42.260715" lon="8.895919"><ele>1522.8</ele></trkpt>
      <trkpt lat="42.260662" lon="8.895755"><ele>1522.9</ele></trkpt>
      <trkpt lat="42.260615" lon="8.895637"><ele>1523.1</ele></trkpt>
      <trkpt lat="42.260625" lon="8.895617"><ele>1522.6</ele></trkpt>
      <trkpt lat="42.260658" lon="8.895615"><ele>1521.9</ele></trkpt>
      <trkpt lat="42.260733" lon="8.895678"><ele>1520.7</ele></trkpt>
      <trkpt lat="42.260857" lon="8.895738"><ele>1518.0</ele></trkpt>
      <trkpt lat="42.260890" lon="8.895758"><ele>1517.3</ele></trkpt>
      <trkpt lat="42.260887" lon="8.895717"><ele>1517.1</ele></trkpt>
      <trkpt lat="42.260778" lon="8.895558"><ele>1518.5</ele></trkpt>
      <trkpt lat="42.260699" lon="8.895443"><ele>1519.0</ele></trkpt>
      <trkpt lat="42.260680" lon="8.895423"><ele>1519.1</ele></trkpt>
      <trkpt lat="42.260679" lon="8.895405"><ele>1518.9</ele></trkpt>
      <trkpt lat="42.260690" lon="8.895396"><ele>1518.5</ele></trkpt>
      <trkpt lat="42.260721" lon="8.895415"><ele>1518.1</ele></trkpt>
      <trkpt lat="42.260781" lon="8.895452"><ele>1517.2</ele></trkpt>
      <trkpt lat="42.260838" lon="8.895463"><ele>1516.0</ele></trkpt>
      <trkpt lat="42.260965" lon="8.895525"><ele>1513.6</ele></trkpt>
      <trkpt lat="42.261082" lon="8.895591"><ele>1511.2</ele></trkpt>
      <trkpt lat="42.261099" lon="8.895582"><ele>1510.6</ele></trkpt>
      <trkpt lat="42.261100" lon="8.895562"><ele>1510.5</ele></trkpt>
      <trkpt lat="42.260963" lon="8.895272"><ele>1510.6</ele></trkpt>
      <trkpt lat="42.260891" lon="8.895158"><ele>1510.4</ele></trkpt>
      <trkpt lat="42.260870" lon="8.895131"><ele>1510.3</ele></trkpt>
      <trkpt lat="42.260878" lon="8.895116"><ele>1509.9</ele></trkpt>
      <trkpt lat="42.261006" lon="8.895134"><ele>1507.5</ele></trkpt>
      <trkpt lat="42.261087" lon="8.895151"><ele>1506.0</ele></trkpt>
      <trkpt lat="42.261166" lon="8.895168"><ele>1504.5</ele></trkpt>
      <trkpt lat="42.261434" lon="8.895220"><ele>1498.6</ele></trkpt>
      <trkpt lat="42.261544" lon="8.895236"><ele>1495.7</ele></trkpt>
      <trkpt lat="42.261886" lon="8.895000"><ele>1485.9</ele></trkpt>
      <trkpt lat="42.261958" lon="8.895124"><ele>1484.3</ele></trkpt>
      <trkpt lat="42.261981" lon="8.895110"><ele>1483.8</ele></trkpt>
      <trkpt lat="42.261992" lon="8.895030"><ele>1483.5</ele></trkpt>
      <trkpt lat="42.261982" lon="8.894962"><ele>1483.6</ele></trkpt>
      <trkpt lat="42.262005" lon="8.894834"><ele>1482.8</ele></trkpt>
      <trkpt lat="42.262028" lon="8.894825"><ele>1482.3</ele></trkpt>
      <trkpt lat="42.262175" lon="8.894946"><ele>1479.2</ele></trkpt>
      <trkpt lat="42.262232" lon="8.895007"><ele>1477.6</ele></trkpt>
      <trkpt lat="42.262273" lon="8.894978"><ele>1476.7</ele></trkpt>
      <trkpt lat="42.262285" lon="8.894901"><ele>1476.5</ele></trkpt>
      <trkpt lat="42.262262" lon="8.894766"><ele>1477.1</ele></trkpt>
      <trkpt lat="42.262258" lon="8.894683"><ele>1477.0</ele></trkpt>
      <trkpt lat="42.262286" lon="8.894601"><ele>1476.2</ele></trkpt>
      <trkpt lat="42.262388" lon="8.894535"><ele>1473.8</ele></trkpt>
      <trkpt lat="42.262479" lon="8.894488"><ele>1471.4</ele></trkpt>
      <trkpt lat="42.262602" lon="8.894448"><ele>1468.0</ele></trkpt>
      <trkpt lat="42.262680" lon="8.894365"><ele>1465.3</ele></trkpt>
      <trkpt lat="42.262727" lon="8.894267"><ele>1463.5</ele></trkpt>
      <trkpt lat="42.262745" lon="8.894146"><ele>1462.4</ele></trkpt>
      <trkpt lat="42.262738" lon="8.893945"><ele>1461.2</ele></trkpt>
      <trkpt lat="42.262747" lon="8.893893"><ele>1460.5</ele></trkpt>
      <trkpt lat="42.262766" lon="8.893881"><ele>1459.8</ele></trkpt>
      <trkpt lat="42.262832" lon="8.893962"><ele>1458.6</ele></trkpt>
      <trkpt lat="42.262870" lon="8.894013"><ele>1457.9</ele></trkpt>
      <trkpt lat="42.262888" lon="8.894006"><ele>1457.4</ele></trkpt>
      <trkpt lat="42.262894" lon="8.893982"><ele>1457.0</ele></trkpt>
      <trkpt lat="42.262882" lon="8.893822"><ele>1456.1</ele></trkpt>
      <trkpt lat="42.262849" lon="8.893716"><ele>1455.9</ele></trkpt>
      <trkpt lat="42.262803" lon="8.893552"><ele>1455.1</ele></trkpt>
      <trkpt lat="42.262802" lon="8.893514"><ele>1454.7</ele></trkpt>
      <trkpt lat="42.262881" lon="8.893521"><ele>1453.0</ele></trkpt>
      <trkpt lat="42.262969" lon="8.893557"><ele>1451.4</ele></trkpt>
      <trkpt lat="42.263017" lon="8.893606"><ele>1450.7</ele></trkpt>
      <trkpt lat="42.263075" lon="8.893603"><ele>1449.3</ele></trkpt>
      <trkpt lat="42.263139" lon="8.893474"><ele>1446.9</ele></trkpt>
      <trkpt lat="42.263201" lon="8.893419"><ele>1445.4</ele></trkpt>
      <trkpt lat="42.263196" lon="8.893324"><ele>1445.2</ele></trkpt>
      <trkpt lat="42.263238" lon="8.893126"><ele>1444.3</ele></trkpt>
      <trkpt lat="42.263244" lon="8.893016"><ele>1444.1</ele></trkpt>
      <trkpt lat="42.263298" lon="8.892964"><ele>1443.7</ele></trkpt>
      <trkpt lat="42.263338" lon="8.893046"><ele>1443.2</ele></trkpt>
      <trkpt lat="42.263372" lon="8.893113"><ele>1442.6</ele></trkpt>
      <trkpt lat="42.263394" lon="8.893223"><ele>1442.1</ele></trkpt>
      <trkpt lat="42.263418" lon="8.893297"><ele>1441.5</ele></trkpt>
      <trkpt lat="42.263423" lon="8.893337"><ele>1441.3</ele></trkpt>
      <trkpt lat="42.263446" lon="8.893407"><ele>1440.7</ele></trkpt>
      <trkpt lat="42.263456" lon="8.893498"><ele>1440.3</ele></trkpt>
      <trkpt lat="42.263466" lon="8.893523"><ele>1440.1</ele></trkpt>
      <trkpt lat="42.263480" lon="8.893503"><ele>1439.8</ele></trkpt>
      <trkpt lat="42.263493" lon="8.893475"><ele>1439.5</ele></trkpt>
      <trkpt lat="42.263520" lon="8.893390"><ele>1439.2</ele></trkpt>
      <trkpt lat="42.263598" lon="8.893176"><ele>1438.6</ele></trkpt>
      <trkpt lat="42.263636" lon="8.893050"><ele>1438.6</ele></trkpt>
      <trkpt lat="42.263646" lon="8.892973"><ele>1439.1</ele></trkpt>
      <trkpt lat="42.263661" lon="8.892923"><ele>1439.2</ele></trkpt>
      <trkpt lat="42.263693" lon="8.892895"><ele>1439.0</ele></trkpt>
      <trkpt lat="42.263747" lon="8.892796"><ele>1439.2</ele></trkpt>
      <trkpt lat="42.263751" lon="8.892761"><ele>1439.5</ele></trkpt>
      <trkpt lat="42.263827" lon="8.892647"><ele>1440.0</ele></trkpt>
      <trkpt lat="42.263869" lon="8.892580"><ele>1440.5</ele></trkpt>
      <trkpt lat="42.263946" lon="8.892521"><ele>1440.7</ele></trkpt>
      <trkpt lat="42.264032" lon="8.892519"><ele>1440.0</ele></trkpt>
      <trkpt lat="42.264087" lon="8.892539"><ele>1439.0</ele></trkpt>
      <trkpt lat="42.264187" lon="8.892533"><ele>1438.1</ele></trkpt>
      <trkpt lat="42.264407" lon="8.892553"><ele>1435.7</ele></trkpt>
      <trkpt lat="42.264544" lon="8.892594"><ele>1433.5</ele></trkpt>
      <trkpt lat="42.264606" lon="8.892608"><ele>1432.6</ele></trkpt>
      <trkpt lat="42.264688" lon="8.892610"><ele>1431.8</ele></trkpt>
      <trkpt lat="42.264753" lon="8.892594"><ele>1431.9</ele></trkpt>
      <trkpt lat="42.264802" lon="8.892600"><ele>1431.2</ele></trkpt>
      <trkpt lat="42.264823" lon="8.892617"><ele>1430.4</ele></trkpt>
      <trkpt lat="42.264817" lon="8.892649"><ele>1429.4</ele></trkpt>
      <trkpt lat="42.264803" lon="8.892667"><ele>1428.9</ele></trkpt>
      <trkpt lat="42.264763" lon="8.892700"><ele>1428.1</ele></trkpt>
      <trkpt lat="42.264698" lon="8.892772"><ele>1426.3</ele></trkpt>
      <trkpt lat="42.264658" lon="8.892800"><ele>1425.9</ele></trkpt>
      <trkpt lat="42.264613" lon="8.892797"><ele>1426.5</ele></trkpt>
      <trkpt lat="42.264488" lon="8.892815"><ele>1427.5</ele></trkpt>
      <trkpt lat="42.264261" lon="8.892915"><ele>1428.6</ele></trkpt>
      <trkpt lat="42.264231" lon="8.892960"><ele>1428.2</ele></trkpt>
      <trkpt lat="42.264243" lon="8.893301"><ele>1421.8</ele></trkpt>
      <trkpt lat="42.264281" lon="8.893434"><ele>1419.1</ele></trkpt>
      <trkpt lat="42.264354" lon="8.893772"><ele>1413.7</ele></trkpt>
      <trkpt lat="42.264502" lon="8.893884"><ele>1408.4</ele></trkpt>
      <trkpt lat="42.264576" lon="8.894246"><ele>1402.7</ele></trkpt>
      <trkpt lat="42.264492" lon="8.894448"><ele>1402.9</ele></trkpt>
      <trkpt lat="42.264689" lon="8.894916"><ele>1392.4</ele></trkpt>
      <trkpt lat="42.264815" lon="8.895168"><ele>1385.4</ele></trkpt>
      <trkpt lat="42.264830" lon="8.895196"><ele>1384.6</ele></trkpt>
      <trkpt lat="42.264854" lon="8.895227"><ele>1383.5</ele></trkpt>
      <trkpt lat="42.264869" lon="8.895328"><ele>1381.7</ele></trkpt>
      <trkpt lat="42.264855" lon="8.895387"><ele>1381.2</ele></trkpt>
      <trkpt lat="42.264864" lon="8.895507"><ele>1379.4</ele></trkpt>
      <trkpt lat="42.264887" lon="8.895527"><ele>1378.5</ele></trkpt>
      <trkpt lat="42.264904" lon="8.895526"><ele>1378.1</ele></trkpt>
      <trkpt lat="42.264946" lon="8.895455"><ele>1377.9</ele></trkpt>
      <trkpt lat="42.264964" lon="8.895460"><ele>1377.4</ele></trkpt>
      <trkpt lat="42.264978" lon="8.895488"><ele>1376.7</ele></trkpt>
      <trkpt lat="42.264988" lon="8.895563"><ele>1375.4</ele></trkpt>
      <trkpt lat="42.264968" lon="8.895658"><ele>1374.7</ele></trkpt>
      <trkpt lat="42.264997" lon="8.895665"><ele>1373.9</ele></trkpt>
      <trkpt lat="42.265014" lon="8.895660"><ele>1373.5</ele></trkpt>
      <trkpt lat="42.265048" lon="8.895647"><ele>1372.8</ele></trkpt>
      <trkpt lat="42.265060" lon="8.895678"><ele>1372.1</ele></trkpt>
      <trkpt lat="42.265059" lon="8.895705"><ele>1371.8</ele></trkpt>
      <trkpt lat="42.265068" lon="8.895788"><ele>1370.5</ele></trkpt>
      <trkpt lat="42.265117" lon="8.895758"><ele>1369.6</ele></trkpt>
      <trkpt lat="42.265146" lon="8.895777"><ele>1368.6</ele></trkpt>
      <trkpt lat="42.265183" lon="8.895780"><ele>1367.6</ele></trkpt>
      <trkpt lat="42.265221" lon="8.895572"><ele>1369.2</ele></trkpt>
      <trkpt lat="42.265202" lon="8.895283"><ele>1373.3</ele></trkpt>
      <trkpt lat="42.265187" lon="8.894623"><ele>1380.8</ele></trkpt>
      <trkpt lat="42.265135" lon="8.894390"><ele>1385.9</ele></trkpt>
      <trkpt lat="42.265087" lon="8.894023"><ele>1391.3</ele></trkpt>
      <trkpt lat="42.265121" lon="8.893878"><ele>1392.2</ele></trkpt>
      <trkpt lat="42.265260" lon="8.893797"><ele>1390.4</ele></trkpt>
      <trkpt lat="42.265751" lon="8.893766"><ele>1378.8</ele></trkpt>
      <trkpt lat="42.265952" lon="8.893890"><ele>1370.4</ele></trkpt>
      <trkpt lat="42.266061" lon="8.893874"><ele>1368.3</ele></trkpt>
      <trkpt lat="42.266137" lon="8.893882"><ele>1366.4</ele></trkpt>
      <trkpt lat="42.266187" lon="8.893875"><ele>1365.6</ele></trkpt>
      <trkpt lat="42.266236" lon="8.893797"><ele>1366.8</ele></trkpt>
      <trkpt lat="42.266283" lon="8.893779"><ele>1366.4</ele></trkpt>
      <trkpt lat="42.266386" lon="8.893648"><ele>1368.3</ele></trkpt>
      <trkpt lat="42.266470" lon="8.893603"><ele>1368.3</ele></trkpt>
      <trkpt lat="42.266515" lon="8.893580"><ele>1368.3</ele></trkpt>
      <trkpt lat="42.266546" lon="8.893528"><ele>1369.5</ele></trkpt>
      <trkpt lat="42.266681" lon="8.893512"><ele>1368.5</ele></trkpt>
      <trkpt lat="42.266732" lon="8.893568"><ele>1366.0</ele></trkpt>
      <trkpt lat="42.266795" lon="8.893602"><ele>1364.2</ele></trkpt>
      <trkpt lat="42.266881" lon="8.893679"><ele>1360.8</ele></trkpt>
      <trkpt lat="42.266926" lon="8.893724"><ele>1359.0</ele></trkpt>
      <trkpt lat="42.267017" lon="8.893764"><ele>1357.0</ele></trkpt>
      <trkpt lat="42.267086" lon="8.893771"><ele>1356.4</ele></trkpt>
      <trkpt lat="42.267135" lon="8.893733"><ele>1357.4</ele></trkpt>
      <trkpt lat="42.267181" lon="8.893661"><ele>1359.8</ele></trkpt>
      <trkpt lat="42.267244" lon="8.893484"><ele>1366.6</ele></trkpt>
      <trkpt lat="42.267342" lon="8.893393"><ele>1370.4</ele></trkpt>
      <trkpt lat="42.267405" lon="8.893213"><ele>1377.8</ele></trkpt>
      <trkpt lat="42.267521" lon="8.893162"><ele>1379.8</ele></trkpt>
      <trkpt lat="42.267615" lon="8.893292"><ele>1374.4</ele></trkpt>
      <trkpt lat="42.267720" lon="8.893384"><ele>1370.6</ele></trkpt>
      <trkpt lat="42.267854" lon="8.893382"><ele>1370.4</ele></trkpt>
      <trkpt lat="42.267995" lon="8.893422"><ele>1368.4</ele></trkpt>
      <trkpt lat="42.268140" lon="8.893487"><ele>1365.3</ele></trkpt>
      <trkpt lat="42.268268" lon="8.893532"><ele>1363.0</ele></trkpt>
      <trkpt lat="42.268359" lon="8.893561"><ele>1361.2</ele></trkpt>
      <trkpt lat="42.268457" lon="8.893602"><ele>1358.8</ele></trkpt>
      <trkpt lat="42.268658" lon="8.893642"><ele>1354.9</ele></trkpt>
      <trkpt lat="42.268768" lon="8.893628"><ele>1353.4</ele></trkpt>
      <trkpt lat="42.268807" lon="8.893610"><ele>1353.2</ele></trkpt>
      <trkpt lat="42.268846" lon="8.893573"><ele>1353.5</ele></trkpt>
      <trkpt lat="42.268892" lon="8.893442"><ele>1356.0</ele></trkpt>
      <trkpt lat="42.268939" lon="8.893364"><ele>1356.9</ele></trkpt>
      <trkpt lat="42.269038" lon="8.893277"><ele>1356.4</ele></trkpt>
      <trkpt lat="42.269103" lon="8.893159"><ele>1357.3</ele></trkpt>
      <trkpt lat="42.269123" lon="8.893014"><ele>1359.9</ele></trkpt>
      <trkpt lat="42.269161" lon="8.892926"><ele>1360.7</ele></trkpt>
      <trkpt lat="42.269228" lon="8.892810"><ele>1361.0</ele></trkpt>
      <trkpt lat="42.269311" lon="8.892466"><ele>1364.6</ele></trkpt>
      <trkpt lat="42.269346" lon="8.892193"><ele>1368.0</ele></trkpt>
      <trkpt lat="42.269464" lon="8.891754"><ele>1370.7</ele></trkpt>
      <trkpt lat="42.269517" lon="8.891638"><ele>1370.7</ele></trkpt>
      <trkpt lat="42.269589" lon="8.891586"><ele>1369.0</ele></trkpt>
      <trkpt lat="42.269681" lon="8.891485"><ele>1368.1</ele></trkpt>
      <trkpt lat="42.269901" lon="8.891135"><ele>1370.1</ele></trkpt>
      <trkpt lat="42.270121" lon="8.890946"><ele>1371.0</ele></trkpt>
      <trkpt lat="42.270337" lon="8.890854"><ele>1372.8</ele></trkpt>
      <trkpt lat="42.270558" lon="8.890763"><ele>1376.3</ele></trkpt>
      <trkpt lat="42.270566" lon="8.890762"><ele>1376.4</ele></trkpt>
      <trkpt lat="42.270665" lon="8.890761"><ele>1378.3</ele></trkpt>
      <trkpt lat="42.270700" lon="8.890957"><ele>1375.2</ele></trkpt>
      <trkpt lat="42.270764" lon="8.891272"><ele>1369.9</ele></trkpt>
      <trkpt lat="42.270996" lon="8.892076"><ele>1357.3</ele></trkpt>
      <trkpt lat="42.271122" lon="8.892693"><ele>1345.9</ele></trkpt>
      <trkpt lat="42.271270" lon="8.893071"><ele>1344.0</ele></trkpt>
      <trkpt lat="42.271886" lon="8.894316"><ele>1341.5</ele></trkpt>
      <trkpt lat="42.272005" lon="8.894547"><ele>1338.0</ele></trkpt>
      <trkpt lat="42.272199" lon="8.894678"><ele>1337.0</ele></trkpt>
      <trkpt lat="42.272363" lon="8.894674"><ele>1337.9</ele></trkpt>
      <trkpt lat="42.272425" lon="8.894619"><ele>1339.4</ele></trkpt>
      <trkpt lat="42.272498" lon="8.894615"><ele>1339.3</ele></trkpt>
      <trkpt lat="42.272561" lon="8.894549"><ele>1340.9</ele></trkpt>
      <trkpt lat="42.272571" lon="8.894350"><ele>1346.9</ele></trkpt>
      <trkpt lat="42.272967" lon="8.894284"><ele>1344.5</ele></trkpt>
      <trkpt lat="42.273319" lon="8.893900"><ele>1352.4</ele></trkpt>
      <trkpt lat="42.273558" lon="8.893829"><ele>1352.4</ele></trkpt>
      <trkpt lat="42.273862" lon="8.893795"><ele>1351.3</ele></trkpt>
      <trkpt lat="42.274207" lon="8.893542"><ele>1359.3</ele></trkpt>
      <trkpt lat="42.274677" lon="8.893497"><ele>1354.7</ele></trkpt>
      <trkpt lat="42.274972" lon="8.893403"><ele>1349.2</ele></trkpt>
      <trkpt lat="42.275212" lon="8.893218"><ele>1342.7</ele></trkpt>
      <trkpt lat="42.275352" lon="8.892684"><ele>1341.4</ele></trkpt>
      <trkpt lat="42.275288" lon="8.892234"><ele>1349.6</ele></trkpt>
      <trkpt lat="42.275259" lon="8.891882"><ele>1354.8</ele></trkpt>
      <trkpt lat="42.275269" lon="8.891520"><ele>1358.5</ele></trkpt>
      <trkpt lat="42.275232" lon="8.891211"><ele>1364.8</ele></trkpt>
      <trkpt lat="42.275269" lon="8.891021"><ele>1366.2</ele></trkpt>
      <trkpt lat="42.275280" lon="8.890997"><ele>1366.1</ele></trkpt>
      <trkpt lat="42.275340" lon="8.890871"><ele>1365.6</ele></trkpt>
      <trkpt lat="42.275464" lon="8.890764"><ele>1362.2</ele></trkpt>
      <trkpt lat="42.275866" lon="8.890632"><ele>1350.4</ele></trkpt>
      <trkpt lat="42.276031" lon="8.890361"><ele>1353.2</ele></trkpt>
      <trkpt lat="42.276136" lon="8.890277"><ele>1353.4</ele></trkpt>
      <trkpt lat="42.276260" lon="8.890280"><ele>1351.0</ele></trkpt>
      <trkpt lat="42.276461" lon="8.890351"><ele>1345.6</ele></trkpt>
      <trkpt lat="42.276822" lon="8.890294"><ele>1344.2</ele></trkpt>
      <trkpt lat="42.277059" lon="8.890366"><ele>1339.9</ele></trkpt>
      <trkpt lat="42.277290" lon="8.890355"><ele>1337.9</ele></trkpt>
      <trkpt lat="42.277448" lon="8.890210"><ele>1341.0</ele></trkpt>
      <trkpt lat="42.277629" lon="8.889684"><ele>1355.9</ele></trkpt>
      <trkpt lat="42.277719" lon="8.889577"><ele>1358.5</ele></trkpt>
      <trkpt lat="42.277792" lon="8.889559"><ele>1358.7</ele></trkpt>
      <trkpt lat="42.277980" lon="8.889610"><ele>1356.4</ele></trkpt>
      <trkpt lat="42.278148" lon="8.889668"><ele>1354.2</ele></trkpt>
      <trkpt lat="42.278291" lon="8.889467"><ele>1361.7</ele></trkpt>
      <trkpt lat="42.278469" lon="8.889533"><ele>1356.2</ele></trkpt>
      <trkpt lat="42.278700" lon="8.889417"><ele>1347.4</ele></trkpt>
      <trkpt lat="42.278906" lon="8.889358"><ele>1346.7</ele></trkpt>
      <trkpt lat="42.279135" lon="8.889209"><ele>1368.1</ele></trkpt>
      <trkpt lat="42.279209" lon="8.889213"><ele>1373.5</ele></trkpt>
      <trkpt lat="42.279252" lon="8.889216"><ele>1376.1</ele></trkpt>
      <trkpt lat="42.279388" lon="8.889316"><ele>1377.3</ele></trkpt>
      <trkpt lat="42.279506" lon="8.889494"><ele>1372.7</ele></trkpt>
      <trkpt lat="42.279658" lon="8.889570"><ele>1372.7</ele></trkpt>
      <trkpt lat="42.279726" lon="8.889747"><ele>1366.7</ele></trkpt>
      <trkpt lat="42.279857" lon="8.890025"><ele>1356.1</ele></trkpt>
      <trkpt lat="42.280056" lon="8.890189"><ele>1352.1</ele></trkpt>
      <trkpt lat="42.280764" lon="8.890794"><ele>1343.5</ele></trkpt>
      <trkpt lat="42.281492" lon="8.890972"><ele>1356.3</ele></trkpt>
      <trkpt lat="42.281657" lon="8.891441"><ele>1346.8</ele></trkpt>
      <trkpt lat="42.281866" lon="8.891837"><ele>1340.5</ele></trkpt>
      <trkpt lat="42.281940" lon="8.892023"><ele>1336.7</ele></trkpt>
      <trkpt lat="42.282070" lon="8.892040"><ele>1338.0</ele></trkpt>
      <trkpt lat="42.282297" lon="8.891986"><ele>1342.7</ele></trkpt>
      <trkpt lat="42.282566" lon="8.891859"><ele>1351.5</ele></trkpt>
      <trkpt lat="42.282676" lon="8.892214"><ele>1345.3</ele></trkpt>
      <trkpt lat="42.282940" lon="8.892488"><ele>1348.0</ele></trkpt>
      <trkpt lat="42.283026" lon="8.892725"><ele>1346.7</ele></trkpt>
      <trkpt lat="42.282974" lon="8.893280"><ele>1339.8</ele></trkpt>
      <trkpt lat="42.282920" lon="8.893977"><ele>1338.4</ele></trkpt>
      <trkpt lat="42.283124" lon="8.894865"><ele>1343.1</ele></trkpt>
      <trkpt lat="42.283311" lon="8.895153"><ele>1345.2</ele></trkpt>
      <trkpt lat="42.283363" lon="8.895217"><ele>1345.6</ele></trkpt>
      <trkpt lat="42.283431" lon="8.895219"><ele>1347.6</ele></trkpt>
      <trkpt lat="42.283517" lon="8.895013"><ele>1354.0</ele></trkpt>
      <trkpt lat="42.283665" lon="8.894867"><ele>1361.2</ele></trkpt>
      <trkpt lat="42.283826" lon="8.894720"><ele>1368.4</ele></trkpt>
      <trkpt lat="42.284252" lon="8.894807"><ele>1379.2</ele></trkpt>
      <trkpt lat="42.284757" lon="8.894490"><ele>1395.1</ele></trkpt>
      <trkpt lat="42.285039" lon="8.894292"><ele>1404.2</ele></trkpt>
      <trkpt lat="42.285348" lon="8.894212"><ele>1410.0</ele></trkpt>
      <trkpt lat="42.285539" lon="8.894184"><ele>1410.7</ele></trkpt>
      <trkpt lat="42.285660" lon="8.894232"><ele>1410.1</ele></trkpt>
      <trkpt lat="42.285869" lon="8.894519"><ele>1408.5</ele></trkpt>
      <trkpt lat="42.286056" lon="8.894677"><ele>1406.4</ele></trkpt>
      <trkpt lat="42.286403" lon="8.894680"><ele>1404.7</ele></trkpt>
      <trkpt lat="42.286421" lon="8.894371"><ele>1404.0</ele></trkpt>
      <trkpt lat="42.286458" lon="8.893773"><ele>1405.3</ele></trkpt>
      <trkpt lat="42.286501" lon="8.893126"><ele>1408.0</ele></trkpt>
      <trkpt lat="42.286525" lon="8.892832"><ele>1408.6</ele></trkpt>
      <trkpt lat="42.286561" lon="8.892405"><ele>1410.3</ele></trkpt>
      <trkpt lat="42.286588" lon="8.892130"><ele>1411.6</ele></trkpt>
      <trkpt lat="42.286627" lon="8.892004"><ele>1412.4</ele></trkpt>
      <trkpt lat="42.286681" lon="8.891889"><ele>1413.2</ele></trkpt>
      <trkpt lat="42.286756" lon="8.891790"><ele>1414.1</ele></trkpt>
      <trkpt lat="42.286848" lon="8.891725"><ele>1415.2</ele></trkpt>
      <trkpt lat="42.286962" lon="8.891703"><ele>1416.2</ele></trkpt>
      <trkpt lat="42.287019" lon="8.891701"><ele>1416.6</ele></trkpt>
      <trkpt lat="42.287122" lon="8.891744"><ele>1416.8</ele></trkpt>
      <trkpt lat="42.287249" lon="8.891815"><ele>1416.4</ele></trkpt>
      <trkpt lat="42.287292" lon="8.891827"><ele>1416.3</ele></trkpt>
      <trkpt lat="42.287353" lon="8.891844"><ele>1416.0</ele></trkpt>
      <trkpt lat="42.287492" lon="8.891844"><ele>1415.4</ele></trkpt>
      <trkpt lat="42.287603" lon="8.891785"><ele>1415.0</ele></trkpt>
      <trkpt lat="42.287686" lon="8.891694"><ele>1414.8</ele></trkpt>
      <trkpt lat="42.287759" lon="8.891531"><ele>1415.0</ele></trkpt>
      <trkpt lat="42.287963" lon="8.891575"><ele>1409.2</ele></trkpt>
      <trkpt lat="42.288122" lon="8.891181"><ele>1407.5</ele></trkpt>
      <trkpt lat="42.288137" lon="8.890427"><ele>1415.7</ele></trkpt>
      <trkpt lat="42.288818" lon="8.889287"><ele>1410.3</ele></trkpt>
      <trkpt lat="42.289207" lon="8.888874"><ele>1400.0</ele></trkpt>
      <trkpt lat="42.289234" lon="8.888453"><ele>1399.0</ele></trkpt>
      <trkpt lat="42.289282" lon="8.887897"><ele>1398.4</ele></trkpt>
      <trkpt lat="42.289441" lon="8.887124"><ele>1394.2</ele></trkpt>
      <trkpt lat="42.289313" lon="8.886683"><ele>1402.8</ele></trkpt>
      <trkpt lat="42.288943" lon="8.886306"><ele>1417.3</ele></trkpt>
      <trkpt lat="42.288868" lon="8.886128"><ele>1421.2</ele></trkpt>
      <trkpt lat="42.288908" lon="8.885887"><ele>1422.7</ele></trkpt>
      <trkpt lat="42.289352" lon="8.885320"><ele>1418.6</ele></trkpt>
      <trkpt lat="42.289607" lon="8.884641"><ele>1416.7</ele></trkpt>
      <trkpt lat="42.290151" lon="8.884042"><ele>1404.9</ele></trkpt>
      <trkpt lat="42.290364" lon="8.883472"><ele>1408.7</ele></trkpt>
      <trkpt lat="42.290415" lon="8.882918"><ele>1419.5</ele></trkpt>
      <trkpt lat="42.290819" lon="8.882172"><ele>1427.3</ele></trkpt>
      <trkpt lat="42.290957" lon="8.882122"><ele>1426.6</ele></trkpt>
      <trkpt lat="42.291224" lon="8.882346"><ele>1420.9</ele></trkpt>
      <trkpt lat="42.291494" lon="8.882374"><ele>1421.5</ele></trkpt>
      <trkpt lat="42.291760" lon="8.882762"><ele>1416.7</ele></trkpt>
      <trkpt lat="42.291808" lon="8.882781"><ele>1416.7</ele></trkpt>
      <trkpt lat="42.291856" lon="8.882756"><ele>1417.4</ele></trkpt>
      <trkpt lat="42.291940" lon="8.882643"><ele>1419.8</ele></trkpt>
      <trkpt lat="42.292265" lon="8.882528"><ele>1422.7</ele></trkpt>
      <trkpt lat="42.292462" lon="8.882369"><ele>1425.8</ele></trkpt>
      <trkpt lat="42.292794" lon="8.882327"><ele>1427.4</ele></trkpt>
      <trkpt lat="42.293115" lon="8.882185"><ele>1429.9</ele></trkpt>
      <trkpt lat="42.293615" lon="8.882314"><ele>1424.1</ele></trkpt>
      <trkpt lat="42.294152" lon="8.882046"><ele>1425.5</ele></trkpt>
      <trkpt lat="42.294679" lon="8.881725"><ele>1434.6</ele></trkpt>
      <trkpt lat="42.295429" lon="8.882276"><ele>1416.7</ele></trkpt>
      <trkpt lat="42.295712" lon="8.882463"><ele>1407.3</ele></trkpt>
      <trkpt lat="42.295990" lon="8.882532"><ele>1401.8</ele></trkpt>
      <trkpt lat="42.296161" lon="8.882350"><ele>1403.5</ele></trkpt>
      <trkpt lat="42.296435" lon="8.882085"><ele>1401.5</ele></trkpt>
      <trkpt lat="42.297009" lon="8.881435"><ele>1393.1</ele></trkpt>
      <trkpt lat="42.297083" lon="8.881090"><ele>1394.6</ele></trkpt>
      <trkpt lat="42.297096" lon="8.880861"><ele>1397.0</ele></trkpt>
      <trkpt lat="42.297116" lon="8.880699"><ele>1398.7</ele></trkpt>
      <trkpt lat="42.297466" lon="8.880410"><ele>1396.4</ele></trkpt>
      <trkpt lat="42.297716" lon="8.880377"><ele>1394.3</ele></trkpt>
      <trkpt lat="42.297844" lon="8.880632"><ele>1389.4</ele></trkpt>
      <trkpt lat="42.298205" lon="8.880609"><ele>1389.1</ele></trkpt>
      <trkpt lat="42.298706" lon="8.881035"><ele>1381.4</ele></trkpt>
      <trkpt lat="42.299011" lon="8.881298"><ele>1378.2</ele></trkpt>
      <trkpt lat="42.299355" lon="8.881609"><ele>1376.4</ele></trkpt>
      <trkpt lat="42.299528" lon="8.881776"><ele>1375.7</ele></trkpt>
      <trkpt lat="42.299661" lon="8.881866"><ele>1376.4</ele></trkpt>
      <trkpt lat="42.299848" lon="8.881996"><ele>1375.6</ele></trkpt>
      <trkpt lat="42.300006" lon="8.882237"><ele>1370.8</ele></trkpt>
      <trkpt lat="42.300052" lon="8.882355"><ele>1368.8</ele></trkpt>
      <trkpt lat="42.300082" lon="8.882396"><ele>1368.1</ele></trkpt>
      <trkpt lat="42.300109" lon="8.882423"><ele>1367.7</ele></trkpt>
      <trkpt lat="42.300143" lon="8.882419"><ele>1367.6</ele></trkpt>
      <trkpt lat="42.300164" lon="8.882385"><ele>1368.0</ele></trkpt>
      <trkpt lat="42.300199" lon="8.882167"><ele>1371.6</ele></trkpt>
      <trkpt lat="42.300258" lon="8.881899"><ele>1376.6</ele></trkpt>
      <trkpt lat="42.300442" lon="8.881500"><ele>1380.8</ele></trkpt>
      <trkpt lat="42.300576" lon="8.881282"><ele>1380.8</ele></trkpt>
      <trkpt lat="42.300610" lon="8.881128"><ele>1382.6</ele></trkpt>
      <trkpt lat="42.300806" lon="8.880885"><ele>1380.0</ele></trkpt>
      <trkpt lat="42.300895" lon="8.880611"><ele>1381.9</ele></trkpt>
      <trkpt lat="42.301099" lon="8.880130"><ele>1380.2</ele></trkpt>
      <trkpt lat="42.301207" lon="8.879989"><ele>1377.0</ele></trkpt>
      <trkpt lat="42.301392" lon="8.879697"><ele>1373.3</ele></trkpt>
      <trkpt lat="42.301428" lon="8.879621"><ele>1373.0</ele></trkpt>
      <trkpt lat="42.301521" lon="8.879301"><ele>1374.4</ele></trkpt>
      <trkpt lat="42.301695" lon="8.878989"><ele>1371.8</ele></trkpt>
      <trkpt lat="42.301819" lon="8.878713"><ele>1370.5</ele></trkpt>
      <trkpt lat="42.301875" lon="8.878366"><ele>1373.7</ele></trkpt>
      <trkpt lat="42.301901" lon="8.878178"><ele>1376.2</ele></trkpt>
      <trkpt lat="42.301843" lon="8.877914"><ele>1382.5</ele></trkpt>
      <trkpt lat="42.302102" lon="8.877775"><ele>1373.3</ele></trkpt>
      <trkpt lat="42.302135" lon="8.877655"><ele>1374.9</ele></trkpt>
      <trkpt lat="42.302182" lon="8.877486"><ele>1376.4</ele></trkpt>
      <trkpt lat="42.302356" lon="8.877119"><ele>1378.1</ele></trkpt>
      <trkpt lat="42.302509" lon="8.877026"><ele>1375.0</ele></trkpt>
      <trkpt lat="42.302600" lon="8.876967"><ele>1373.3</ele></trkpt>
      <trkpt lat="42.302674" lon="8.876940"><ele>1371.7</ele></trkpt>
      <trkpt lat="42.302727" lon="8.876916"><ele>1370.8</ele></trkpt>
      <trkpt lat="42.302792" lon="8.876842"><ele>1371.0</ele></trkpt>
      <trkpt lat="42.302809" lon="8.876764"><ele>1372.5</ele></trkpt>
      <trkpt lat="42.302846" lon="8.876691"><ele>1373.3</ele></trkpt>
      <trkpt lat="42.302871" lon="8.876634"><ele>1374.0</ele></trkpt>
      <trkpt lat="42.302912" lon="8.876607"><ele>1373.5</ele></trkpt>
      <trkpt lat="42.302951" lon="8.876574"><ele>1373.3</ele></trkpt>
      <trkpt lat="42.303000" lon="8.876507"><ele>1373.7</ele></trkpt>
      <trkpt lat="42.303018" lon="8.876393"><ele>1376.1</ele></trkpt>
      <trkpt lat="42.303015" lon="8.876286"><ele>1378.8</ele></trkpt>
      <trkpt lat="42.303043" lon="8.876180"><ele>1380.9</ele></trkpt>
      <trkpt lat="42.303072" lon="8.876072"><ele>1383.1</ele></trkpt>
      <trkpt lat="42.303063" lon="8.876017"><ele>1384.9</ele></trkpt>
      <trkpt lat="42.303042" lon="8.875960"><ele>1387.0</ele></trkpt>
      <trkpt lat="42.302998" lon="8.875942"><ele>1388.7</ele></trkpt>
      <trkpt lat="42.302976" lon="8.875892"><ele>1390.8</ele></trkpt>
      <trkpt lat="42.302974" lon="8.875837"><ele>1392.6</ele></trkpt>
      <trkpt lat="42.302965" lon="8.875667"><ele>1398.3</ele></trkpt>
      <trkpt lat="42.302973" lon="8.875612"><ele>1399.8</ele></trkpt>
      <trkpt lat="42.302974" lon="8.875566"><ele>1401.3</ele></trkpt>
      <trkpt lat="42.302977" lon="8.875511"><ele>1403.0</ele></trkpt>
      <trkpt lat="42.303006" lon="8.875484"><ele>1403.0</ele></trkpt>
      <trkpt lat="42.303016" lon="8.875444"><ele>1404.0</ele></trkpt>
      <trkpt lat="42.303040" lon="8.875428"><ele>1403.9</ele></trkpt>
      <trkpt lat="42.303044" lon="8.875385"><ele>1405.2</ele></trkpt>
      <trkpt lat="42.303058" lon="8.875352"><ele>1406.0</ele></trkpt>
      <trkpt lat="42.303092" lon="8.875328"><ele>1406.0</ele></trkpt>
      <trkpt lat="42.303154" lon="8.875314"><ele>1405.3</ele></trkpt>
      <trkpt lat="42.303192" lon="8.875275"><ele>1405.9</ele></trkpt>
      <trkpt lat="42.303301" lon="8.875147"><ele>1408.6</ele></trkpt>
      <trkpt lat="42.303341" lon="8.875075"><ele>1410.4</ele></trkpt>
      <trkpt lat="42.303363" lon="8.875005"><ele>1412.2</ele></trkpt>
      <trkpt lat="42.303378" lon="8.874931"><ele>1414.1</ele></trkpt>
      <trkpt lat="42.303401" lon="8.874891"><ele>1415.1</ele></trkpt>
      <trkpt lat="42.303435" lon="8.874867"><ele>1415.8</ele></trkpt>
      <trkpt lat="42.303503" lon="8.874878"><ele>1415.7</ele></trkpt>
      <trkpt lat="42.303536" lon="8.875002"><ele>1412.5</ele></trkpt>
      <trkpt lat="42.303608" lon="8.875175"><ele>1408.3</ele></trkpt>
      <trkpt lat="42.303657" lon="8.875200"><ele>1408.3</ele></trkpt>
      <trkpt lat="42.303717" lon="8.875301"><ele>1406.3</ele></trkpt>
      <trkpt lat="42.303720" lon="8.875362"><ele>1404.3</ele></trkpt>
      <trkpt lat="42.303828" lon="8.875459"><ele>1403.6</ele></trkpt>
      <trkpt lat="42.303920" lon="8.875570"><ele>1402.4</ele></trkpt>
      <trkpt lat="42.303972" lon="8.875602"><ele>1402.9</ele></trkpt>
      <trkpt lat="42.304011" lon="8.875577"><ele>1405.1</ele></trkpt>
      <trkpt lat="42.304040" lon="8.875556"><ele>1406.8</ele></trkpt>
      <trkpt lat="42.304079" lon="8.875575"><ele>1407.5</ele></trkpt>
      <trkpt lat="42.304150" lon="8.875619"><ele>1408.4</ele></trkpt>
      <trkpt lat="42.304175" lon="8.875669"><ele>1407.3</ele></trkpt>
      <trkpt lat="42.304192" lon="8.875692"><ele>1406.9</ele></trkpt>
      <trkpt lat="42.304223" lon="8.875690"><ele>1408.2</ele></trkpt>
      <trkpt lat="42.304254" lon="8.875676"><ele>1410.0</ele></trkpt>
      <trkpt lat="42.304322" lon="8.875686"><ele>1412.3</ele></trkpt>
      <trkpt lat="42.304383" lon="8.875719"><ele>1413.3</ele></trkpt>
      <trkpt lat="42.304448" lon="8.875774"><ele>1413.2</ele></trkpt>
      <trkpt lat="42.304493" lon="8.875868"><ele>1410.7</ele></trkpt>
      <trkpt lat="42.304618" lon="8.876065"><ele>1406.6</ele></trkpt>
      <trkpt lat="42.304678" lon="8.876099"><ele>1407.4</ele></trkpt>
      <trkpt lat="42.304705" lon="8.876167"><ele>1405.3</ele></trkpt>
      <trkpt lat="42.304708" lon="8.876231"><ele>1402.5</ele></trkpt>
      <trkpt lat="42.304741" lon="8.876282"><ele>1401.6</ele></trkpt>
      <trkpt lat="42.304780" lon="8.876337"><ele>1401.0</ele></trkpt>
      <trkpt lat="42.304792" lon="8.876407"><ele>1398.6</ele></trkpt>
      <trkpt lat="42.304842" lon="8.876448"><ele>1399.2</ele></trkpt>
      <trkpt lat="42.304896" lon="8.876477"><ele>1400.3</ele></trkpt>
      <trkpt lat="42.305006" lon="8.876471"><ele>1404.7</ele></trkpt>
      <trkpt lat="42.305180" lon="8.876671"><ele>1404.3</ele></trkpt>
      <trkpt lat="42.305404" lon="8.876902"><ele>1406.9</ele></trkpt>
      <trkpt lat="42.305514" lon="8.877050"><ele>1406.9</ele></trkpt>
      <trkpt lat="42.305710" lon="8.877131"><ele>1405.9</ele></trkpt>
      <trkpt lat="42.305851" lon="8.877069"><ele>1411.6</ele></trkpt>
      <trkpt lat="42.306008" lon="8.877084"><ele>1413.3</ele></trkpt>
      <trkpt lat="42.306080" lon="8.877168"><ele>1408.6</ele></trkpt>
      <trkpt lat="42.306189" lon="8.877180"><ele>1410.8</ele></trkpt>
      <trkpt lat="42.306328" lon="8.877200"><ele>1413.1</ele></trkpt>
      <trkpt lat="42.306332" lon="8.877369"><ele>1408.8</ele></trkpt>
      <trkpt lat="42.306397" lon="8.877606"><ele>1411.3</ele></trkpt>
      <trkpt lat="42.306455" lon="8.877604"><ele>1413.8</ele></trkpt>
      <trkpt lat="42.306472" lon="8.877629"><ele>1415.2</ele></trkpt>
      <trkpt lat="42.306424" lon="8.877692"><ele>1414.9</ele></trkpt>
      <trkpt lat="42.306479" lon="8.877733"><ele>1418.9</ele></trkpt>
      <trkpt lat="42.306659" lon="8.877669"><ele>1425.7</ele></trkpt>
      <trkpt lat="42.306889" lon="8.877594"><ele>1432.8</ele></trkpt>
      <trkpt lat="42.306957" lon="8.877612"><ele>1435.6</ele></trkpt>
      <trkpt lat="42.307015" lon="8.877595"><ele>1437.2</ele></trkpt>
      <trkpt lat="42.307143" lon="8.877576"><ele>1441.0</ele></trkpt>
      <trkpt lat="42.307205" lon="8.877530"><ele>1442.0</ele></trkpt>
      <trkpt lat="42.307405" lon="8.877486"><ele>1446.1</ele></trkpt>
      <trkpt lat="42.307548" lon="8.877419"><ele>1447.1</ele></trkpt>
      <trkpt lat="42.307771" lon="8.877362"><ele>1450.3</ele></trkpt>
      <trkpt lat="42.307963" lon="8.877198"><ele>1450.4</ele></trkpt>
      <trkpt lat="42.308023" lon="8.877187"><ele>1451.2</ele></trkpt>
      <trkpt lat="42.307989" lon="8.877337"><ele>1454.1</ele></trkpt>
      <trkpt lat="42.308044" lon="8.877337"><ele>1455.3</ele></trkpt>
      <trkpt lat="42.308148" lon="8.877241"><ele>1455.0</ele></trkpt>
      <trkpt lat="42.308254" lon="8.877042"><ele>1453.9</ele></trkpt>
      <trkpt lat="42.308334" lon="8.877057"><ele>1456.1</ele></trkpt>
      <trkpt lat="42.308453" lon="8.876922"><ele>1457.8</ele></trkpt>
      <trkpt lat="42.308498" lon="8.876869"><ele>1458.6</ele></trkpt>
      <trkpt lat="42.308570" lon="8.876769"><ele>1460.4</ele></trkpt>
      <trkpt lat="42.308643" lon="8.876760"><ele>1463.5</ele></trkpt>
      <trkpt lat="42.308741" lon="8.876671"><ele>1467.4</ele></trkpt>
      <trkpt lat="42.308821" lon="8.876513"><ele>1470.1</ele></trkpt>
      <trkpt lat="42.308866" lon="8.876513"><ele>1472.7</ele></trkpt>
      <trkpt lat="42.308883" lon="8.876449"><ele>1472.7</ele></trkpt>
      <trkpt lat="42.308925" lon="8.876447"><ele>1475.0</ele></trkpt>
      <trkpt lat="42.308943" lon="8.876380"><ele>1474.5</ele></trkpt>
      <trkpt lat="42.309016" lon="8.876329"><ele>1477.3</ele></trkpt>
      <trkpt lat="42.309121" lon="8.876134"><ele>1478.0</ele></trkpt>
      <trkpt lat="42.309342" lon="8.875778"><ele>1487.5</ele></trkpt>
      <trkpt lat="42.309422" lon="8.875733"><ele>1493.7</ele></trkpt>
      <trkpt lat="42.309503" lon="8.875647"><ele>1496.8</ele></trkpt>
      <trkpt lat="42.309588" lon="8.875393"><ele>1496.3</ele></trkpt>
      <trkpt lat="42.309667" lon="8.875345"><ele>1500.3</ele></trkpt>
      <trkpt lat="42.309709" lon="8.875261"><ele>1498.8</ele></trkpt>
      <trkpt lat="42.309790" lon="8.875308"><ele>1503.5</ele></trkpt>
      <trkpt lat="42.309865" lon="8.875207"><ele>1500.8</ele></trkpt>
      <trkpt lat="42.309902" lon="8.875341"><ele>1509.5</ele></trkpt>
      <trkpt lat="42.309955" lon="8.875262"><ele>1509.3</ele></trkpt>
      <trkpt lat="42.310026" lon="8.875003"><ele>1510.0</ele></trkpt>
      <trkpt lat="42.310011" lon="8.874905"><ele>1508.4</ele></trkpt>
      <trkpt lat="42.309971" lon="8.874830"><ele>1505.6</ele></trkpt>
      <trkpt lat="42.310060" lon="8.874444"><ele>1517.7</ele></trkpt>
      <trkpt lat="42.310022" lon="8.874055"><ele>1522.4</ele></trkpt>
      <trkpt lat="42.309994" lon="8.873957"><ele>1523.1</ele></trkpt>
      <trkpt lat="42.310007" lon="8.873668"><ele>1527.6</ele></trkpt>
      <trkpt lat="42.309901" lon="8.873327"><ele>1530.5</ele></trkpt>
      <trkpt lat="42.309909" lon="8.873205"><ele>1533.8</ele></trkpt>
      <trkpt lat="42.309882" lon="8.873086"><ele>1535.3</ele></trkpt>
      <trkpt lat="42.309918" lon="8.872982"><ele>1536.1</ele></trkpt>
      <trkpt lat="42.310029" lon="8.872879"><ele>1538.5</ele></trkpt>
      <trkpt lat="42.310038" lon="8.872666"><ele>1540.0</ele></trkpt>
      <trkpt lat="42.310040" lon="8.872423"><ele>1541.2</ele></trkpt>
      <trkpt lat="42.310001" lon="8.872212"><ele>1541.4</ele></trkpt>
      <trkpt lat="42.310096" lon="8.872165"><ele>1543.4</ele></trkpt>
      <trkpt lat="42.310076" lon="8.871892"><ele>1544.0</ele></trkpt>
      <trkpt lat="42.310080" lon="8.871780"><ele>1544.4</ele></trkpt>
      <trkpt lat="42.310219" lon="8.871677"><ele>1547.9</ele></trkpt>
      <trkpt lat="42.310218" lon="8.871530"><ele>1547.7</ele></trkpt>
      <trkpt lat="42.310185" lon="8.871445"><ele>1546.4</ele></trkpt>
      <trkpt lat="42.310220" lon="8.871200"><ele>1546.7</ele></trkpt>
      <trkpt lat="42.310223" lon="8.870846"><ele>1543.3</ele></trkpt>
      <trkpt lat="42.310210" lon="8.870751"><ele>1544.1</ele></trkpt>
      <trkpt lat="42.310192" lon="8.870697"><ele>1545.4</ele></trkpt>
      <trkpt lat="42.310307" lon="8.870548"><ele>1547.8</ele></trkpt>
      <trkpt lat="42.310485" lon="8.870473"><ele>1547.3</ele></trkpt>
      <trkpt lat="42.310536" lon="8.870382"><ele>1550.6</ele></trkpt>
      <trkpt lat="42.310631" lon="8.870294"><ele>1555.3</ele></trkpt>
      <trkpt lat="42.310680" lon="8.870240"><ele>1558.1</ele></trkpt>
      <trkpt lat="42.310814" lon="8.870187"><ele>1561.6</ele></trkpt>
      <trkpt lat="42.310901" lon="8.870097"><ele>1565.3</ele></trkpt>
      <trkpt lat="42.311018" lon="8.870035"><ele>1568.0</ele></trkpt>
      <trkpt lat="42.311070" lon="8.870027"><ele>1568.4</ele></trkpt>
      <trkpt lat="42.311210" lon="8.869882"><ele>1574.8</ele></trkpt>
      <trkpt lat="42.311298" lon="8.869828"><ele>1576.8</ele></trkpt>
      <trkpt lat="42.311350" lon="8.869732"><ele>1579.3</ele></trkpt>
      <trkpt lat="42.311417" lon="8.869697"><ele>1580.1</ele></trkpt>
      <trkpt lat="42.311501" lon="8.869565"><ele>1583.8</ele></trkpt>
      <trkpt lat="42.311548" lon="8.869444"><ele>1586.5</ele></trkpt>
      <trkpt lat="42.311591" lon="8.869381"><ele>1587.4</ele></trkpt>
      <trkpt lat="42.311689" lon="8.869312"><ele>1588.0</ele></trkpt>
      <trkpt lat="42.311997" lon="8.869222"><ele>1587.9</ele></trkpt>
      <trkpt lat="42.312146" lon="8.869105"><ele>1587.5</ele></trkpt>
      <trkpt lat="42.312262" lon="8.869048"><ele>1586.8</ele></trkpt>
      <trkpt lat="42.312325" lon="8.868985"><ele>1587.4</ele></trkpt>
      <trkpt lat="42.312441" lon="8.868860"><ele>1587.4</ele></trkpt>
      <trkpt lat="42.312469" lon="8.868774"><ele>1589.3</ele></trkpt>
      <trkpt lat="42.312545" lon="8.868767"><ele>1588.4</ele></trkpt>
      <trkpt lat="42.312604" lon="8.868770"><ele>1587.9</ele></trkpt>
      <trkpt lat="42.312711" lon="8.868710"><ele>1588.3</ele></trkpt>
      <trkpt lat="42.312794" lon="8.868653"><ele>1588.4</ele></trkpt>
      <trkpt lat="42.312913" lon="8.868543"><ele>1589.1</ele></trkpt>
      <trkpt lat="42.313001" lon="8.868538"><ele>1588.2</ele></trkpt>
      <trkpt lat="42.313145" lon="8.868441"><ele>1587.9</ele></trkpt>
      <trkpt lat="42.313219" lon="8.868425"><ele>1587.3</ele></trkpt>
      <trkpt lat="42.313290" lon="8.868257"><ele>1588.4</ele></trkpt>
      <trkpt lat="42.313429" lon="8.868215"><ele>1587.6</ele></trkpt>
      <trkpt lat="42.313600" lon="8.868162"><ele>1588.7</ele></trkpt>
      <trkpt lat="42.313867" lon="8.868170"><ele>1589.7</ele></trkpt>
      <trkpt lat="42.313944" lon="8.868145"><ele>1590.8</ele></trkpt>
      <trkpt lat="42.314155" lon="8.868175"><ele>1591.0</ele></trkpt>
      <trkpt lat="42.314267" lon="8.868136"><ele>1592.6</ele></trkpt>
      <trkpt lat="42.314378" lon="8.868123"><ele>1594.5</ele></trkpt>
      <trkpt lat="42.314548" lon="8.868154"><ele>1596.2</ele></trkpt>
      <trkpt lat="42.314702" lon="8.868167"><ele>1596.2</ele></trkpt>
      <trkpt lat="42.315228" lon="8.868196"><ele>1600.7</ele></trkpt>
      <trkpt lat="42.315334" lon="8.868061"><ele>1605.7</ele></trkpt>
      <trkpt lat="42.315504" lon="8.867956"><ele>1610.1</ele></trkpt>
      <trkpt lat="42.315653" lon="8.867976"><ele>1611.4</ele></trkpt>
      <trkpt lat="42.315758" lon="8.867963"><ele>1612.8</ele></trkpt>
      <trkpt lat="42.315907" lon="8.867910"><ele>1615.3</ele></trkpt>
      <trkpt lat="42.316039" lon="8.867934"><ele>1616.0</ele></trkpt>
      <trkpt lat="42.316228" lon="8.868013"><ele>1616.0</ele></trkpt>
      <trkpt lat="42.316373" lon="8.867985"><ele>1616.9</ele></trkpt>
      <trkpt lat="42.316390" lon="8.868104"><ele>1615.9</ele></trkpt>
      <trkpt lat="42.316507" lon="8.868137"><ele>1615.8</ele></trkpt>
      <trkpt lat="42.316776" lon="8.868131"><ele>1616.9</ele></trkpt>
      <trkpt lat="42.317076" lon="8.868132"><ele>1619.7</ele></trkpt>
      <trkpt lat="42.317239" lon="8.868128"><ele>1620.8</ele></trkpt>
      <trkpt lat="42.317519" lon="8.868133"><ele>1625.1</ele></trkpt>
      <trkpt lat="42.317704" lon="8.868113"><ele>1632.7</ele></trkpt>
      <trkpt lat="42.317868" lon="8.868206"><ele>1635.7</ele></trkpt>
      <trkpt lat="42.318020" lon="8.868453"><ele>1639.2</ele></trkpt>
      <trkpt lat="42.318094" lon="8.868506"><ele>1641.0</ele></trkpt>
      <trkpt lat="42.318195" lon="8.868560"><ele>1643.3</ele></trkpt>
      <trkpt lat="42.318222" lon="8.868630"><ele>1643.4</ele></trkpt>
      <trkpt lat="42.318363" lon="8.868806"><ele>1645.7</ele></trkpt>
      <trkpt lat="42.318464" lon="8.868976"><ele>1648.0</ele></trkpt>
      <trkpt lat="42.318585" lon="8.869023"><ele>1650.4</ele></trkpt>
      <trkpt lat="42.318704" lon="8.869169"><ele>1651.5</ele></trkpt>
      <trkpt lat="42.319037" lon="8.869325"><ele>1654.0</ele></trkpt>
      <trkpt lat="42.319273" lon="8.869523"><ele>1653.8</ele></trkpt>
      <trkpt lat="42.320091" lon="8.869513"><ele>1658.8</ele></trkpt>
      <trkpt lat="42.320598" lon="8.869370"><ele>1663.0</ele></trkpt>
      <trkpt lat="42.321263" lon="8.869313"><ele>1664.0</ele></trkpt>
      <trkpt lat="42.321619" lon="8.869157"><ele>1664.8</ele></trkpt>
      <trkpt lat="42.322059" lon="8.869120"><ele>1668.5</ele></trkpt>
      <trkpt lat="42.322188" lon="8.869109"><ele>1669.9</ele></trkpt>
      <trkpt lat="42.322386" lon="8.869110"><ele>1671.5</ele></trkpt>
      <trkpt lat="42.322503" lon="8.869184"><ele>1669.7</ele></trkpt>
      <trkpt lat="42.322886" lon="8.868890"><ele>1676.6</ele></trkpt>
      <trkpt lat="42.323134" lon="8.868805"><ele>1680.4</ele></trkpt>
      <trkpt lat="42.323400" lon="8.868423"><ele>1691.5</ele></trkpt>
      <trkpt lat="42.323373" lon="8.868265"><ele>1697.3</ele></trkpt>
      <trkpt lat="42.323451" lon="8.868086"><ele>1703.4</ele></trkpt>
      <trkpt lat="42.323560" lon="8.867887"><ele>1710.9</ele></trkpt>
      <trkpt lat="42.323533" lon="8.867841"><ele>1712.8</ele></trkpt>
      <trkpt lat="42.323498" lon="8.867573"><ele>1720.4</ele></trkpt>
      <trkpt lat="42.323563" lon="8.867440"><ele>1723.5</ele></trkpt>
      <trkpt lat="42.323434" lon="8.866979"><ele>1737.4</ele></trkpt>
      <trkpt lat="42.323394" lon="8.866333"><ele>1755.5</ele></trkpt>
      <trkpt lat="42.323477" lon="8.866080"><ele>1762.1</ele></trkpt>
      <trkpt lat="42.323384" lon="8.865839"><ele>1771.1</ele></trkpt>
      <trkpt lat="42.323347" lon="8.865743"><ele>1774.8</ele></trkpt>
      <trkpt lat="42.323114" lon="8.865401"><ele>1787.9</ele></trkpt>
      <trkpt lat="42.323031" lon="8.864913"><ele>1800.5</ele></trkpt>
      <trkpt lat="42.323009" lon="8.864857"><ele>1801.5</ele></trkpt>
      <trkpt lat="42.322897" lon="8.864568"><ele>1806.7</ele></trkpt>
      <trkpt lat="42.322984" lon="8.864070"><ele>1815.1</ele></trkpt>
      <trkpt lat="42.323181" lon="8.863594"><ele>1822.8</ele></trkpt>
      <trkpt lat="42.323340" lon="8.863087"><ele>1832.4</ele></trkpt>
      <trkpt lat="42.323472" lon="8.862604"><ele>1840.5</ele></trkpt>
      <trkpt lat="42.323648" lon="8.862178"><ele>1843.4</ele></trkpt>
      <trkpt lat="42.323992" lon="8.861571"><ele>1848.0</ele></trkpt>
      <trkpt lat="42.324104" lon="8.861302"><ele>1852.1</ele></trkpt>
      <trkpt lat="42.324180" lon="8.861201"><ele>1853.9</ele></trkpt>
      <trkpt lat="42.324522" lon="8.861093"><ele>1856.2</ele></trkpt>
      <trkpt lat="42.324801" lon="8.860799"><ele>1863.9</ele></trkpt>
      <trkpt lat="42.325089" lon="8.860623"><ele>1868.2</ele></trkpt>
      <trkpt lat="42.325392" lon="8.860580"><ele>1869.1</ele></trkpt>
      <trkpt lat="42.325959" lon="8.860627"><ele>1871.9</ele></trkpt>
      <trkpt lat="42.326302" lon="8.860758"><ele>1878.2</ele></trkpt>
      <trkpt lat="42.326778" lon="8.860707"><ele>1888.6</ele></trkpt>
      <trkpt lat="42.327731" lon="8.861276"><ele>1918.4</ele></trkpt>
      <trkpt lat="42.327817" lon="8.861259"><ele>1919.6</ele></trkpt>
      <trkpt lat="42.328010" lon="8.861479"><ele>1924.2</ele></trkpt>
      <trkpt lat="42.328311" lon="8.861640"><ele>1929.2</ele></trkpt>
      <trkpt lat="42.328400" lon="8.861619"><ele>1930.3</ele></trkpt>
      <trkpt lat="42.328843" lon="8.861734"><ele>1936.5</ele></trkpt>
      <trkpt lat="42.329920" lon="8.861626"><ele>1937.1</ele></trkpt>
      <trkpt lat="42.330193" lon="8.861599"><ele>1938.2</ele></trkpt>
      <trkpt lat="42.330919" lon="8.861789"><ele>1946.3</ele></trkpt>
      <trkpt lat="42.331171" lon="8.862101"><ele>1950.7</ele></trkpt>
      <trkpt lat="42.331416" lon="8.862239"><ele>1960.5</ele></trkpt>
      <trkpt lat="42.332012" lon="8.862909"><ele>1982.6</ele></trkpt>
      <trkpt lat="42.333210" lon="8.863940"><ele>2011.3</ele></trkpt>
      <trkpt lat="42.333289" lon="8.864081"><ele>2010.5</ele></trkpt>
      <trkpt lat="42.333495" lon="8.864448"><ele>2009.4</ele></trkpt>
      <trkpt lat="42.333764" lon="8.864862"><ele>2011.8</ele></trkpt>
      <trkpt lat="42.334293" lon="8.866101"><ele>2013.1</ele></trkpt>
      <trkpt lat="42.334509" lon="8.866782"><ele>2005.3</ele></trkpt>
      <trkpt lat="42.334527" lon="8.866922"><ele>2002.3</ele></trkpt>
      <trkpt lat="42.334523" lon="8.866949"><ele>2001.3</ele></trkpt>
      <trkpt lat="42.334513" lon="8.867006"><ele>1999.3</ele></trkpt>
      <trkpt lat="42.334516" lon="8.867111"><ele>1996.7</ele></trkpt>
      <trkpt lat="42.334533" lon="8.867215"><ele>1994.9</ele></trkpt>
      <trkpt lat="42.334573" lon="8.867308"><ele>1994.3</ele></trkpt>
      <trkpt lat="42.334623" lon="8.867370"><ele>1995.0</ele></trkpt>
      <trkpt lat="42.334719" lon="8.867536"><ele>1994.5</ele></trkpt>
      <trkpt lat="42.334877" lon="8.867783"><ele>1994.4</ele></trkpt>
      <trkpt lat="42.334982" lon="8.867956"><ele>1993.9</ele></trkpt>
    </trkseg></trk></gpx>